ISO-10303-21;
HEADER;
FILE_DESCRIPTION (( 'STEP AP203' ),
    '1' );
FILE_NAME ('11.4T2651.STEP',
    '2025-11-04T07:57:46',
    ( '' ),
    ( '' ),
    'SwSTEP 2.0',
    'SolidWorks 2022',
    '' );
FILE_SCHEMA (( 'CONFIG_CONTROL_DESIGN' ));
ENDSEC;

DATA;
#1 = CARTESIAN_POINT ( 'NONE',  ( 16.62182280506487331, -10.11105903668560480, 71.92680930140627993 ) ) ;
#2 = CARTESIAN_POINT ( 'NONE',  ( 15.71054519343669575, -7.330748341189122108, 19.77506116471404241 ) ) ;
#3 = CARTESIAN_POINT ( 'NONE',  ( -18.69324228305674040, -8.171120206182449053, 17.40056419315435932 ) ) ;
#4 = CARTESIAN_POINT ( 'NONE',  ( -32.48356571015310124, -5.716974938917269711, 41.07605230058886292 ) ) ;
#5 = VERTEX_POINT ( 'NONE', #3012 ) ;
#6 = CARTESIAN_POINT ( 'NONE',  ( -18.33510493990009849, -4.643038820814938461, 70.98893072006430316 ) ) ;
#7 = CARTESIAN_POINT ( 'NONE',  ( 17.24654980347098032, 0.8283807256125151897, 17.19549950137311001 ) ) ;
#8 = CARTESIAN_POINT ( 'NONE',  ( -14.88900679390809501, -5.442494688748301002, 69.03125889299565188 ) ) ;
#9 = VERTEX_POINT ( 'NONE', #2504 ) ;
#10 = B_SPLINE_CURVE_WITH_KNOTS ( 'NONE', 3,
 ( #2656, #641, #3506, #3487, #2639, #1506, #2365, #3169, #402, #1524, #2042, #1783, #3149, #3131, #660, #2331, #2888, #625, #383, #968, #2096, #1209, #1748, #1540, #3447, #1765, #3189, #3210, #2851, #1467, #1226, #697, #2311, #3430, #2926, #418, #910, #2601, #2870, #94, #364, #1486, #2622, #2348, #1579, #2963, #750, #3265, #2132, #2744, #2114, #1895, #1880, #2456, #1285, #2982, #3282, #3300, #186, #784, #1003, #767, #1916, #235, #2711, #2694, #217, #2998, #1018, #477, #2168, #1634, #3244, #1351, #3576, #1618, #1599, #1334, #2151, #494, #2727, #716, #733, #1861, #1052, #2472, #2406, #2185, #1302, #2424, #2438, #459, #3542, #3592, #512 ),
 .UNSPECIFIED., .F., .F.,
 ( 4, 2, 2, 1, 1, 1, 2, 2, 2, 2, 2, 1, 1, 2, 2, 2, 2, 1, 1, 1, 2, 2, 2, 2, 1, 1, 2, 2, 2, 2, 2, 1, 1, 1, 2, 2, 2, 2, 1, 1, 1, 2, 2, 2, 2, 2, 1, 2, 2, 2, 2, 2, 1, 1, 2, 2, 4 ),
 ( 0.000000000000000000, 0.06249999999995853317, 0.09374999999993793853, 0.1093749999999277522, 0.1171874999999226452, 0.1210937499999198697, 0.1230468749999185651, 0.1249999999999172606, 0.1874999999998772648, 0.2187499999998572531, 0.2343749999998470390, 0.2421874999998415712, 0.2460937499998391287, 0.2480468749998380185, 0.2499999999998368527, 0.2812499999998202549, 0.2968749999998119837, 0.3046874999998074873, 0.3085937499998054889, 0.3105468749998042677, 0.3115234374998043787, 0.3124999999998044342, 0.3437499999998052114, 0.3593749999998061551, 0.3671874999998065991, 0.3710937499998067102, 0.3730468749998067102, 0.3749999999998067657, 0.4999999999998403499, 0.5624999999998573363, 0.5937499999998653299, 0.6093749999998693268, 0.6171874999998716582, 0.6210937499998727684, 0.6230468749998733236, 0.6249999999998737676, 0.6562499999998856470, 0.6718749999998916422, 0.6796874999998944178, 0.6835937499998960831, 0.6855468749998969713, 0.6865234374998971933, 0.6874999999998974154, 0.7187499999999119593, 0.7343749999999190647, 0.7421874999999228395, 0.7460937499999245048, 0.7480468749999251710, 0.7499999999999257261, 0.8124999999999491518, 0.8437499999999606981, 0.8593749999999664713, 0.8671874999999695799, 0.8710937499999713562, 0.8730468749999720224, 0.8749999999999725775, 1.000000000000000000 ),
 .UNSPECIFIED. ) ;
#11 = AXIS2_PLACEMENT_3D ( 'NONE', #1874, #2450, #3277 ) ;
#12 = VERTEX_POINT ( 'NONE', #526 ) ;
#13 = CARTESIAN_POINT ( 'NONE',  ( 16.11255018335122458, -0.9426583565199185832, 16.49531824725478302 ) ) ;
#14 = CARTESIAN_POINT ( 'NONE',  ( -29.08862904753081580, -7.142223217638195898, 45.46124775785331451 ) ) ;
#15 = CYLINDRICAL_SURFACE ( 'NONE', #3421, 1.500000000000002442 ) ;
#16 = FACE_OUTER_BOUND ( 'NONE', #2469, .T. ) ;
#17 = CARTESIAN_POINT ( 'NONE',  ( 14.23739488509860607, -4.475192074752487592, 73.22759206808551369 ) ) ;
#18 = DIRECTION ( 'NONE',  ( 1.000000000000000000, 6.195440985631459015E-17, 0.000000000000000000 ) ) ;
#19 = CARTESIAN_POINT ( 'NONE',  ( 15.75041486158979964, -6.942572111215190134, 19.80109550153600040 ) ) ;
#20 = CARTESIAN_POINT ( 'NONE',  ( -16.43413755784026975, -10.19249298783189417, 15.96133910129992906 ) ) ;
#21 = EDGE_CURVE ( 'NONE', #1141, #1943, #505, .T. ) ;
#22 = CARTESIAN_POINT ( 'NONE',  ( -32.48398786509347502, -5.705349329941332037, 41.08060234015390932 ) ) ;
#23 = ORIENTED_EDGE ( 'NONE', *, *, #2423, .T. ) ;
#24 = LOCAL_TIME ( 15, 57, 46.00000000000000000, #926 ) ;
#25 = CARTESIAN_POINT ( 'NONE',  ( -18.89599711400214588, -5.713313840136311939, 70.60076812637885268 ) ) ;
#26 = DIRECTION ( 'NONE',  ( 0.003815420562034446683, 0.000000000000000000, -0.9999927212564773127 ) ) ;
#27 = CARTESIAN_POINT ( 'NONE',  ( 56.00000000000000000, 2.927108592058569812E-15, 0.000000000000000000 ) ) ;
#28 = CARTESIAN_POINT ( 'NONE',  ( 53.00000000000000000, 29.66091050094179593, 12.00000000000000000 ) ) ;
#29 = AXIS2_PLACEMENT_3D ( 'NONE', #3528, #463, #3562 ) ;
#30 = AXIS2_PLACEMENT_3D ( 'NONE', #1848, #2646, #370 ) ;
#31 = VECTOR ( 'NONE', #1707, 1000.000000000000000 ) ;
#32 = VERTEX_POINT ( 'NONE', #1647 ) ;
#33 = LINE ( 'NONE', #2827, #2166 ) ;
#34 = CARTESIAN_POINT ( 'NONE',  ( -29.10412261632695063, -7.934874136654967991, 45.09037913354888616 ) ) ;
#35 = CARTESIAN_POINT ( 'NONE',  ( 28.84135894015086166, -7.606426672666966482, 45.53099458396717125 ) ) ;
#36 = FACE_OUTER_BOUND ( 'NONE', #2747, .T. ) ;
#37 = CARTESIAN_POINT ( 'NONE',  ( 15.67921409040128466, -3.711461668358896127, 72.47268290910498933 ) ) ;
#38 = AXIS2_PLACEMENT_3D ( 'NONE', #2934, #1493, #667 ) ;
#39 = CARTESIAN_POINT ( 'NONE',  ( 16.98194566594631283, -9.973675387705226214, 71.70709795882439153 ) ) ;
#40 = CYLINDRICAL_SURFACE ( 'NONE', #3603, 32.49999999999999289 ) ;
#41 = CARTESIAN_POINT ( 'NONE',  ( -17.29420570919032940, -9.939444397500270867, 16.47902285202992800 ) ) ;
#42 = CARTESIAN_POINT ( 'NONE',  ( -32.56547789194873843, -4.289766176319198543, 42.15659636082132522 ) ) ;
#43 = VERTEX_POINT ( 'NONE', #1630 ) ;
#44 = EDGE_CURVE ( 'NONE', #2206, #2069, #964, .T. ) ;
#45 = B_SPLINE_CURVE_WITH_KNOTS ( 'NONE', 3,
 ( #3514, #1772, #994, #2895, #1512, #3196, #2121, #390, #3236, #723, #2876, #685, #1808, #408, #2717, #1009, #2971, #1058, #3566, #792, #1605, #1922 ),
 .UNSPECIFIED., .F., .F.,
 ( 4, 2, 2, 2, 2, 2, 2, 2, 2, 2, 4 ),
 ( 0.000000000000000000, 0.1250000000000005829, 0.1875000000000006106, 0.2500000000000006661, 0.3749999999999976130, 0.4374999999999961697, 0.4999999999999946709, 0.6249999999999960032, 0.7499999999999973355, 0.8749999999999987788, 1.000000000000000000 ),
 .UNSPECIFIED. ) ;
#46 = CARTESIAN_POINT ( 'NONE',  ( -18.84828633933217645, -5.572850828129773504, 70.63455361515927677 ) ) ;
#47 = CARTESIAN_POINT ( 'NONE',  ( 15.71054519343669575, 0.1692516588108690379, 19.77506116471404241 ) ) ;
#48 = CARTESIAN_POINT ( 'NONE',  ( -14.54812621400656703, -5.452311234099930459, 69.22922287512605521 ) ) ;
#49 = CARTESIAN_POINT ( 'NONE',  ( 15.25167137539563456, -5.950846141111266974, 68.66160716900142802 ) ) ;
#50 = ORIENTED_EDGE ( 'NONE', *, *, #2380, .T. ) ;
#51 = VECTOR ( 'NONE', #1789, 1000.000000000000000 ) ;
#52 = ORIENTED_EDGE ( 'NONE', *, *, #868, .T. ) ;
#53 = CARTESIAN_POINT ( 'NONE',  ( 32.35752875732335809, -3.877362530663442719, 45.22829023501078183 ) ) ;
#54 = CARTESIAN_POINT ( 'NONE',  ( -32.49546798934398595, -8.468825254404212188, 41.20288542239146068 ) ) ;
#55 = CARTESIAN_POINT ( 'NONE',  ( 28.84476094976620075, -6.942572111215190134, 42.68234088168010487 ) ) ;
#56 = LINE ( 'NONE', #3410, #2911 ) ;
#57 = CARTESIAN_POINT ( 'NONE',  ( 17.63984348877760056, -4.372074382675450899, 71.28886967565952659 ) ) ;
#58 = CARTESIAN_POINT ( 'NONE',  ( 16.84077454560245357, -10.03553180374206555, 71.79395069910520988 ) ) ;
#59 = DIRECTION ( 'NONE',  ( -0.003815420562033882031, 0.000000000000000000, 0.9999927212564774237 ) ) ;
#60 = CARTESIAN_POINT ( 'NONE',  ( 19.87792212991149654, 47.55742788878480098, 44.14813928964100143 ) ) ;
#61 = CARTESIAN_POINT ( 'NONE',  ( -17.68387214773004956, -4.195085906535010345, 16.72521849270543726 ) ) ;
#62 = CARTESIAN_POINT ( 'NONE',  ( -17.81128365394099333, -4.135783790101976720, 71.33605967913470636 ) ) ;
#63 = CARTESIAN_POINT ( 'NONE',  ( 13.43202207316237207, -0.3590321221713078659, 18.43409785156084979 ) ) ;
#64 = DIRECTION ( 'NONE',  ( -0.003815420562033882031, 0.000000000000000000, 0.9999927212564774237 ) ) ;
#65 = DIRECTION ( 'NONE',  ( 0.9669062990692471882, 7.951144769783119842E-17, -0.2551317479660485943 ) ) ;
#66 = EDGE_CURVE ( 'NONE', #1413, #922, #322, .T. ) ;
#67 = ORIENTED_EDGE ( 'NONE', *, *, #2923, .T. ) ;
#68 = EDGE_CURVE ( 'NONE', #5, #1534, #261, .T. ) ;
#69 = ORIENTED_EDGE ( 'NONE', *, *, #263, .F. ) ;
#70 = CARTESIAN_POINT ( 'NONE',  ( 32.30754333007126888, -4.721882226906366498, 41.93180889220461438 ) ) ;
#71 = CARTESIAN_POINT ( 'NONE',  ( -32.53589950129676822, -9.189977421692454129, 41.70859475215558376 ) ) ;
#72 = CARTESIAN_POINT ( 'NONE',  ( 28.84667585012045876, -7.334065544504267287, 42.72068204155615945 ) ) ;
#73 = CARTESIAN_POINT ( 'NONE',  ( 32.31736356774766961, -9.541779143798173379, 46.05681993339035074 ) ) ;
#74 = CARTESIAN_POINT ( 'NONE',  ( 15.26129369712088391, -5.740969557834675108, 19.48776686570839800 ) ) ;
#75 = LINE ( 'NONE', #1766, #501 ) ;
#76 = CARTESIAN_POINT ( 'NONE',  ( -15.19352503803405696, -9.929843811575073786, 15.27778436485506752 ) ) ;
#77 = CARTESIAN_POINT ( 'NONE',  ( -15.24391667251364879, -3.930400465932986975, 15.30421478753409659 ) ) ;
#78 = ORIENTED_EDGE ( 'NONE', *, *, #3404, .T. ) ;
#79 = DIRECTION ( 'NONE',  ( 0.000000000000000000, -1.000000000000000000, 0.000000000000000000 ) ) ;
#80 = CARTESIAN_POINT ( 'NONE',  ( 28.87810522630399390, -5.452311234106932858, 43.98658529362008096 ) ) ;
#81 = CARTESIAN_POINT ( 'NONE',  ( -15.18303509256314854, -6.942572111215190134, 72.91040196865731104 ) ) ;
#82 = CARTESIAN_POINT ( 'NONE',  ( -13.24731335284201705, -7.330748341222430575, 18.21211831153626903 ) ) ;
#83 = CARTESIAN_POINT ( 'NONE',  ( 12.96096753127211976, -6.942572111215190134, 69.95305442231391169 ) ) ;
#84 = VERTEX_POINT ( 'NONE', #3605 ) ;
#85 = ORIENTED_EDGE ( 'NONE', *, *, #780, .F. ) ;
#86 = ORIENTED_EDGE ( 'NONE', *, *, #819, .F. ) ;
#87 = CARTESIAN_POINT ( 'NONE',  ( 32.34582150762453523, -4.136023328886904160, 42.63009209382632037 ) ) ;
#88 = EDGE_CURVE ( 'NONE', #425, #813, #1771, .T. ) ;
#89 = CARTESIAN_POINT ( 'NONE',  ( -32.50900032157183972, -8.737719570351609732, 41.36116641112672454 ) ) ;
#90 = MECHANICAL_CONTEXT ( 'NONE', #401, 'mechanical' ) ;
#91 = LOCAL_TIME ( 15, 57, 46.00000000000000000, #639 ) ;
#92 = VECTOR ( 'NONE', #1624, 1000.000000000000000 ) ;
#93 = CARTESIAN_POINT ( 'NONE',  ( 13.49604006783341603, -5.631312835593590194, 73.58119900168497907 ) ) ;
#94 = CARTESIAN_POINT ( 'NONE',  ( 17.36301946210257441, -9.882846247335830725, 16.67609174977376441 ) ) ;
#95 = CARTESIAN_POINT ( 'NONE',  ( 14.12958255413376740, -4.865972190969102051, 14.86307409921866807 ) ) ;
#96 = CARTESIAN_POINT ( 'NONE',  ( -13.92191572064845495, -5.749444102133213441, 73.49648885199339077 ) ) ;
#97 = CARTESIAN_POINT ( 'NONE',  ( -14.14014056866325753, -4.863836626396526697, 14.74995531438731255 ) ) ;
#98 = ORIENTED_EDGE ( 'NONE', *, *, #374, .T. ) ;
#99 = LINE ( 'NONE', #1214, #51 ) ;
#100 = VECTOR ( 'NONE', #1513, 1000.000000000000000 ) ;
#101 = DIRECTION ( 'NONE',  ( 0.5033006117610828722, -3.872891753873454376E-18, -0.8641113899266227305 ) ) ;
#102 = CARTESIAN_POINT ( 'NONE',  ( 30.63356702551315180, -6.942572111215190134, 42.68916597884109621 ) ) ;
#103 = DIRECTION ( 'NONE',  ( -6.195440985631459015E-17, 1.000000000000000000, 0.000000000000000000 ) ) ;
#104 = ORIENTED_EDGE ( 'NONE', *, *, #2440, .T. ) ;
#105 = ORIENTED_EDGE ( 'NONE', *, *, #3384, .T. ) ;
#106 = VERTEX_POINT ( 'NONE', #3048 ) ;
#107 = CARTESIAN_POINT ( 'NONE',  ( 32.35933071296359742, -3.958270580917976567, 42.96843114127150898 ) ) ;
#108 = CARTESIAN_POINT ( 'NONE',  ( -32.53670484348238290, -9.202052022031447009, 41.71968768873493616 ) ) ;
#109 = PERSON_AND_ORGANIZATION ( #1430, #1126 ) ;
#110 = ADVANCED_FACE ( 'NONE', ( #542 ), #265, .F. ) ;
#111 = EDGE_CURVE ( 'NONE', #1769, #2378, #3083, .T. ) ;
#112 = CARTESIAN_POINT ( 'NONE',  ( 32.32143436186578356, -9.593091709558144942, 45.98951971619478485 ) ) ;
#113 = DIRECTION ( 'NONE',  ( 0.8679268104886521673, 0.000000000000000000, -0.4966921094954049321 ) ) ;
#114 = CARTESIAN_POINT ( 'NONE',  ( 15.06383639554178977, -4.011695747259405032, 15.33792616144387466 ) ) ;
#115 = DIRECTION ( 'NONE',  ( -0.9999927212564774237, 7.258709319626672568E-18, -0.003815420562027386792 ) ) ;
#116 = VECTOR ( 'NONE', #565, 1000.000000000000000 ) ;
#117 = CARTESIAN_POINT ( 'NONE',  ( -14.72352619647998573, -4.258968244990716912, 15.03662023318481822 ) ) ;
#118 = EDGE_LOOP ( 'NONE', ( #3163, #2612, #1854, #1851 ) ) ;
#119 = DIRECTION ( 'NONE',  ( 1.000000000000000000, 6.195440985631459015E-17, 0.000000000000000000 ) ) ;
#120 = CARTESIAN_POINT ( 'NONE',  ( 28.83331872824345155, -6.743500255200530979, 45.68224640664924152 ) ) ;
#121 = LINE ( 'NONE', #686, #389 ) ;
#122 = CARTESIAN_POINT ( 'NONE',  ( -20.12178672034754712, 47.55742788878480098, 43.99552246715965254 ) ) ;
#123 = EDGE_LOOP ( 'NONE', ( #3563, #3122, #999, #451 ) ) ;
#124 = ORIENTED_EDGE ( 'NONE', *, *, #1321, .T. ) ;
#125 = EDGE_LOOP ( 'NONE', ( #1533, #1179 ) ) ;
#126 = CARTESIAN_POINT ( 'NONE',  ( 32.35118619202233958, -3.945057833153401194, 45.39341043418643551 ) ) ;
#127 = CARTESIAN_POINT ( 'NONE',  ( -32.59765833656387457, -9.853226936496614741, 45.33059109357341043 ) ) ;
#128 = COORDINATED_UNIVERSAL_TIME_OFFSET ( 8, 0, .AHEAD. ) ;
#129 = CARTESIAN_POINT ( 'NONE',  ( 32.34895828212920321, -9.915907268916498651, 45.44711215868026244 ) ) ;
#130 = CARTESIAN_POINT ( 'NONE',  ( 13.81696018417620131, -5.631633486426046886, 18.64074991687750327 ) ) ;
#131 = CARTESIAN_POINT ( 'NONE',  ( 14.23948476710757660, -4.721891366511537846, 14.91706654417239974 ) ) ;
#132 = DIRECTION ( 'NONE',  ( -0.003815420562027385925, 0.000000000000000000, 0.9999927212564774237 ) ) ;
#133 = CARTESIAN_POINT ( 'NONE',  ( -17.49026062609248910, -4.058892346027779929, 16.60198868590919119 ) ) ;
#134 = VECTOR ( 'NONE', #1291, 1000.000000000000000 ) ;
#135 = EDGE_LOOP ( 'NONE', ( #2605, #2071, #1718, #822, #3518, #1116, #1666, #69 ) ) ;
#136 = DIRECTION ( 'NONE',  ( -3.965082230804129727E-16, -1.000000000000000000, 0.000000000000000000 ) ) ;
#137 = EDGE_CURVE ( 'NONE', #978, #1935, #2034, .T. ) ;
#138 = LINE ( 'NONE', #157, #1856 ) ;
#139 = LINE ( 'NONE', #2122, #100 ) ;
#140 = DIRECTION ( 'NONE',  ( -7.258656485343220329E-18, -1.000000000000000000, -2.769502879193380538E-20 ) ) ;
#141 = ORIENTED_EDGE ( 'NONE', *, *, #44, .F. ) ;
#142 = ORIENTED_EDGE ( 'NONE', *, *, #3018, .F. ) ;
#143 = ORIENTED_EDGE ( 'NONE', *, *, #957, .T. ) ;
#144 = CARTESIAN_POINT ( 'NONE',  ( 32.25614032832611144, -5.326111559873314860, 46.88769033428888378 ) ) ;
#145 = CYLINDRICAL_SURFACE ( 'NONE', #2108, 1.500000000000002442 ) ;
#146 = CARTESIAN_POINT ( 'NONE',  ( 32.26505873853130879, -8.736329489403047432, 46.78335434520504066 ) ) ;
#147 = AXIS2_PLACEMENT_3D ( 'NONE', #2878, #1551, #1494 ) ;
#148 = AXIS2_PLACEMENT_3D ( 'NONE', #552, #2027, #3133 ) ;
#149 = CARTESIAN_POINT ( 'NONE',  ( 14.30426162354014963, -5.452311234106931082, 18.91443888165735032 ) ) ;
#150 = CARTESIAN_POINT ( 'NONE',  ( 14.00204160773718520, -5.055617573377584328, 14.80098457534869283 ) ) ;
#151 = CARTESIAN_POINT ( 'NONE',  ( -13.90058165311528882, -5.813073501623601480, 73.50649248898018584 ) ) ;
#152 = CARTESIAN_POINT ( 'NONE',  ( 14.93258362346293566, -5.631633486425775104, 68.85880634693671709 ) ) ;
#153 = AXIS2_PLACEMENT_3D ( 'NONE', #3249, #206, #1864 ) ;
#154 = CARTESIAN_POINT ( 'NONE',  ( -13.56264927741804804, -6.129839665090063505, 14.48091921672635429 ) ) ;
#155 = ORIENTED_EDGE ( 'NONE', *, *, #2924, .F. ) ;
#156 = CARTESIAN_POINT ( 'NONE',  ( -56.00000000000000000, 35.00000000000000000, 16.00000000000000000 ) ) ;
#157 = CARTESIAN_POINT ( 'NONE',  ( 53.00000000000000000, 29.66091050094179593, 12.00000000000000000 ) ) ;
#158 = DIRECTION ( 'NONE',  ( 0.8641113899266241738, 0.000000000000000000, 0.5033006117610804298 ) ) ;
#159 = CARTESIAN_POINT ( 'NONE',  ( -32.54322010116654695, -4.865882946169563184, 46.33396474338621118 ) ) ;
#160 = ORIENTED_EDGE ( 'NONE', *, *, #2689, .T. ) ;
#161 = EDGE_CURVE ( 'NONE', #3259, #2826, #449, .T. ) ;
#162 = PRODUCT ( '11.4T2651', '11.4T2651', '', ( #90 ) ) ;
#163 = ORIENTED_EDGE ( 'NONE', *, *, #1252, .T. ) ;
#164 = ORIENTED_EDGE ( 'NONE', *, *, #1418, .T. ) ;
#165 = CARTESIAN_POINT ( 'NONE',  ( -32.52052564343618712, -8.558485584140703040, 46.64083886142562108 ) ) ;
#166 = CARTESIAN_POINT ( 'NONE',  ( 32.28898885223222237, -8.827421338764601444, 41.66123211057843179 ) ) ;
#167 = CARTESIAN_POINT ( 'NONE',  ( 13.94121163947659348, -8.404156883388569810, 69.43443629381255278 ) ) ;
#168 = DIRECTION ( 'NONE',  ( 0.000000000000000000, 0.000000000000000000, -1.000000000000000000 ) ) ;
#169 = CARTESIAN_POINT ( 'NONE',  ( -16.14166321672474425, -3.692788228055648325, 72.35202675817244256 ) ) ;
#170 = PLANE ( 'NONE',  #153 ) ;
#171 = CARTESIAN_POINT ( 'NONE',  ( 14.84276592084442115, -9.872674430054814820, 72.92148678630492498 ) ) ;
#172 = PRODUCT_RELATED_PRODUCT_CATEGORY ( 'detail', '', ( #162 ) ) ;
#173 = VERTEX_POINT ( 'NONE', #700 ) ;
#174 = CARTESIAN_POINT ( 'NONE',  ( 18.62475474101117712, -6.541443103204697351, 70.62023448300442396 ) ) ;
#175 = DIRECTION ( 'NONE',  ( -0.003815420562033882031, 0.000000000000000000, 0.9999927212564774237 ) ) ;
#176 = CARTESIAN_POINT ( 'NONE',  ( -0.2440257532031220034, 52.05742788878480098, 76.07159795860759743 ) ) ;
#177 = CARTESIAN_POINT ( 'NONE',  ( -32.50242616692267461, -5.812925843426893557, 46.85644901601767742 ) ) ;
#178 = ADVANCED_FACE ( 'NONE', ( #299 ), #2302, .F. ) ;
#179 = EDGE_CURVE ( 'NONE', #709, #2089, #1459, .T. ) ;
#180 = CARTESIAN_POINT ( 'NONE',  ( -20.11606358950449902, 47.55742788878480098, 42.49553338527494617 ) ) ;
#181 = EDGE_LOOP ( 'NONE', ( #2119, #1779 ) ) ;
#182 = EDGE_LOOP ( 'NONE', ( #2460, #1516, #1218, #2419, #2091, #2633, #1349, #2900, #938, #1213 ) ) ;
#183 = EDGE_CURVE ( 'NONE', #173, #2315, #2368, .T. ) ;
#184 = DIRECTION ( 'NONE',  ( -7.258656485343220329E-18, -1.000000000000000000, -2.769502879193380538E-20 ) ) ;
#185 = CARTESIAN_POINT ( 'NONE',  ( 32.33948705893280362, -9.655395120523936114, 42.48866151287837312 ) ) ;
#186 = CARTESIAN_POINT ( 'NONE',  ( 15.10360777155289291, -9.896932751630561853, 15.35876778648136032 ) ) ;
#187 = CARTESIAN_POINT ( 'NONE',  ( -20.11606358950449902, 52.55742788878480098, 42.49553338527494617 ) ) ;
#188 = CARTESIAN_POINT ( 'NONE',  ( -15.77644991691957976, -6.551758841827465041, 19.65990989368194164 ) ) ;
#189 = CARTESIAN_POINT ( 'NONE',  ( 13.43150116589789711, -8.071435104687090245, 73.61087150463927742 ) ) ;
#190 = B_SPLINE_CURVE_WITH_KNOTS ( 'NONE', 3,
 ( #3418, #2575, #593, #47, #3159, #336, #2247, #2032, #1715, #2820, #3439, #1699, #1475, #1738, #1399, #2787, #2557, #632, #2263, #1756, #63, #2521, #1173, #2859, #1155, #898 ),
 .UNSPECIFIED., .F., .F.,
 ( 4, 2, 2, 2, 2, 2, 2, 2, 2, 2, 2, 2, 4 ),
 ( 0.000000000000000000, 0.06249999999999943101, 0.1249999999999988620, 0.1874999999999990008, 0.2499999999999991673, 0.3749999999999987788, 0.4999999999999984457, 0.6249999999999981126, 0.6874999999999984457, 0.7499999999999986677, 0.8124999999999990008, 0.8749999999999993339, 1.000000000000000000 ),
 .UNSPECIFIED. ) ;
#191 = CONICAL_SURFACE ( 'NONE', #828, 3.249999990456165389, 0.7853981633974503884 ) ;
#192 = VERTEX_POINT ( 'NONE', #1740 ) ;
#193 = CARTESIAN_POINT ( 'NONE',  ( 17.17177217893980057, -1.402512490832965972E-14, 17.14734786459865035 ) ) ;
#194 = LINE ( 'NONE', #1642, #92 ) ;
#195 = CARTESIAN_POINT ( 'NONE',  ( -13.75616138601966121, -8.303891775765711358, 14.56995180841176385 ) ) ;
#196 = CARTESIAN_POINT ( 'NONE',  ( -32.58579900849544231, -4.194593466782253977, 45.60682472790720965 ) ) ;
#197 = FACE_OUTER_BOUND ( 'NONE', #805, .T. ) ;
#198 = EDGE_LOOP ( 'NONE', ( #443, #2742, #1592, #3002 ) ) ;
#199 = ORIENTED_EDGE ( 'NONE', *, *, #3358, .T. ) ;
#200 = DIRECTION ( 'NONE',  ( 1.000000000000000000, 0.000000000000000000, 0.000000000000000000 ) ) ;
#201 = CARTESIAN_POINT ( 'NONE',  ( 32.35720076989834126, -9.898547339545311630, 42.90435916649489201 ) ) ;
#202 = ADVANCED_FACE ( 'NONE', ( #1758 ), #900, .T. ) ;
#203 = VECTOR ( 'NONE', #3170, 1000.000000000000000 ) ;
#204 = CARTESIAN_POINT ( 'NONE',  ( 12.96096753127211976, -6.942572111215190134, 69.95305442231391169 ) ) ;
#205 = CARTESIAN_POINT ( 'NONE',  ( 15.23945797827254900, -23.03496852034945164, 16.00000000000000000 ) ) ;
#206 = DIRECTION ( 'NONE',  ( 1.000000000000000000, 6.195440985631459015E-17, -1.972423937518264982E-16 ) ) ;
#207 = CARTESIAN_POINT ( 'NONE',  ( 13.72310641011233834, -8.735962094297573088, 73.47564698316234910 ) ) ;
#208 = ORIENTED_EDGE ( 'NONE', *, *, #1980, .F. ) ;
#209 = CARTESIAN_POINT ( 'NONE',  ( 17.23191431029918874, 0.1784024042508001451, 17.18597739912465627 ) ) ;
#210 = LINE ( 'NONE', #467, #1075 ) ;
#211 = CARTESIAN_POINT ( 'NONE',  ( -14.05556901041807194, -8.472264243590380772, 73.43366990312024711 ) ) ;
#212 = CARTESIAN_POINT ( 'NONE',  ( -14.48443549466127145, -9.414506067306325221, 14.91757660635915350 ) ) ;
#213 = CARTESIAN_POINT ( 'NONE',  ( 16.65072860612850292, -6.942572111215190134, 18.25535654755134729 ) ) ;
#214 = DIRECTION ( 'NONE',  ( 1.000000000000000000, 6.195440985631459015E-17, 0.000000000000000000 ) ) ;
#215 = VERTEX_POINT ( 'NONE', #355 ) ;
#216 = CARTESIAN_POINT ( 'NONE',  ( 32.31470575063345052, -9.282001112509506768, 42.04353212450075716 ) ) ;
#217 = CARTESIAN_POINT ( 'NONE',  ( 14.70852085899561423, -9.632358948381391173, 15.15284644572937722 ) ) ;
#218 = DIRECTION ( 'NONE',  ( -0.5033006117610802077, 3.872891753873426643E-18, 0.8641113899266242848 ) ) ;
#219 = EDGE_CURVE ( 'NONE', #2069, #2303, #1477, .T. ) ;
#220 = DIRECTION ( 'NONE',  ( 7.258656485343231114E-18, 1.000000000000000000, 2.769502879193055538E-20 ) ) ;
#221 = CARTESIAN_POINT ( 'NONE',  ( -13.72922201615657301, -5.659397250678987135, 14.55755185834247278 ) ) ;
#222 = VERTEX_POINT ( 'NONE', #3213 ) ;
#223 = LINE ( 'NONE', #2476, #134 ) ;
#224 = LINE ( 'NONE', #2750, #2669 ) ;
#225 = CARTESIAN_POINT ( 'NONE',  ( -17.52281451161260506, -9.929676842092543865, 71.52104344193853080 ) ) ;
#226 = CIRCLE ( 'NONE', #982, 31.49999999999998934 ) ;
#227 = CARTESIAN_POINT ( 'NONE',  ( -14.71944250761299777, -9.622902508284779444, 15.03456699906999994 ) ) ;
#228 = CARTESIAN_POINT ( 'NONE',  ( -32.53322010372930606, -5.055533106032746637, 46.47547672330362190 ) ) ;
#229 = CIRCLE ( 'NONE', #853, 29.00000000000000000 ) ;
#230 = CARTESIAN_POINT ( 'NONE',  ( -0.1219322952180229985, 52.05742788878480098, 44.07183087840034830 ) ) ;
#231 = DIRECTION ( 'NONE',  ( 3.965082230804129727E-16, -1.000000000000000000, 0.000000000000000000 ) ) ;
#232 = EDGE_CURVE ( 'NONE', #2124, #973, #2098, .T. ) ;
#233 = ORIENTED_EDGE ( 'NONE', *, *, #3587, .F. ) ;
#234 = CARTESIAN_POINT ( 'NONE',  ( 32.31854679601865143, -9.343660224203549802, 42.10616762725114626 ) ) ;
#235 = CARTESIAN_POINT ( 'NONE',  ( 14.77134937546087734, -9.681303974667423873, 15.18514058304447900 ) ) ;
#236 = CARTESIAN_POINT ( 'NONE',  ( 13.15808069180997997, -6.942572111215190134, 18.29119366625279852 ) ) ;
#237 = DIRECTION ( 'NONE',  ( 0.000000000000000000, -1.000000000000000000, 0.000000000000000000 ) ) ;
#238 = ORIENTED_EDGE ( 'NONE', *, *, #2045, .F. ) ;
#239 = FACE_OUTER_BOUND ( 'NONE', #2402, .T. ) ;
#240 = DIRECTION ( 'NONE',  ( -7.259729428968469839E-18, -1.000000000000000000, 2.535153379615575214E-19 ) ) ;
#241 = CARTESIAN_POINT ( 'NONE',  ( -13.93292146098607986, -8.167314810720373686, 73.49132415676470487 ) ) ;
#242 = CARTESIAN_POINT ( 'NONE',  ( -13.58676560330627048, -7.752258267834760019, 14.49222582146957627 ) ) ;
#243 = CARTESIAN_POINT ( 'NONE',  ( -18.88275657106818883, -6.744251819400125747, 17.53352888881039107 ) ) ;
#244 = CARTESIAN_POINT ( 'NONE',  ( 32.21765528606839979, -6.942572111215190134, 47.29690065629729645 ) ) ;
#245 = CARTESIAN_POINT ( 'NONE',  ( 15.59074721496492089, 1.314998084163865766, 19.69730527154970190 ) ) ;
#246 = CIRCLE ( 'NONE', #2184, 1.499999999999998224 ) ;
#247 = ORIENTED_EDGE ( 'NONE', *, *, #3294, .T. ) ;
#248 = DIRECTION ( 'NONE',  ( -0.9999927212564774237, 7.258709319626672568E-18, -0.003815420562029276774 ) ) ;
#249 = CARTESIAN_POINT ( 'NONE',  ( 14.45380209462273591, -8.442741925432569516, 69.14347969137719474 ) ) ;
#250 = CARTESIAN_POINT ( 'NONE',  ( 17.23241331789322572, -3.931330857637528986, 16.59316943621903206 ) ) ;
#251 = FACE_BOUND ( 'NONE', #181, .T. ) ;
#252 = VERTEX_POINT ( 'NONE', #28 ) ;
#253 = CARTESIAN_POINT ( 'NONE',  ( 18.45382509531502890, -5.727950443463266872, 70.73999993209146453 ) ) ;
#254 = CARTESIAN_POINT ( 'NONE',  ( 18.58192640300496734, -7.755226816284021218, 70.65078081427542145 ) ) ;
#255 = CARTESIAN_POINT ( 'NONE',  ( -15.44434233946182644, -9.945624789001140442, 72.73319486206642637 ) ) ;
#256 = CARTESIAN_POINT ( 'NONE',  ( -32.62169573605355311, -6.942572111215190134, 43.94782971013444950 ) ) ;
#257 = CARTESIAN_POINT ( 'NONE',  ( -18.72350966208450629, -5.812172230917662219, 17.42165634258502038 ) ) ;
#258 = DIRECTION ( 'NONE',  ( 7.258656485343220329E-18, 1.000000000000000000, 2.769502879193380538E-20 ) ) ;
#259 = VECTOR ( 'NONE', #631, 1000.000000000000000 ) ;
#260 = CARTESIAN_POINT ( 'NONE',  ( -15.86725075017278108, -7.606426672748398232, 68.42519501267356929 ) ) ;
#261 = LINE ( 'NONE', #1960, #1915 ) ;
#262 = ADVANCED_FACE ( 'NONE', ( #2265 ), #1140, .F. ) ;
#263 = EDGE_CURVE ( 'NONE', #2524, #2360, #1439, .T. ) ;
#264 = EDGE_LOOP ( 'NONE', ( #1575, #2874, #2652, #618, #1753 ) ) ;
#265 = CONICAL_SURFACE ( 'NONE', #2780, 3.249999999424063812, 0.7853981633974490562 ) ;
#266 = AXIS2_PLACEMENT_3D ( 'NONE', #1877, #258, #3621 ) ;
#267 = DIRECTION ( 'NONE',  ( -7.259729428968469839E-18, -1.000000000000000000, 2.535153379615575214E-19 ) ) ;
#268 = CARTESIAN_POINT ( 'NONE',  ( -29.12094866918038605, -8.442401280058424717, 43.76093451769756371 ) ) ;
#269 = LINE ( 'NONE', #2022, #2824 ) ;
#270 = DIRECTION ( 'NONE',  ( 1.000000000000000000, 0.000000000000000000, 0.000000000000000000 ) ) ;
#271 = CARTESIAN_POINT ( 'NONE',  ( 14.64595816066612421, -4.135062235565109212, 73.02283668471655176 ) ) ;
#272 = CARTESIAN_POINT ( 'NONE',  ( 18.38678872350221383, -8.351145907820878733, 70.78669657520310921 ) ) ;
#273 = DIRECTION ( 'NONE',  ( 1.000000000000000000, -7.259729428968469839E-18, 0.000000000000000000 ) ) ;
#274 = CARTESIAN_POINT ( 'NONE',  ( -18.67528506035117530, -8.225864474427337925, 17.38805123032110700 ) ) ;
#275 = CARTESIAN_POINT ( 'NONE',  ( -18.32190675062486207, -4.912705726789818428, 17.14563253306380020 ) ) ;
#276 = ORIENTED_EDGE ( 'NONE', *, *, #1452, .T. ) ;
#277 = CARTESIAN_POINT ( 'NONE',  ( -18.89310107526801730, -5.704298797386014641, 70.60281864511533456 ) ) ;
#278 = DIRECTION ( 'NONE',  ( -7.258656485343220329E-18, -1.000000000000000000, -2.769502879193385353E-20 ) ) ;
#279 = CARTESIAN_POINT ( 'NONE',  ( -14.37999756040392718, -8.404673227393573143, 69.32537196018394354 ) ) ;
#280 = ORIENTED_EDGE ( 'NONE', *, *, #3316, .T. ) ;
#281 = ADVANCED_FACE ( 'NONE', ( #2426 ), #3578, .F. ) ;
#282 = EDGE_CURVE ( 'NONE', #2706, #474, #456, .T. ) ;
#283 = AXIS2_PLACEMENT_3D ( 'NONE', #1703, #2525, #599 ) ;
#284 = VERTEX_POINT ( 'NONE', #2458 ) ;
#285 = CARTESIAN_POINT ( 'NONE',  ( 16.90107043057411218, -0.5017185167864012252, 16.97521803112859118 ) ) ;
#286 = ADVANCED_FACE ( 'NONE', ( #479, #2170, #2187, #786 ), #3302, .T. ) ;
#287 = CARTESIAN_POINT ( 'NONE',  ( -0.2039638373016914863, 52.55742788878480098, 65.57167438541459603 ) ) ;
#288 = DIRECTION ( 'NONE',  ( -0.8679268104886572743, 0.000000000000000000, 0.4966921094953958837 ) ) ;
#289 = DIRECTION ( 'NONE',  ( 1.000000000000000000, -7.259729428968469839E-18, 0.000000000000000000 ) ) ;
#290 = CARTESIAN_POINT ( 'NONE',  ( 18.16510839265113120, -5.055137360326328988, 70.93915784046666317 ) ) ;
#291 = CARTESIAN_POINT ( 'NONE',  ( 17.80373332270570330, -9.340051465472523518, 71.18118357173086963 ) ) ;
#292 = CARTESIAN_POINT ( 'NONE',  ( 15.49194961199301446, -7.857501726173533818, 19.63395620460119417 ) ) ;
#293 = CARTESIAN_POINT ( 'NONE',  ( -17.28347979495068998, -9.944962374845822239, 16.47235121177655515 ) ) ;
#294 = CARTESIAN_POINT ( 'NONE',  ( -32.57444991902342935, -4.179648381579352368, 42.31564685005566417 ) ) ;
#295 = ORIENTED_EDGE ( 'NONE', *, *, #2809, .F. ) ;
#296 = CARTESIAN_POINT ( 'NONE',  ( -17.77265681949997855, -4.108253917374196540, 71.36107724095583649 ) ) ;
#297 = CARTESIAN_POINT ( 'NONE',  ( 32.37783114561749898, -6.942572111215190134, 44.19583204666644605 ) ) ;
#298 = CARTESIAN_POINT ( 'NONE',  ( -13.40194528224593995, -6.942572111215190134, 69.85246809054790162 ) ) ;
#299 = FACE_OUTER_BOUND ( 'NONE', #2631, .T. ) ;
#300 = EDGE_LOOP ( 'NONE', ( #3240, #2182, #1778 ) ) ;
#301 = LINE ( 'NONE', #2201, #116 ) ;
#302 = CARTESIAN_POINT ( 'NONE',  ( -29.07979084149799576, -7.330748341208675356, 42.50888802522160859 ) ) ;
#303 = FACE_OUTER_BOUND ( 'NONE', #471, .T. ) ;
#304 = CARTESIAN_POINT ( 'NONE',  ( 16.02056126338264974, -6.942572111215190134, 72.27945221928149522 ) ) ;
#305 = EDGE_CURVE ( 'NONE', #2105, #351, #2517, .T. ) ;
#306 = EDGE_CURVE ( 'NONE', #2124, #690, #1560, .T. ) ;
#307 = CARTESIAN_POINT ( 'NONE',  ( 14.68695918940586864, -4.107545356193268660, 73.00188062686677881 ) ) ;
#308 = CARTESIAN_POINT ( 'NONE',  ( 17.88592097906388290, -9.241391488599401072, 71.12672340820454053 ) ) ;
#309 = LINE ( 'NONE', #1750, #3599 ) ;
#310 = CARTESIAN_POINT ( 'NONE',  ( -16.95797562576645845, -10.08297692215885455, 16.27251212004023273 ) ) ;
#311 = CARTESIAN_POINT ( 'NONE',  ( -32.58050051034597772, -4.107961494950114201, 42.43097918576382455 ) ) ;
#312 = EDGE_LOOP ( 'NONE', ( #702, #2825 ) ) ;
#313 = VECTOR ( 'NONE', #1106, 1000.000000000000114 ) ;
#314 = CARTESIAN_POINT ( 'NONE',  ( -17.49186849157710455, -3.939300472975705958, 71.54063695042479765 ) ) ;
#315 = CARTESIAN_POINT ( 'NONE',  ( -0.2325794915170224797, 52.55742788878480098, 73.07161979483809944 ) ) ;
#316 = DIRECTION ( 'NONE',  ( 0.000000000000000000, -1.000000000000000000, 0.000000000000000000 ) ) ;
#317 = DIRECTION ( 'NONE',  ( 7.259729428968469839E-18, 1.000000000000000000, -2.535153379615575214E-19 ) ) ;
#318 = CIRCLE ( 'NONE', #2374, 1.499999999999998224 ) ;
#319 = VECTOR ( 'NONE', #1473, 1000.000000000000227 ) ;
#320 = AXIS2_PLACEMENT_3D ( 'NONE', #1107, #2238, #3594 ) ;
#321 = VERTEX_POINT ( 'NONE', #2135 ) ;
#322 = CIRCLE ( 'NONE', #1435, 1.649999999999998579 ) ;
#323 = VERTEX_POINT ( 'NONE', #1897 ) ;
#324 = CARTESIAN_POINT ( 'NONE',  ( 15.14221497461551635, -0.6002843406308375762, 15.94673197230264350 ) ) ;
#325 = CARTESIAN_POINT ( 'NONE',  ( -29.10865685930561142, -8.073088471850837777, 44.95194189569674137 ) ) ;
#326 = CARTESIAN_POINT ( 'NONE',  ( 28.86705558488603529, -8.136422974859376822, 43.26860909919346909 ) ) ;
#327 = DIRECTION ( 'NONE',  ( -0.5033006117610839825, 3.872891753873455917E-18, 0.8641113899266219534 ) ) ;
#328 = CARTESIAN_POINT ( 'NONE',  ( 16.36216111297899545, -3.693133002571478141, 72.08390411569561707 ) ) ;
#329 = DIRECTION ( 'NONE',  ( 0.000000000000000000, 0.000000000000000000, 1.000000000000000000 ) ) ;
#330 = EDGE_CURVE ( 'NONE', #922, #1413, #3073, .T. ) ;
#331 = CARTESIAN_POINT ( 'NONE',  ( 13.43202207316236674, -7.859032122171307755, 18.43409785156084979 ) ) ;
#332 = CARTESIAN_POINT ( 'NONE',  ( -18.11367822551805062, -9.261482473287255601, 17.00622454628103597 ) ) ;
#333 = CARTESIAN_POINT ( 'NONE',  ( -15.05196091684276816, -4.030657477467910255, 15.20400232162950260 ) ) ;
#334 = ORIENTED_EDGE ( 'NONE', *, *, #3247, .F. ) ;
#335 = CARTESIAN_POINT ( 'NONE',  ( -17.96696200064486248, -4.259478656528176366, 71.23439549384369229 ) ) ;
#336 = CARTESIAN_POINT ( 'NONE',  ( 15.62338615975481204, -0.1064266726968979837, 19.71846674413888323 ) ) ;
#337 = CARTESIAN_POINT ( 'NONE',  ( -13.67437634291207615, -6.027725598124239248, 69.71036053212370120 ) ) ;
#338 = CARTESIAN_POINT ( 'NONE',  ( -56.00000000000000000, 2.927108592058569812E-15, 16.00000000000000000 ) ) ;
#339 = ORIENTED_EDGE ( 'NONE', *, *, #2484, .T. ) ;
#340 = VECTOR ( 'NONE', #2606, 1000.000000000000000 ) ;
#341 = ORIENTED_EDGE ( 'NONE', *, *, #3546, .F. ) ;
#342 = CARTESIAN_POINT ( 'NONE',  ( 32.25591045422362413, -5.902296019439830843, 41.25634150546428458 ) ) ;
#343 = CC_DESIGN_PERSON_AND_ORGANIZATION_ASSIGNMENT ( #109, #966, ( #1968 ) ) ;
#344 = CARTESIAN_POINT ( 'NONE',  ( -32.48239289101032767, -8.135142615526678611, 41.06340448779555885 ) ) ;
#345 = CARTESIAN_POINT ( 'NONE',  ( 28.85172336268120219, -7.610115864830775401, 42.83540737415400912 ) ) ;
#346 = CARTESIAN_POINT ( 'NONE',  ( 32.33419991373897062, -9.749097738533524904, 45.76198718180135216 ) ) ;
#347 = CARTESIAN_POINT ( 'NONE',  ( 15.75035397462109721, -6.743500255315403535, 19.80105568324910692 ) ) ;
#348 = DIRECTION ( 'NONE',  ( 0.9999927212564773127, -7.258709319626664864E-18, 0.003815420562034327421 ) ) ;
#349 = CARTESIAN_POINT ( 'NONE',  ( -17.45054174025194982, -9.852833792614644537, 16.57680341769640364 ) ) ;
#350 = CARTESIAN_POINT ( 'NONE',  ( -17.79745005039105621, -4.292646397571527217, 16.79866351959352855 ) ) ;
#351 = VERTEX_POINT ( 'NONE', #2713 ) ;
#352 = LINE ( 'NONE', #1137, #319 ) ;
#353 = FACE_OUTER_BOUND ( 'NONE', #1552, .T. ) ;
#354 = DIRECTION ( 'NONE',  ( 0.003815420562034336962, 0.000000000000000000, -0.9999927212564774237 ) ) ;
#355 = CARTESIAN_POINT ( 'NONE',  ( 0.002068873048088229732, -10.44257211121519902, 11.57206743756481870 ) ) ;
#356 = EDGE_CURVE ( 'NONE', #3580, #978, #1503, .T. ) ;
#357 = ADVANCED_FACE ( 'NONE', ( #1336 ), #170, .T. ) ;
#358 = EDGE_LOOP ( 'NONE', ( #455, #2560, #23, #160 ) ) ;
#359 = VERTEX_POINT ( 'NONE', #1638 ) ;
#360 = CARTESIAN_POINT ( 'NONE',  ( 32.30961128430864449, -4.686962542600254800, 41.96348258181426871 ) ) ;
#361 = CARTESIAN_POINT ( 'NONE',  ( -32.57904546602065210, -9.593894795125077479, 45.74142640808448590 ) ) ;
#362 = DATE_TIME_ROLE ( 'classification_date' ) ;
#363 = CARTESIAN_POINT ( 'NONE',  ( 32.32364457090692156, -9.620585247388618200, 45.95187086318171765 ) ) ;
#364 = CARTESIAN_POINT ( 'NONE',  ( 17.33566184069290017, -9.898689099072903730, 16.65864085741862866 ) ) ;
#365 = CARTESIAN_POINT ( 'NONE',  ( 15.12501635208280071, -8.251519891738906765, 19.40273426477441276 ) ) ;
#366 = CARTESIAN_POINT ( 'NONE',  ( -14.51302094135643017, -4.685571090469550448, 73.21195139670935248 ) ) ;
#367 = CARTESIAN_POINT ( 'NONE',  ( -14.62828334315921985, -4.336485176893003946, 14.98886886673316354 ) ) ;
#368 = ORIENTED_EDGE ( 'NONE', *, *, #356, .T. ) ;
#369 = LINE ( 'NONE', #2589, #340 ) ;
#370 = DIRECTION ( 'NONE',  ( 1.000000000000000000, 0.000000000000000000, 0.000000000000000000 ) ) ;
#371 = DIRECTION ( 'NONE',  ( 0.7097995440901336828, -5.331529787199136789E-18, -0.7044037245851546558 ) ) ;
#372 = DIRECTION ( 'NONE',  ( 0.8679268104886530555, 0.000000000000000000, -0.4966921094954033777 ) ) ;
#373 = ORIENTED_EDGE ( 'NONE', *, *, #740, .F. ) ;
#374 = EDGE_CURVE ( 'NONE', #973, #2767, #1262, .T. ) ;
#375 = EDGE_CURVE ( 'NONE', #425, #351, #462, .T. ) ;
#376 = UNCERTAINTY_MEASURE_WITH_UNIT (LENGTH_MEASURE( 1.000000000000000082E-05 ), #2112, 'distance_accuracy_value', 'NONE');
#377 = ORIENTED_EDGE ( 'NONE', *, *, #2621, .F. ) ;
#378 = ORIENTED_EDGE ( 'NONE', *, *, #1637, .T. ) ;
#379 = CARTESIAN_POINT ( 'NONE',  ( 32.36768021584518351, -3.774703976304353503, 44.89536953745264469 ) ) ;
#380 = CARTESIAN_POINT ( 'NONE',  ( -32.56909464066760052, -9.447567138957198907, 45.92362246871493880 ) ) ;
#381 = APPROVAL_ROLE ( '' ) ;
#382 = CARTESIAN_POINT ( 'NONE',  ( 32.23635092166118454, -8.071642712999818059, 47.10366014327154716 ) ) ;
#383 = CARTESIAN_POINT ( 'NONE',  ( 18.20393622573298842, -9.090830074008358963, 17.23127349121455865 ) ) ;
#384 = CARTESIAN_POINT ( 'NONE',  ( 14.21062516807298337, -4.757980749716568702, 14.90284332024137903 ) ) ;
#385 = CARTESIAN_POINT ( 'NONE',  ( -14.88591166041476299, -4.307397540416850745, 73.02478809252433223 ) ) ;
#386 = CARTESIAN_POINT ( 'NONE',  ( -15.28315540792149818, -3.911819649651110176, 15.32486682331981953 ) ) ;
#387 = EDGE_LOOP ( 'NONE', ( #3478, #2917, #1249, #1796 ) ) ;
#388 = CARTESIAN_POINT ( 'NONE',  ( -30.11258857373039888, 35.00000000000000000, 16.00000000000000000 ) ) ;
#389 = VECTOR ( 'NONE', #976, 1000.000000000000000 ) ;
#390 = CARTESIAN_POINT ( 'NONE',  ( -29.11090437967069633, -5.743464067028964948, 44.88340272270637143 ) ) ;
#391 = LINE ( 'NONE', #1010, #1628 ) ;
#392 = CARTESIAN_POINT ( 'NONE',  ( -13.21337243530653538, -7.139545488683529229, 18.19491921941094859 ) ) ;
#393 = ORIENTED_EDGE ( 'NONE', *, *, #1298, .T. ) ;
#394 = ORIENTED_EDGE ( 'NONE', *, *, #2261, .F. ) ;
#395 = ORIENTED_EDGE ( 'NONE', *, *, #712, .T. ) ;
#396 = CARTESIAN_POINT ( 'NONE',  ( 32.25855905848082017, -5.813008608778730490, 41.28718343757370235 ) ) ;
#397 = CARTESIAN_POINT ( 'NONE',  ( -32.62243638270849289, -10.19254129871965731, 44.14260773068475174 ) ) ;
#398 = COORDINATED_UNIVERSAL_TIME_OFFSET ( 8, 0, .AHEAD. ) ;
#399 = CARTESIAN_POINT ( 'NONE',  ( 32.31516209111291005, -9.513584444375837279, 46.09240910360072974 ) ) ;
#400 = ADVANCED_FACE ( 'NONE', ( #1652, #804, #251, #1146, #16 ), #857, .T. ) ;
#401 = APPLICATION_CONTEXT ( 'configuration controlled 3d designs of mechanical parts and assemblies' ) ;
#402 = CARTESIAN_POINT ( 'NONE',  ( 18.66947622910875992, -8.116298825770684289, 17.55517393382488223 ) ) ;
#403 = CARTESIAN_POINT ( 'NONE',  ( -0.1219322952180235953, -10.44257211121519902, 44.07183087840034830 ) ) ;
#404 = CARTESIAN_POINT ( 'NONE',  ( -14.90491114802889072, -4.291410581237996347, 73.01510488591888759 ) ) ;
#405 = CARTESIAN_POINT ( 'NONE',  ( -17.76770051908044579, -4.266773942312562795, 16.77939881696720903 ) ) ;
#406 = ORIENTED_EDGE ( 'NONE', *, *, #2595, .T. ) ;
#407 = CARTESIAN_POINT ( 'NONE',  ( -20.96481136222149999, 16.91105094041014922, 12.00000000000000000 ) ) ;
#408 = CARTESIAN_POINT ( 'NONE',  ( -29.12096826913144199, -5.442494688734103470, 43.76288323022387772 ) ) ;
#409 = CARTESIAN_POINT ( 'NONE',  ( 0.0001611627670711299892, -2.692572111215184805, 12.07206379819306186 ) ) ;
#410 = CARTESIAN_POINT ( 'NONE',  ( -15.09957082885846802, -8.290716032290996296, 19.23881284746984832 ) ) ;
#411 = ORIENTED_EDGE ( 'NONE', *, *, #2179, .T. ) ;
#412 = ORIENTED_EDGE ( 'NONE', *, *, #2020, .T. ) ;
#413 = ORIENTED_EDGE ( 'NONE', *, *, #887, .F. ) ;
#414 = CARTESIAN_POINT ( 'NONE',  ( 32.35965196795077503, -3.954012873740504030, 42.97789600699613999 ) ) ;
#415 = CARTESIAN_POINT ( 'NONE',  ( -32.54517287328276609, -9.327776934792060715, 41.83693282407659098 ) ) ;
#416 = CALENDAR_DATE ( 2025, 4, 11 ) ;
#417 = CARTESIAN_POINT ( 'NONE',  ( 32.24455161197131048, -8.303704209160335026, 47.01526200430648572 ) ) ;
#418 = CARTESIAN_POINT ( 'NONE',  ( 17.64767364616311696, -9.690432624994500088, 16.85970155747023469 ) ) ;
#419 = CARTESIAN_POINT ( 'NONE',  ( 13.68532980891884598, -5.728439322042010673, 14.65058827158112109 ) ) ;
#420 = CARTESIAN_POINT ( 'NONE',  ( -14.93866774227504557, -4.263794505075445329, 72.99784614521594506 ) ) ;
#421 = EDGE_CURVE ( 'NONE', #1733, #690, #1370, .T. ) ;
#422 = CARTESIAN_POINT ( 'NONE',  ( 14.36889010774175901, -5.442610965514404597, 69.19206077588114567 ) ) ;
#423 = CARTESIAN_POINT ( 'NONE',  ( 13.45728041187157586, -8.147731939516230426, 73.59902166036091842 ) ) ;
#424 = AXIS2_PLACEMENT_3D ( 'NONE', #3531, #1307, #1057 ) ;
#425 = VERTEX_POINT ( 'NONE', #1125 ) ;
#426 = PLANE ( 'NONE',  #693 ) ;
#427 = CYLINDRICAL_SURFACE ( 'NONE', #2722, 1.499999999999999778 ) ;
#428 = DIRECTION ( 'NONE',  ( 0.000000000000000000, 0.000000000000000000, -1.000000000000000000 ) ) ;
#429 = DIRECTION ( 'NONE',  ( -7.258656485343231114E-18, -1.000000000000000000, -2.769502879193055538E-20 ) ) ;
#430 = ORIENTED_EDGE ( 'NONE', *, *, #1572, .T. ) ;
#431 = EDGE_LOOP ( 'NONE', ( #280, #1354 ) ) ;
#432 = ORIENTED_EDGE ( 'NONE', *, *, #2453, .T. ) ;
#433 = CIRCLE ( 'NONE', #610, 1.499999999999998224 ) ;
#434 = FACE_OUTER_BOUND ( 'NONE', #118, .T. ) ;
#435 = ADVANCED_FACE ( 'NONE', ( #1948 ), #2760, .F. ) ;
#436 = DIRECTION ( 'NONE',  ( 0.000000000000000000, 0.000000000000000000, 1.000000000000000000 ) ) ;
#437 = CARTESIAN_POINT ( 'NONE',  ( 32.31092609178222119, -9.220021189004459217, 41.98383452481691336 ) ) ;
#438 = CARTESIAN_POINT ( 'NONE',  ( 13.28904926847277501, -7.932170852920868320, 69.78467805888423925 ) ) ;
#439 = CARTESIAN_POINT ( 'NONE',  ( 29.03518863777850001, 18.08894905958980104, 12.00000000000000000 ) ) ;
#440 = CARTESIAN_POINT ( 'NONE',  ( -13.91539520476273850, -5.768518287753119367, 73.49954759180087649 ) ) ;
#441 = CARTESIAN_POINT ( 'NONE',  ( -15.54932826713398875, -6.027725598074826330, 19.51580522284195851 ) ) ;
#442 = CYLINDRICAL_SURFACE ( 'NONE', #2276, 1.649999999999998579 ) ;
#443 = ORIENTED_EDGE ( 'NONE', *, *, #1385, .F. ) ;
#444 = CARTESIAN_POINT ( 'NONE',  ( -0.1982407064586399759, 47.55742788878480098, 64.07168530352990388 ) ) ;
#445 = EDGE_CURVE ( 'NONE', #1899, #1776, #3613, .T. ) ;
#446 = DIRECTION ( 'NONE',  ( -7.258656485343220329E-18, -1.000000000000000000, -2.769502879193380538E-20 ) ) ;
#447 = PLANE ( 'NONE',  #1682 ) ;
#448 = CARTESIAN_POINT ( 'NONE',  ( -32.60327019126090420, -3.957289101137894338, 45.17306233712515251 ) ) ;
#449 = CIRCLE ( 'NONE', #2323, 31.49999999999998934 ) ;
#450 = CIRCLE ( 'NONE', #2496, 32.49999999999999289 ) ;
#451 = ORIENTED_EDGE ( 'NONE', *, *, #2466, .T. ) ;
#452 = EDGE_CURVE ( 'NONE', #655, #754, #3324, .T. ) ;
#453 = LINE ( 'NONE', #1574, #940 ) ;
#454 = ORIENTED_EDGE ( 'NONE', *, *, #1452, .F. ) ;
#455 = ORIENTED_EDGE ( 'NONE', *, *, #68, .F. ) ;
#456 = B_SPLINE_CURVE_WITH_KNOTS ( 'NONE', 3,
 ( #2117, #1620, #188, #719, #1288, #441, #3232, #1843, #1304, #3544, #769, #3561, #1565, #2729, #1054, #2442, #3527, #3267, #752, #1882, #514, #1038 ),
 .UNSPECIFIED., .F., .F.,
 ( 4, 2, 2, 2, 2, 2, 2, 2, 2, 2, 4 ),
 ( 0.000000000000000000, 0.1250000000000013045, 0.1875000000000013323, 0.2500000000000013878, 0.3750000000000022760, 0.4375000000000016653, 0.5000000000000009992, 0.6250000000000007772, 0.7500000000000004441, 0.8750000000000002220, 1.000000000000000000 ),
 .UNSPECIFIED. ) ;
#457 = DIRECTION ( 'NONE',  ( -0.003815420562034335227, 0.000000000000000000, 0.9999927212564772017 ) ) ;
#458 = CARTESIAN_POINT ( 'NONE',  ( 32.37304908099785905, -10.11084452253840738, 43.49793812221592049 ) ) ;
#459 = CARTESIAN_POINT ( 'NONE',  ( 13.68905931968964929, -8.167321718979087208, 14.65233874970921946 ) ) ;
#460 = CARTESIAN_POINT ( 'NONE',  ( 18.84085385333269613, -6.942572111215190134, 17.67746137495635139 ) ) ;
#461 = CARTESIAN_POINT ( 'NONE',  ( -16.81909315806565886, -3.711766552550419096, 71.95532741338263349 ) ) ;
#462 = LINE ( 'NONE', #1582, #31 ) ;
#463 = DIRECTION ( 'NONE',  ( 7.258656485343231114E-18, 1.000000000000000000, 2.769502879193055538E-20 ) ) ;
#464 = ORIENTED_EDGE ( 'NONE', *, *, #2075, .F. ) ;
#465 = FACE_OUTER_BOUND ( 'NONE', #2428, .T. ) ;
#466 = VECTOR ( 'NONE', #1649, 1000.000000000000000 ) ;
#467 = CARTESIAN_POINT ( 'NONE',  ( -0.03990075313449469724, 47.55742788878480098, 22.57198737138609701 ) ) ;
#468 = CARTESIAN_POINT ( 'NONE',  ( -13.49873372718738196, -7.140696560004099247, 14.45239159522577488 ) ) ;
#469 = CARTESIAN_POINT ( 'NONE',  ( -32.49774050960338911, -5.978974467284284167, 46.91074138519523018 ) ) ;
#470 = PLANE ( 'NONE',  #11 ) ;
#471 = EDGE_LOOP ( 'NONE', ( #2931, #721, #1956, #3441 ) ) ;
#472 = EDGE_CURVE ( 'NONE', #709, #3379, #1985, .T. ) ;
#473 = ADVANCED_FACE ( 'NONE', ( #1390 ), #3091, .F. ) ;
#474 = VERTEX_POINT ( 'NONE', #586 ) ;
#475 = CARTESIAN_POINT ( 'NONE',  ( -32.55849305685365636, -9.280752562962206298, 46.10136515358477993 ) ) ;
#476 = CARTESIAN_POINT ( 'NONE',  ( 32.26197541381846889, -8.178862918774241209, 41.32727065661230625 ) ) ;
#477 = CARTESIAN_POINT ( 'NONE',  ( 14.66089654488395055, -9.594047382761649700, 15.12844281478232134 ) ) ;
#478 = CARTESIAN_POINT ( 'NONE',  ( 17.36703859655030513, -4.001785744145935908, 16.67841678025067509 ) ) ;
#479 = FACE_BOUND ( 'NONE', #2335, .T. ) ;
#480 = CARTESIAN_POINT ( 'NONE',  ( 13.90558479085106391, -9.018197706742132169, 73.38882062847778798 ) ) ;
#481 = AXIS2_PLACEMENT_3D ( 'NONE', #2611, #2630, #372 ) ;
#482 = ORIENTED_EDGE ( 'NONE', *, *, #137, .F. ) ;
#483 = DIRECTION ( 'NONE',  ( 0.000000000000000000, -1.000000000000000000, 0.000000000000000000 ) ) ;
#484 = FACE_OUTER_BOUND ( 'NONE', #1567, .T. ) ;
#485 = CARTESIAN_POINT ( 'NONE',  ( -14.70054086802710103, -9.407156295201193785, 73.11847628311357994 ) ) ;
#486 = DIRECTION ( 'NONE',  ( -0.003815420562034333926, 0.000000000000000000, 0.9999927212564774237 ) ) ;
#487 = CARTESIAN_POINT ( 'NONE',  ( -32.50443031782234016, -5.749288398895329166, 46.83296487295336163 ) ) ;
#488 = DIRECTION ( 'NONE',  ( 1.000000000000000000, 0.000000000000000000, 0.000000000000000000 ) ) ;
#489 = ORIENTED_EDGE ( 'NONE', *, *, #3060, .F. ) ;
#490 = EDGE_CURVE ( 'NONE', #3499, #2303, #3013, .T. ) ;
#491 = ADVANCED_FACE ( 'NONE', ( #36 ), #2671, .F. ) ;
#492 = CARTESIAN_POINT ( 'NONE',  ( 32.36547809926133112, -10.00870817709573046, 43.16576697557209030 ) ) ;
#493 = CC_DESIGN_APPROVAL ( #1809, ( #1466 ) ) ;
#494 = CARTESIAN_POINT ( 'NONE',  ( 14.28486291759469395, -9.218386901979538806, 14.93947286629655835 ) ) ;
#495 = CARTESIAN_POINT ( 'NONE',  ( 18.01173179162990579, -4.547002272998752481, 17.10116730194717150 ) ) ;
#496 = CARTESIAN_POINT ( 'NONE',  ( 29.03518863777850001, 18.08894905958980104, 12.00000000000000000 ) ) ;
#497 = CARTESIAN_POINT ( 'NONE',  ( 14.90749122287848216, -9.908055709591906179, 72.88789504578826950 ) ) ;
#498 = AXIS2_PLACEMENT_3D ( 'NONE', #2084, #140, #2068 ) ;
#499 = VERTEX_POINT ( 'NONE', #2547 ) ;
#500 = CARTESIAN_POINT ( 'NONE',  ( -0.05134701482059749605, 47.55742788878480098, 25.57196553515549908 ) ) ;
#501 = VECTOR ( 'NONE', #1186, 1000.000000000000000 ) ;
#502 = CARTESIAN_POINT ( 'NONE',  ( -32.48518812982030113, -6.942572111215190134, 47.05003029819790328 ) ) ;
#503 = CARTESIAN_POINT ( 'NONE',  ( -13.72436384672353960, -7.338895258374609654, 73.58833229517739483 ) ) ;
#504 = VECTOR ( 'NONE', #2529, 1000.000000000000227 ) ;
#505 = CIRCLE ( 'NONE', #3492, 32.00000000000000711 ) ;
#506 = CARTESIAN_POINT ( 'NONE',  ( -13.69687571612787735, -8.135394996851633920, 14.54267663759054763 ) ) ;
#507 = CARTESIAN_POINT ( 'NONE',  ( -56.00000000000000000, 29.66091050094179593, 12.00000000000000000 ) ) ;
#508 = DIRECTION ( 'NONE',  ( 0.003815420562033882031, 0.000000000000000000, -0.9999927212564774237 ) ) ;
#509 = CARTESIAN_POINT ( 'NONE',  ( -0.1219322952180199870, 3.469446951953614978E-15, 44.07183087840034830 ) ) ;
#510 = ORIENTED_EDGE ( 'NONE', *, *, #3228, .T. ) ;
#511 = CARTESIAN_POINT ( 'NONE',  ( 32.33774185862237260, -9.630536238850320174, 42.45332512043138706 ) ) ;
#512 = CARTESIAN_POINT ( 'NONE',  ( 13.48049926375374064, -6.942572111215190134, 14.55532946506394154 ) ) ;
#513 = CARTESIAN_POINT ( 'NONE',  ( 17.49373966802144764, -4.076924166011154149, 16.75982652728426459 ) ) ;
#514 = CARTESIAN_POINT ( 'NONE',  ( -13.20489704883735804, -6.743500255388933162, 18.19064015500344311 ) ) ;
#515 = CARTESIAN_POINT ( 'NONE',  ( 14.95059697574060564, -9.930314353293214324, 72.86538694779655145 ) ) ;
#516 = ADVANCED_FACE ( 'NONE', ( #821 ), #1557, .F. ) ;
#517 = EDGE_LOOP ( 'NONE', ( #3161, #1973, #1419, #2297 ) ) ;
#518 = LINE ( 'NONE', #1568, #1358 ) ;
#519 = DIRECTION ( 'NONE',  ( 0.000000000000000000, 0.000000000000000000, 1.000000000000000000 ) ) ;
#520 = FACE_BOUND ( 'NONE', #2322, .T. ) ;
#521 = AXIS2_PLACEMENT_3D ( 'NONE', #3174, #2894, #3494 ) ;
#522 = CARTESIAN_POINT ( 'NONE',  ( -13.64736306912126196, -7.982523272311352613, 14.51993752031976470 ) ) ;
#523 = CARTESIAN_POINT ( 'NONE',  ( -32.48518812982030113, -6.942572111215190134, 47.05003029819790328 ) ) ;
#524 = AXIS2_PLACEMENT_3D ( 'NONE', #1821, #1268, #113 ) ;
#525 = DIRECTION ( 'NONE',  ( -1.000000000000000000, 0.000000000000000000, 0.000000000000000000 ) ) ;
#526 = CARTESIAN_POINT ( 'NONE',  ( -56.00000000000000000, 4.660910500941819912, 12.00000000000000000 ) ) ;
#527 = ORIENTED_EDGE ( 'NONE', *, *, #1686, .T. ) ;
#528 = LINE ( 'NONE', #3068, #3153 ) ;
#529 = CARTESIAN_POINT ( 'NONE',  ( 15.30401861724303281, -7.859032122241106144, 68.62876619659471089 ) ) ;
#530 = CARTESIAN_POINT ( 'NONE',  ( 18.37566246040479356, -5.057840476802743623, 17.34885168866321337 ) ) ;
#531 = CARTESIAN_POINT ( 'NONE',  ( -0.05134701482059749605, 52.55742788878480098, 25.57196553515549908 ) ) ;
#532 = ORIENTED_EDGE ( 'NONE', *, *, #2595, .F. ) ;
#533 = CARTESIAN_POINT ( 'NONE',  ( 15.85526636039350734, -3.692296226786188740, 72.37407541375564790 ) ) ;
#534 = ADVANCED_FACE ( 'NONE', ( #2778 ), #3631, .T. ) ;
#535 = CARTESIAN_POINT ( 'NONE',  ( 17.83455056536900685, -9.304401150491523609, 71.16082844959765907 ) ) ;
#536 = CARTESIAN_POINT ( 'NONE',  ( -14.36236373464097404, -9.019666946385047623, 73.28642448723782366 ) ) ;
#537 = CARTESIAN_POINT ( 'NONE',  ( -15.13698269106597571, -9.900483098349640798, 15.24824945999790948 ) ) ;
#538 = CARTESIAN_POINT ( 'NONE',  ( -18.80364838659101423, -6.132039603113503823, 17.47769094431744819 ) ) ;
#539 = EDGE_LOOP ( 'NONE', ( #78, #3405, #630, #3298 ) ) ;
#540 = FACE_BOUND ( 'NONE', #789, .T. ) ;
#541 = CARTESIAN_POINT ( 'NONE',  ( -15.92999397298018316, -7.425934664915602390, 68.38451447969185892 ) ) ;
#542 = FACE_OUTER_BOUND ( 'NONE', #2561, .T. ) ;
#543 = VERTEX_POINT ( 'NONE', #1725 ) ;
#544 = CARTESIAN_POINT ( 'NONE',  ( -14.30225902227113899, -6.942572111215190134, 71.39820703678340408 ) ) ;
#545 = EDGE_CURVE ( 'NONE', #1793, #1481, #2831, .T. ) ;
#546 = CARTESIAN_POINT ( 'NONE',  ( 15.56468639499006024, -7.142223217580397687, 68.46301768989789593 ) ) ;
#547 = FACE_OUTER_BOUND ( 'NONE', #1066, .T. ) ;
#548 = DIRECTION ( 'NONE',  ( 0.003815420562034446683, 0.000000000000000000, -0.9999927212564773127 ) ) ;
#549 = CARTESIAN_POINT ( 'NONE',  ( 14.88618114254109415, -3.987060610381671033, 72.89913749168258050 ) ) ;
#550 = CARTESIAN_POINT ( 'NONE',  ( 16.35896651137637647, -10.17386004214971962, 72.08369663593077803 ) ) ;
#551 = FACE_BOUND ( 'NONE', #2969, .T. ) ;
#552 = CARTESIAN_POINT ( 'NONE',  ( 19.87792212991149654, 52.55742788878480098, 44.14813928964100143 ) ) ;
#553 = CARTESIAN_POINT ( 'NONE',  ( -32.54209596970052587, -4.603897198668141399, 41.79532794814468133 ) ) ;
#554 = ORIENTED_EDGE ( 'NONE', *, *, #1176, .T. ) ;
#555 = EDGE_CURVE ( 'NONE', #2383, #2826, #3192, .T. ) ;
#556 = CARTESIAN_POINT ( 'NONE',  ( -18.89682874770089782, -5.715907332509081229, 70.60017929737706766 ) ) ;
#557 = CARTESIAN_POINT ( 'NONE',  ( -32.51685748140929633, -8.472459817539379046, 46.68576839095401709 ) ) ;
#558 = VECTOR ( 'NONE', #3308, 1000.000000000000114 ) ;
#559 = CARTESIAN_POINT ( 'NONE',  ( -13.53743581006998831, -6.276302720173035254, 69.78225128484385209 ) ) ;
#560 = ORIENTED_EDGE ( 'NONE', *, *, #1726, .T. ) ;
#561 = EDGE_CURVE ( 'NONE', #2826, #3259, #226, .T. ) ;
#562 = ORIENTED_EDGE ( 'NONE', *, *, #1201, .T. ) ;
#563 = VECTOR ( 'NONE', #971, 1000.000000000000000 ) ;
#564 = VECTOR ( 'NONE', #2479, 1000.000000000000000 ) ;
#565 = DIRECTION ( 'NONE',  ( 0.000000000000000000, 0.000000000000000000, -1.000000000000000000 ) ) ;
#566 = CARTESIAN_POINT ( 'NONE',  ( -29.12248427693837272, -8.442741925446165752, 44.15896273234166358 ) ) ;
#567 = CARTESIAN_POINT ( 'NONE',  ( 28.83331468808009745, -6.942572111215190134, 45.68231904544949629 ) ) ;
#568 = CARTESIAN_POINT ( 'NONE',  ( -0.04562388397754599950, 47.55742788878480098, 24.07197645327079982 ) ) ;
#569 = CARTESIAN_POINT ( 'NONE',  ( 14.48409950057697770, -4.255422734742059454, 73.10480940697075880 ) ) ;
#570 = CARTESIAN_POINT ( 'NONE',  ( 17.04655293721977216, -9.941394900676263191, 71.66699552050690158 ) ) ;
#571 = CARTESIAN_POINT ( 'NONE',  ( -20.12178672034754712, 47.55742788878480098, 43.99552246715965254 ) ) ;
#572 = CARTESIAN_POINT ( 'NONE',  ( -17.84916457955918645, -9.547556727769057616, 16.83218875494965872 ) ) ;
#573 = CARTESIAN_POINT ( 'NONE',  ( -32.48906203531241488, -5.573838510973551763, 41.13525572711286316 ) ) ;
#574 = VERTEX_POINT ( 'NONE', #531 ) ;
#575 = CARTESIAN_POINT ( 'NONE',  ( -17.89911548707233280, -4.203115590151152325, 71.27886073787291821 ) ) ;
#576 = CARTESIAN_POINT ( 'NONE',  ( -0.2039638373016914863, 47.55742788878480098, 65.57167438541459603 ) ) ;
#577 = CARTESIAN_POINT ( 'NONE',  ( -13.53798595965310270, -7.610115864866871860, 69.78196447076749109 ) ) ;
#578 = DIRECTION ( 'NONE',  ( 0.000000000000000000, -1.000000000000000000, 0.000000000000000000 ) ) ;
#579 = AXIS2_PLACEMENT_3D ( 'NONE', #3625, #1104, #1420 ) ;
#580 = EDGE_CURVE ( 'NONE', #3066, #173, #2271, .T. ) ;
#581 = EDGE_CURVE ( 'NONE', #84, #215, #56, .T. ) ;
#582 = ORIENTED_EDGE ( 'NONE', *, *, #1084, .F. ) ;
#583 = CYLINDRICAL_SURFACE ( 'NONE', #283, 1.499999999999999778 ) ;
#584 = CARTESIAN_POINT ( 'NONE',  ( -29.07718130051515715, -7.042020554095099527, 42.46137906522372418 ) ) ;
#585 = DIRECTION ( 'NONE',  ( -7.259729428968469839E-18, -1.000000000000000000, 2.535153379615575214E-19 ) ) ;
#586 = CARTESIAN_POINT ( 'NONE',  ( -13.20483212170833909, -6.942572111215190134, 18.19060733448690215 ) ) ;
#587 = CARTESIAN_POINT ( 'NONE',  ( 17.99801418343830406, -4.793494212988867353, 71.05183314356975188 ) ) ;
#588 = CARTESIAN_POINT ( 'NONE',  ( 18.40146615340415792, -8.311521275697280942, 70.77648065675144551 ) ) ;
#589 = DIRECTION ( 'NONE',  ( -1.000000000000000000, 0.000000000000000000, 0.000000000000000000 ) ) ;
#590 = CYLINDRICAL_SURFACE ( 'NONE', #3137, 1.499999999999998224 ) ;
#591 = CARTESIAN_POINT ( 'NONE',  ( -32.54473933591248880, -4.565898783206055356, 41.83335550102536615 ) ) ;
#592 = CARTESIAN_POINT ( 'NONE',  ( 28.84476094976620075, -6.942572111215190134, 42.68234088168010487 ) ) ;
#593 = CARTESIAN_POINT ( 'NONE',  ( 15.74241050290707200, 0.3604545113497710229, 19.79585531546489463 ) ) ;
#594 = CARTESIAN_POINT ( 'NONE',  ( -14.06082477452469348, -5.631633486445798198, 69.50291183997191524 ) ) ;
#595 = CARTESIAN_POINT ( 'NONE',  ( 15.39721957094464422, -6.189859812843349296, 68.56997096751142351 ) ) ;
#596 = ORIENTED_EDGE ( 'NONE', *, *, #1980, .T. ) ;
#597 = CIRCLE ( 'NONE', #2650, 1.649999999999998579 ) ;
#598 = ORIENTED_EDGE ( 'NONE', *, *, #1252, .F. ) ;
#599 = DIRECTION ( 'NONE',  ( -0.8641113899266230636, 0.000000000000000000, -0.5033006117610822061 ) ) ;
#600 = EDGE_CURVE ( 'NONE', #222, #1899, #3215, .T. ) ;
#601 = ADVANCED_FACE ( 'NONE', ( #2336 ), #1827, .F. ) ;
#602 = CARTESIAN_POINT ( 'NONE',  ( -32.46332812388079958, -7.343343955723473648, 40.86401197429132282 ) ) ;
#603 = DIRECTION ( 'NONE',  ( 0.2625025744840998598, 8.444528307577216601E-17, -0.9649312920561856632 ) ) ;
#604 = DIRECTION ( 'NONE',  ( 0.4966921094954038773, -3.385817565753304088E-18, 0.8679268104886528334 ) ) ;
#605 = CARTESIAN_POINT ( 'NONE',  ( 17.91835539317246528, -4.685242381887321450, 71.10510807723109394 ) ) ;
#606 = CARTESIAN_POINT ( 'NONE',  ( 19.87219899906844844, 47.55742788878480098, 45.64812837152570069 ) ) ;
#607 = CARTESIAN_POINT ( 'NONE',  ( 15.62338615971880529, -7.606426672799898370, 19.71846674411554190 ) ) ;
#608 = CARTESIAN_POINT ( 'NONE',  ( -17.74414848666350863, -9.638377363680794119, 16.76418473461605174 ) ) ;
#609 = CARTESIAN_POINT ( 'NONE',  ( -17.32406026045700997, -3.961433359064931548, 16.49762559129989370 ) ) ;
#610 = AXIS2_PLACEMENT_3D ( 'NONE', #2220, #2983, #3577 ) ;
#611 = CARTESIAN_POINT ( 'NONE',  ( -18.25115253878811572, -4.541837702237080165, 71.04552012850467690 ) ) ;
#612 = LINE ( 'NONE', #2591, #3320 ) ;
#613 = CARTESIAN_POINT ( 'NONE',  ( -15.96237091130649155, -6.552171845136668615, 68.36352288201906902 ) ) ;
#614 = CARTESIAN_POINT ( 'NONE',  ( 14.70022215314750724, -5.519419166816364353, 68.99795950108676834 ) ) ;
#615 = VECTOR ( 'NONE', #977, 1000.000000000000000 ) ;
#616 = AXIS2_PLACEMENT_3D ( 'NONE', #2603, #2350, #3171 ) ;
#617 = AXIS2_PLACEMENT_3D ( 'NONE', #3109, #3338, #2812 ) ;
#618 = ORIENTED_EDGE ( 'NONE', *, *, #2484, .F. ) ;
#619 = ORIENTED_EDGE ( 'NONE', *, *, #2178, .F. ) ;
#620 = CARTESIAN_POINT ( 'NONE',  ( 32.31912453208337155, -4.316185101698009952, 46.02496180643818491 ) ) ;
#621 = CARTESIAN_POINT ( 'NONE',  ( -32.60393064725749213, -9.936637305486135219, 45.15340856604740338 ) ) ;
#622 = PLANE ( 'NONE',  #670 ) ;
#623 = AXIS2_PLACEMENT_3D ( 'NONE', #1234, #953, #158 ) ;
#624 = CARTESIAN_POINT ( 'NONE',  ( 32.30755587278361673, -9.413304490585154838, 46.21199083590733636 ) ) ;
#625 = CARTESIAN_POINT ( 'NONE',  ( 18.25311869111694563, -9.018884235668544136, 17.26484206108423081 ) ) ;
#626 = DIRECTION ( 'NONE',  ( 0.4966921094954057092, -3.385817565753302933E-18, 0.8679268104886517232 ) ) ;
#627 = CARTESIAN_POINT ( 'NONE',  ( -17.56530663206466158, -9.775912138960345388, 16.64958204523530227 ) ) ;
#628 = ADVANCED_FACE ( 'NONE', ( #1547 ), #933, .F. ) ;
#629 = CARTESIAN_POINT ( 'NONE',  ( -14.31440973695286445, -4.656843661314020721, 14.83446436600660867 ) ) ;
#630 = ORIENTED_EDGE ( 'NONE', *, *, #3403, .T. ) ;
#631 = DIRECTION ( 'NONE',  ( -7.259729428968469839E-18, -1.000000000000000000, 2.535153379615575214E-19 ) ) ;
#632 = CARTESIAN_POINT ( 'NONE',  ( 13.67695117918392711, -0.6364229748773849726, 18.56502005463627825 ) ) ;
#633 = DIRECTION ( 'NONE',  ( 0.003815420562034331324, 0.000000000000000000, -0.9999927212564773127 ) ) ;
#634 = DIRECTION ( 'NONE',  ( 1.000000000000000000, 0.000000000000000000, 0.000000000000000000 ) ) ;
#635 = ORIENTED_EDGE ( 'NONE', *, *, #2197, .T. ) ;
#636 = VERTEX_POINT ( 'NONE', #2645 ) ;
#637 = CARTESIAN_POINT ( 'NONE',  ( 32.30337812958290300, -4.794020654675762216, 41.86905517210615102 ) ) ;
#638 = CARTESIAN_POINT ( 'NONE',  ( -32.57331897156645795, -9.692710467882902137, 42.29237965047852299 ) ) ;
#639 = COORDINATED_UNIVERSAL_TIME_OFFSET ( 8, 0, .AHEAD. ) ;
#640 = CARTESIAN_POINT ( 'NONE',  ( 32.32366429219723614, -9.620830398784701032, 45.95152767861110021 ) ) ;
#641 = CARTESIAN_POINT ( 'NONE',  ( 18.84085385333270324, -7.140691196220638304, 17.67746137495636560 ) ) ;
#642 = CARTESIAN_POINT ( 'NONE',  ( -56.00000000000000000, 35.00000000000000000, 16.00000000000000000 ) ) ;
#643 = CARTESIAN_POINT ( 'NONE',  ( -14.37356685701062275, -4.865803723513128176, 73.28052948127226784 ) ) ;
#644 = CARTESIAN_POINT ( 'NONE',  ( -15.13018799369807432, -3.986980577939556625, 15.24459807877468087 ) ) ;
#645 = ORIENTED_EDGE ( 'NONE', *, *, #2020, .F. ) ;
#646 = LINE ( 'NONE', #1770, #2740 ) ;
#647 = ADVANCED_FACE ( 'NONE', ( #3436 ), #426, .T. ) ;
#648 = ADVANCED_BREP_SHAPE_REPRESENTATION ( '11.4T2651', ( #1086, #958 ), #3481 ) ;
#649 = CARTESIAN_POINT ( 'NONE',  ( -7.400140256968580132, 52.55742788878480098, 16.00000000000000000 ) ) ;
#650 = LINE ( 'NONE', #1774, #744 ) ;
#651 = CARTESIAN_POINT ( 'NONE',  ( -13.38104892666312828, -7.692771827399402795, 18.28038165703291895 ) ) ;
#652 = VERTEX_POINT ( 'NONE', #3454 ) ;
#653 = VERTEX_POINT ( 'NONE', #2627 ) ;
#654 = CIRCLE ( 'NONE', #2703, 32.00000000000000000 ) ;
#655 = VERTEX_POINT ( 'NONE', #3513 ) ;
#656 = CARTESIAN_POINT ( 'NONE',  ( 32.28060856471168449, -4.864712736371429536, 46.59329136577274255 ) ) ;
#657 = CARTESIAN_POINT ( 'NONE',  ( -32.58216577856338603, -9.638521453474526268, 45.67909049759170870 ) ) ;
#658 = PERSON_AND_ORGANIZATION_ROLE ( 'creator' ) ;
#659 = CARTESIAN_POINT ( 'NONE',  ( 32.21765528606842111, -7.140672503372636371, 47.29690065629731066 ) ) ;
#660 = CARTESIAN_POINT ( 'NONE',  ( 18.41973738205859235, -8.736473039298008558, 17.37958391888261644 ) ) ;
#661 = CARTESIAN_POINT ( 'NONE',  ( 14.26794844523213790, -4.686972043688335532, 14.93111222267770266 ) ) ;
#662 = CARTESIAN_POINT ( 'NONE',  ( -13.81213396332432275, -6.132681841225785746, 73.54780681834368750 ) ) ;
#663 = CARTESIAN_POINT ( 'NONE',  ( -17.33753816206760234, -3.968678050801048851, 16.50603598670215888 ) ) ;
#664 = ORIENTED_EDGE ( 'NONE', *, *, #3331, .F. ) ;
#665 = LINE ( 'NONE', #1529, #1333 ) ;
#666 = DIRECTION ( 'NONE',  ( -7.259729428968469839E-18, -1.000000000000000000, 2.535153379615575214E-19 ) ) ;
#667 = DIRECTION ( 'NONE',  ( 0.003815420562033882031, 0.000000000000000000, -0.9999927212564774237 ) ) ;
#668 = LINE ( 'NONE', #2916, #960 ) ;
#669 = ORIENTED_EDGE ( 'NONE', *, *, #555, .F. ) ;
#670 = AXIS2_PLACEMENT_3D ( 'NONE', #1124, #1745, #1965 ) ;
#671 = VERTEX_POINT ( 'NONE', #722 ) ;
#672 = EDGE_CURVE ( 'NONE', #2487, #3016, #2394, .T. ) ;
#673 = EDGE_LOOP ( 'NONE', ( #430, #3471 ) ) ;
#674 = CARTESIAN_POINT ( 'NONE',  ( 32.35888877366474503, -3.964106105432010363, 42.95557622781839058 ) ) ;
#675 = CARTESIAN_POINT ( 'NONE',  ( -32.52225772504696266, -8.973249468916534966, 41.52658865713178216 ) ) ;
#676 = PERSON_AND_ORGANIZATION_ROLE ( 'design_owner' ) ;
#677 = CARTESIAN_POINT ( 'NONE',  ( 32.23927187086022883, -8.156182707118507125, 47.07224223336839941 ) ) ;
#678 = FACE_OUTER_BOUND ( 'NONE', #1371, .T. ) ;
#679 = DIRECTION ( 'NONE',  ( -0.5033006117610820951, 3.872891753873425873E-18, 0.8641113899266231746 ) ) ;
#680 = CARTESIAN_POINT ( 'NONE',  ( -14.70578462898207484, -4.471351817782731608, 73.11599146199648658 ) ) ;
#681 = CARTESIAN_POINT ( 'NONE',  ( -17.36923679985524416, -3.986116899637107469, 16.52584989093022827 ) ) ;
#682 = VERTEX_POINT ( 'NONE', #3235 ) ;
#683 = CARTESIAN_POINT ( 'NONE',  ( -0.1219322952180233871, -3.442572111215185249, 44.07183087840034830 ) ) ;
#684 = CIRCLE ( 'NONE', #907, 1.499999999999998224 ) ;
#685 = CARTESIAN_POINT ( 'NONE',  ( -29.12196981674017593, -5.452311234106932858, 44.15707646315838986 ) ) ;
#686 = CARTESIAN_POINT ( 'NONE',  ( -0.1925175756155884932, 47.55742788878480098, 62.57169622164519751 ) ) ;
#687 = DIRECTION ( 'NONE',  ( -0.2625025744840874253, 8.874592817132697186E-17, 0.9649312920561888829 ) ) ;
#688 = EDGE_LOOP ( 'NONE', ( #3341, #1056 ) ) ;
#689 = EDGE_LOOP ( 'NONE', ( #2342, #208, #52, #3386 ) ) ;
#690 = VERTEX_POINT ( 'NONE', #703 ) ;
#691 = CARTESIAN_POINT ( 'NONE',  ( 32.25387408476819928, -5.979045074754689715, 41.23289948474496214 ) ) ;
#692 = EDGE_CURVE ( 'NONE', #284, #3498, #665, .T. ) ;
#693 = AXIS2_PLACEMENT_3D ( 'NONE', #2063, #2663, #1274 ) ;
#694 = CARTESIAN_POINT ( 'NONE',  ( -32.52513367822673018, -9.021187111628290012, 41.56388215460718527 ) ) ;
#695 = CARTESIAN_POINT ( 'NONE',  ( 13.48528243078752986, -5.659597710857386943, 73.58614442690857516 ) ) ;
#696 = VECTOR ( 'NONE', #18, 1000.000000000000000 ) ;
#697 = CARTESIAN_POINT ( 'NONE',  ( 17.73418504386999572, -9.616125443454148325, 16.91655447413345925 ) ) ;
#698 = CARTESIAN_POINT ( 'NONE',  ( 16.57427856332549609, -3.711588085301683826, 16.18776335671367050 ) ) ;
#699 = CARTESIAN_POINT ( 'NONE',  ( -14.48833806349570885, -4.715654996559913492, 73.22413660581827344 ) ) ;
#700 = CARTESIAN_POINT ( 'NONE',  ( -0.01128509891902803979, -10.44257211121519902, 15.07204196196249946 ) ) ;
#701 = CARTESIAN_POINT ( 'NONE',  ( -19.31481136222150141, 16.91105094041014922, 16.00000000000000000 ) ) ;
#702 = ORIENTED_EDGE ( 'NONE', *, *, #3358, .F. ) ;
#703 = CARTESIAN_POINT ( 'NONE',  ( 0.0001611627670713334940, 35.00000000000000000, 12.07206379819306186 ) ) ;
#704 = CARTESIAN_POINT ( 'NONE',  ( 28.87823614638562120, -5.442610965514808719, 44.08252550444947815 ) ) ;
#705 = FACE_OUTER_BOUND ( 'NONE', #539, .T. ) ;
#706 = CARTESIAN_POINT ( 'NONE',  ( -14.18507622994715689, -8.404156883388068877, 18.70922546300704070 ) ) ;
#707 = ORIENTED_EDGE ( 'NONE', *, *, #2506, .F. ) ;
#708 = ORIENTED_EDGE ( 'NONE', *, *, #66, .F. ) ;
#709 = VERTEX_POINT ( 'NONE', #2875 ) ;
#710 = DIRECTION ( 'NONE',  ( 1.000000000000000000, 0.000000000000000000, 0.000000000000000000 ) ) ;
#711 = APPROVAL_DATE_TIME ( #2404, #3535 ) ;
#712 = EDGE_CURVE ( 'NONE', #574, #830, #369, .T. ) ;
#713 = ADVANCED_FACE ( 'NONE', ( #2932 ), #1190, .T. ) ;
#714 = B_SPLINE_CURVE_WITH_KNOTS ( 'NONE', 3,
 ( #1959, #1716, #865, #559, #3622, #337, #3101, #2503, #594, #2014, #1082, #48, #1100, #8, #2821, #812, #1664, #3119, #1683, #613, #2770, #1156 ),
 .UNSPECIFIED., .F., .F.,
 ( 4, 2, 2, 2, 2, 2, 2, 2, 2, 2, 4 ),
 ( 0.000000000000000000, 0.1249999999999990286, 0.1874999999999977240, 0.2499999999999963918, 0.3749999999999944489, 0.4374999999999950040, 0.4999999999999955591, 0.6249999999999966693, 0.7499999999999977796, 0.8749999999999990008, 1.000000000000000000 ),
 .UNSPECIFIED. ) ;
#715 = CARTESIAN_POINT ( 'NONE',  ( 32.37628821988084127, -10.19208431985501839, 44.58843848655780562 ) ) ;
#716 = CARTESIAN_POINT ( 'NONE',  ( 13.99540809525288410, -8.826591200797937020, 14.79762231679840134 ) ) ;
#717 = CARTESIAN_POINT ( 'NONE',  ( 15.15177778699526989, -3.964103806954381692, 15.38448973184018342 ) ) ;
#718 = CARTESIAN_POINT ( 'NONE',  ( -15.26735676090662253, -4.034815910611571965, 72.82713027079486778 ) ) ;
#719 = CARTESIAN_POINT ( 'NONE',  ( -15.68005775172191463, -6.276302720140067848, 19.59845382673949388 ) ) ;
#720 = FACE_BOUND ( 'NONE', #431, .T. ) ;
#721 = ORIENTED_EDGE ( 'NONE', *, *, #111, .T. ) ;
#722 = CARTESIAN_POINT ( 'NONE',  ( -0.2325794915170224797, 47.55742788878480098, 73.07161979483821312 ) ) ;
#723 = CARTESIAN_POINT ( 'NONE',  ( -29.11967012464618421, -5.519419166800700438, 44.44512885812554970 ) ) ;
#724 = DIRECTION ( 'NONE',  ( -3.965082230804129727E-16, -1.000000000000000000, 0.000000000000000000 ) ) ;
#725 = CARTESIAN_POINT ( 'NONE',  ( -32.58095453247995010, -4.263930917842971624, 45.70335575167072761 ) ) ;
#726 = ORIENTED_EDGE ( 'NONE', *, *, #445, .F. ) ;
#727 = PLANE ( 'NONE',  #1300 ) ;
#728 = ORIENTED_EDGE ( 'NONE', *, *, #161, .T. ) ;
#729 = EDGE_LOOP ( 'NONE', ( #2144, #1999 ) ) ;
#730 = FACE_BOUND ( 'NONE', #688, .T. ) ;
#731 = CARTESIAN_POINT ( 'NONE',  ( 32.26353361319105062, -8.224661610005139067, 41.34555151532295270 ) ) ;
#732 = TOROIDAL_SURFACE ( 'NONE', #616, 31.50000000000000000, 0.5000000000000000000 ) ;
#733 = CARTESIAN_POINT ( 'NONE',  ( 13.85244272324371018, -8.558290314313184766, 14.72927705126546627 ) ) ;
#734 = CARTESIAN_POINT ( 'NONE',  ( 13.60738185723270277, -5.979053729296923692, 14.61409330175958310 ) ) ;
#735 = CARTESIAN_POINT ( 'NONE',  ( -17.29801088470242476, -3.850541870338714645, 71.66225816584730524 ) ) ;
#736 = DIRECTION ( 'NONE',  ( 0.000000000000000000, 0.000000000000000000, -1.000000000000000000 ) ) ;
#737 = DIRECTION ( 'NONE',  ( -1.000000000000000000, 0.000000000000000000, 0.000000000000000000 ) ) ;
#738 = EDGE_LOOP ( 'NONE', ( #1331, #368, #1788, #3204 ) ) ;
#739 = DIRECTION ( 'NONE',  ( 0.000000000000000000, 0.000000000000000000, -1.000000000000000000 ) ) ;
#740 = EDGE_CURVE ( 'NONE', #1899, #222, #1813, .T. ) ;
#741 = CARTESIAN_POINT ( 'NONE',  ( -18.36873313363842186, -9.198976407770082631, 70.96615017763114963 ) ) ;
#742 = FACE_OUTER_BOUND ( 'NONE', #747, .T. ) ;
#743 = CARTESIAN_POINT ( 'NONE',  ( -32.60106414964779731, -3.986648551361247961, 45.23655108901609623 ) ) ;
#744 = VECTOR ( 'NONE', #2338, 1000.000000000000000 ) ;
#745 = PLANE ( 'NONE',  #3279 ) ;
#746 = VERTEX_POINT ( 'NONE', #915 ) ;
#747 = EDGE_LOOP ( 'NONE', ( #961, #2691, #2231, #2434 ) ) ;
#748 = FACE_BOUND ( 'NONE', #1631, .T. ) ;
#749 = CARTESIAN_POINT ( 'NONE',  ( 19.87792212991149654, 47.55742788878480098, 44.14813928964100143 ) ) ;
#750 = CARTESIAN_POINT ( 'NONE',  ( 16.57146387265401444, -10.19255029497286813, 16.18398996855335525 ) ) ;
#751 = FACE_OUTER_BOUND ( 'NONE', #781, .T. ) ;
#752 = CARTESIAN_POINT ( 'NONE',  ( -13.37455092085227371, -6.185001915774138048, 18.27698845763272928 ) ) ;
#753 = DIRECTION ( 'NONE',  ( -1.000000000000000000, 7.259729428968469839E-18, 0.000000000000000000 ) ) ;
#754 = VERTEX_POINT ( 'NONE', #2048 ) ;
#755 = CARTESIAN_POINT ( 'NONE',  ( 18.63889197619020166, -6.942572111215190134, 70.61013287113038928 ) ) ;
#756 = VECTOR ( 'NONE', #3388, 1000.000000000000227 ) ;
#757 = CARTESIAN_POINT ( 'NONE',  ( -17.81246030238841271, -9.749474156120312429, 71.33497302562962261 ) ) ;
#758 = CARTESIAN_POINT ( 'NONE',  ( -15.43041398132264597, -9.938712847956931995, 72.74063614764695274 ) ) ;
#759 = DIRECTION ( 'NONE',  ( -7.258656485343220329E-18, -1.000000000000000000, -2.769502879193380538E-20 ) ) ;
#760 = CARTESIAN_POINT ( 'NONE',  ( -32.58082015509071994, -4.265853037104100132, 45.70602260123735761 ) ) ;
#761 = EDGE_CURVE ( 'NONE', #3286, #1312, #646, .T. ) ;
#762 = EDGE_CURVE ( 'NONE', #192, #1814, #99, .T. ) ;
#763 = LINE ( 'NONE', #3313, #2992 ) ;
#764 = ORIENTED_EDGE ( 'NONE', *, *, #1908, .T. ) ;
#765 = DIRECTION ( 'NONE',  ( -1.084202172485503818E-16, 1.000000000000000000, 0.000000000000000000 ) ) ;
#766 = CARTESIAN_POINT ( 'NONE',  ( 32.26814375501265175, -8.350185365188874442, 41.39980029714148202 ) ) ;
#767 = CARTESIAN_POINT ( 'NONE',  ( 14.86445469138016939, -9.748709266919400207, 15.23332318722992618 ) ) ;
#768 = CARTESIAN_POINT ( 'NONE',  ( 17.19483468560968120, -3.912672102094332693, 16.56946354888323825 ) ) ;
#769 = CARTESIAN_POINT ( 'NONE',  ( -14.86347404374317804, -5.491038467536968781, 19.09791668907252316 ) ) ;
#770 = CARTESIAN_POINT ( 'NONE',  ( 14.03531001189040950, -9.186233883313454029, 73.32627857413871197 ) ) ;
#771 = EDGE_LOOP ( 'NONE', ( #341, #1161, #454, #339, #2047 ) ) ;
#772 = CARTESIAN_POINT ( 'NONE',  ( -0.1219322952180233871, -3.442572111215185249, 44.07183087840034830 ) ) ;
#773 = CARTESIAN_POINT ( 'NONE',  ( -18.85386152171356144, -8.304798203586974736, 70.63059400299827928 ) ) ;
#774 = CARTESIAN_POINT ( 'NONE',  ( -13.93706012014741624, -8.178954858290747865, 73.48938230176585762 ) ) ;
#775 = VECTOR ( 'NONE', #1900, 999.9999999999998863 ) ;
#776 = CARTESIAN_POINT ( 'NONE',  ( -14.66585137132312688, -9.578847222051351196, 15.00770809547389106 ) ) ;
#777 = CARTESIAN_POINT ( 'NONE',  ( -32.60140685948473305, -3.877222238136948107, 42.91575058826584410 ) ) ;
#778 = CARTESIAN_POINT ( 'NONE',  ( 32.24012558805866036, -5.705285622258545075, 47.06303435635718557 ) ) ;
#779 = CARTESIAN_POINT ( 'NONE',  ( 13.43051175250594298, 1.472274401909353658, 18.43330122469278365 ) ) ;
#780 = EDGE_CURVE ( 'NONE', #2523, #9, #2106, .T. ) ;
#781 = EDGE_LOOP ( 'NONE', ( #3530, #2898, #879, #233 ) ) ;
#782 = CARTESIAN_POINT ( 'NONE',  ( 53.00000000000000000, 29.66091050094179593, 0.000000000000000000 ) ) ;
#783 = AXIS2_PLACEMENT_3D ( 'NONE', #1286, #168, #2407 ) ;
#784 = CARTESIAN_POINT ( 'NONE',  ( 15.02582879915440550, -9.853235054423407746, 15.31765573034501848 ) ) ;
#785 = CARTESIAN_POINT ( 'NONE',  ( 18.10463806749946158, -4.660003185663240011, 17.16379751705847312 ) ) ;
#786 = FACE_OUTER_BOUND ( 'NONE', #2705, .T. ) ;
#787 = CARTESIAN_POINT ( 'NONE',  ( 14.94223615453269538, -9.926064752854310669, 72.86976077429230259 ) ) ;
#788 = AXIS2_PLACEMENT_3D ( 'NONE', #1039, #2714, #1583 ) ;
#789 = EDGE_LOOP ( 'NONE', ( #3079, #1180 ) ) ;
#790 = CARTESIAN_POINT ( 'NONE',  ( 16.02056126338264974, -6.942572111215190134, 72.27945221928149522 ) ) ;
#791 = CIRCLE ( 'NONE', #2146, 32.00000000000000711 ) ;
#792 = CARTESIAN_POINT ( 'NONE',  ( -29.07937397930333034, -6.552171845062272126, 42.49945463158807257 ) ) ;
#793 = CARTESIAN_POINT ( 'NONE',  ( -17.51939598456900526, -9.931493042018935569, 71.52321093179995160 ) ) ;
#794 = CARTESIAN_POINT ( 'NONE',  ( 7.156275666532540214, 52.55742788878480098, 16.00000000000000000 ) ) ;
#795 = CARTESIAN_POINT ( 'NONE',  ( -32.49977717626514107, -5.902219759071625660, 46.88729574697481439 ) ) ;
#796 = DIRECTION ( 'NONE',  ( -0.003815420562026943137, 0.000000000000000000, 0.9999927212564774237 ) ) ;
#797 = VERTEX_POINT ( 'NONE', #388 ) ;
#798 = COORDINATED_UNIVERSAL_TIME_OFFSET ( 8, 0, .AHEAD. ) ;
#799 = ORIENTED_EDGE ( 'NONE', *, *, #801, .T. ) ;
#800 = CARTESIAN_POINT ( 'NONE',  ( 32.38355427646055062, -6.942572111215190134, 42.69584296478175389 ) ) ;
#801 = EDGE_CURVE ( 'NONE', #3379, #1471, #1232, .T. ) ;
#802 = CARTESIAN_POINT ( 'NONE',  ( -32.47103433715279408, -7.752086914189148636, 40.94287478079311171 ) ) ;
#803 = CARTESIAN_POINT ( 'NONE',  ( 18.63458544127030336, -5.659537918507385967, 17.53046623401931825 ) ) ;
#804 = FACE_BOUND ( 'NONE', #903, .T. ) ;
#805 = EDGE_LOOP ( 'NONE', ( #707, #1497, #582, #2038, #664, #2662, #2304, #619 ) ) ;
#806 = CARTESIAN_POINT ( 'NONE',  ( 18.46041098753173770, -5.748909024819820246, 70.73541198101101202 ) ) ;
#807 = CARTESIAN_POINT ( 'NONE',  ( -17.74438853189140985, -9.796814529747022604, 71.37908560538571123 ) ) ;
#808 = CARTESIAN_POINT ( 'NONE',  ( -13.72436384672353960, -6.942572111215190134, 73.58833229517749430 ) ) ;
#809 = AXIS2_PLACEMENT_3D ( 'NONE', #2317, #1250, #2372 ) ;
#810 = CARTESIAN_POINT ( 'NONE',  ( -15.01015296381971709, -9.827981451068268370, 15.18252568922707546 ) ) ;
#811 = CARTESIAN_POINT ( 'NONE',  ( -32.59557856224552097, -3.939361810287700383, 42.76328643655601525 ) ) ;
#812 = CARTESIAN_POINT ( 'NONE',  ( -15.36737494788547664, -5.632579336295801653, 68.74185927881848102 ) ) ;
#813 = VERTEX_POINT ( 'NONE', #3195 ) ;
#814 = CC_DESIGN_DATE_AND_TIME_ASSIGNMENT ( #2637, #1763, ( #1466 ) ) ;
#815 = ORIENTED_EDGE ( 'NONE', *, *, #868, .F. ) ;
#816 = CARTESIAN_POINT ( 'NONE',  ( 17.17177217893980057, -1.402512490832965972E-14, 17.14734786459865035 ) ) ;
#817 = FACE_BOUND ( 'NONE', #673, .T. ) ;
#818 = CARTESIAN_POINT ( 'NONE',  ( 18.09353032688409257, -4.645877466072995787, 17.15627942961418029 ) ) ;
#819 = EDGE_CURVE ( 'NONE', #2977, #2919, #2566, .T. ) ;
#820 = EDGE_CURVE ( 'NONE', #1776, #2588, #2399, .T. ) ;
#821 = FACE_OUTER_BOUND ( 'NONE', #2107, .T. ) ;
#822 = ORIENTED_EDGE ( 'NONE', *, *, #1201, .F. ) ;
#823 = CARTESIAN_POINT ( 'NONE',  ( 17.61008472631938204, -4.343965784300684696, 71.30827178080069473 ) ) ;
#824 = CARTESIAN_POINT ( 'NONE',  ( 13.15808069180997997, -6.942572111215190134, 18.29119366625279852 ) ) ;
#825 = LINE ( 'NONE', #1026, #558 ) ;
#826 = CARTESIAN_POINT ( 'NONE',  ( 56.00000000000000000, 2.927108592058569812E-15, 16.00000000000000000 ) ) ;
#827 = ADVANCED_FACE ( 'NONE', ( #3217 ), #1936, .F. ) ;
#828 = AXIS2_PLACEMENT_3D ( 'NONE', #1995, #1139, #3064 ) ;
#829 = CARTESIAN_POINT ( 'NONE',  ( -18.82294200969620945, -6.234628771720693408, 17.49124798977888418 ) ) ;
#830 = VERTEX_POINT ( 'NONE', #500 ) ;
#831 = CARTESIAN_POINT ( 'NONE',  ( -18.05576437099965759, -4.336888196112081317, 71.17589995450455831 ) ) ;
#832 = CARTESIAN_POINT ( 'NONE',  ( -32.56656865734620254, -9.409015868666699589, 45.96768437425038911 ) ) ;
#833 = CARTESIAN_POINT ( 'NONE',  ( -14.54674988712715589, -8.442741925446167528, 69.23061154528812722 ) ) ;
#834 = CARTESIAN_POINT ( 'NONE',  ( -0.1982407064586399759, 52.55742788878480098, 64.07168530352990388 ) ) ;
#835 = ORIENTED_EDGE ( 'NONE', *, *, #3295, .F. ) ;
#836 = CARTESIAN_POINT ( 'NONE',  ( 16.80898975941891749, -0.6018227062861782883, 16.91747648782934732 ) ) ;
#837 = B_SPLINE_CURVE_WITH_KNOTS ( 'NONE', 3,
 ( #204, #3019, #1318, #3559, #1036, #3229, #1839, #2943, #438, #1562, #2676, #167, #3524, #249, #838, #2253, #2268, #2776, #3390, #3611, #529, #871, #2829, #1689, #546, #2810 ),
 .UNSPECIFIED., .F., .F.,
 ( 4, 2, 2, 2, 2, 2, 2, 2, 2, 2, 2, 2, 4 ),
 ( 0.000000000000000000, 0.06249999999999973632, 0.1249999999999994726, 0.1874999999999992228, 0.2499999999999993894, 0.3749999999999990563, 0.4999999999999987788, 0.6249999999999984457, 0.6874999999999981126, 0.7499999999999976685, 0.8124999999999981126, 0.8749999999999981126, 1.000000000000000000 ),
 .UNSPECIFIED. ) ;
#838 = CARTESIAN_POINT ( 'NONE',  ( 14.61924318452777349, -8.404673227393960389, 69.04644814775950579 ) ) ;
#839 = CARTESIAN_POINT ( 'NONE',  ( -15.39521466657850013, -6.942572111215190134, 17.38308144822559953 ) ) ;
#840 = CARTESIAN_POINT ( 'NONE',  ( 0.0001611627670711299892, -2.692572111215184805, 12.07206379819306186 ) ) ;
#841 = CARTESIAN_POINT ( 'NONE',  ( 15.18549053100102775, -3.849982813556103611, 72.74119012998886546 ) ) ;
#842 = CARTESIAN_POINT ( 'NONE',  ( 18.33885148026075029, -8.473459572705223763, 70.81997955567608471 ) ) ;
#843 = CARTESIAN_POINT ( 'NONE',  ( 13.15814576688950055, -7.142223217649664058, 18.29122718745299636 ) ) ;
#844 = CARTESIAN_POINT ( 'NONE',  ( -17.30046735296719973, -9.936187835942991597, 16.48292078159736107 ) ) ;
#845 = CARTESIAN_POINT ( 'NONE',  ( -18.21594217116520298, -4.756878004464987875, 17.07444483681221215 ) ) ;
#846 = ADVANCED_FACE ( 'NONE', ( #1885 ), #2683, .F. ) ;
#847 = CARTESIAN_POINT ( 'NONE',  ( 28.84667024357871412, -6.551758841782066689, 42.72058142640629796 ) ) ;
#848 = APPROVAL_PERSON_ORGANIZATION ( #1484, #921, #2346 ) ;
#849 = CARTESIAN_POINT ( 'NONE',  ( 15.23945797827254900, 1.790160292178385015, 16.00000000000000000 ) ) ;
#850 = CARTESIAN_POINT ( 'NONE',  ( -13.73093879188579258, -7.934874136713964354, 69.68041808134250914 ) ) ;
#851 = CARTESIAN_POINT ( 'NONE',  ( 13.13068633041726940, -6.185001915835867337, 69.86667329916741664 ) ) ;
#852 = EDGE_LOOP ( 'NONE', ( #104, #2651, #2862, #914 ) ) ;
#853 = AXIS2_PLACEMENT_3D ( 'NONE', #2996, #2128, #3348 ) ;
#854 = CYLINDRICAL_SURFACE ( 'NONE', #3450, 1.499999999999998224 ) ;
#855 = CARTESIAN_POINT ( 'NONE',  ( -29.11496094250706435, -8.244663128120064854, 44.71282494770879623 ) ) ;
#856 = DIRECTION ( 'NONE',  ( 0.000000000000000000, 0.000000000000000000, -1.000000000000000000 ) ) ;
#857 = PLANE ( 'NONE',  #3315 ) ;
#858 = CARTESIAN_POINT ( 'NONE',  ( 14.17324924178228862, -4.541951333615776853, 73.25909344878101592 ) ) ;
#859 = CARTESIAN_POINT ( 'NONE',  ( 13.43051175245310880, -6.027725598150287745, 18.43330122466485932 ) ) ;
#860 = DIRECTION ( 'NONE',  ( -0.9999927212564774237, 7.258709319626672568E-18, -0.003815420562026961785 ) ) ;
#861 = CARTESIAN_POINT ( 'NONE',  ( -17.08882558708573285, -10.03386355221317672, 16.35227308641876576 ) ) ;
#862 = CARTESIAN_POINT ( 'NONE',  ( -32.51350715372928590, -5.057864835088849098, 41.41391584171331175 ) ) ;
#863 = CARTESIAN_POINT ( 'NONE',  ( -18.88871002002860777, -5.690714142983463120, 70.60592805771133840 ) ) ;
#864 = CARTESIAN_POINT ( 'NONE',  ( -0.01128509891902780039, 0.000000000000000000, 15.07204196196249946 ) ) ;
#865 = CARTESIAN_POINT ( 'NONE',  ( -13.43601721237016378, -6.551758841761530228, 69.83500131511392794 ) ) ;
#866 = DIRECTION ( 'NONE',  ( -7.258656485343220329E-18, -1.000000000000000000, -2.769502879193385353E-20 ) ) ;
#867 = EDGE_CURVE ( 'NONE', #2919, #2977, #1537, .T. ) ;
#868 = EDGE_CURVE ( 'NONE', #3423, #2411, #2412, .T. ) ;
#869 = ORIENTED_EDGE ( 'NONE', *, *, #1749, .F. ) ;
#870 = LINE ( 'NONE', #2305, #1697 ) ;
#871 = CARTESIAN_POINT ( 'NONE',  ( 15.39718899742018010, -7.694614591525904324, 68.56999219879382679 ) ) ;
#872 = CARTESIAN_POINT ( 'NONE',  ( 28.84882894039223800, -7.857501726038297996, 45.37491192495691905 ) ) ;
#873 = CARTESIAN_POINT ( 'NONE',  ( 0.000000000000000000, 0.000000000000000000, 16.00000000000000000 ) ) ;
#874 = CARTESIAN_POINT ( 'NONE',  ( 17.36168475148971524, -4.136314987222370121, 71.46855166406038506 ) ) ;
#875 = CARTESIAN_POINT ( 'NONE',  ( 16.90616847050245042, -10.00883168437320236, 71.75389319350796313 ) ) ;
#876 = CARTESIAN_POINT ( 'NONE',  ( 14.64682003801283727, -8.442401280058490443, 19.11339419410271034 ) ) ;
#877 = CARTESIAN_POINT ( 'NONE',  ( -18.66557332866757690, -8.254135608663576207, 17.38128290379225760 ) ) ;
#878 = CARTESIAN_POINT ( 'NONE',  ( -32.48678022001105603, -5.631329939188738365, 41.11064970377150729 ) ) ;
#879 = ORIENTED_EDGE ( 'NONE', *, *, #3097, .T. ) ;
#880 = CARTESIAN_POINT ( 'NONE',  ( -18.15540433289612565, -4.436902399583413370, 71.10960829247841275 ) ) ;
#881 = CARTESIAN_POINT ( 'NONE',  ( 17.26215047350775222, 0.5574278887848129749, 17.20561294043794831 ) ) ;
#882 = CARTESIAN_POINT ( 'NONE',  ( -15.82842420566246311, -7.692771827334164314, 68.45028732362651169 ) ) ;
#883 = DIRECTION ( 'NONE',  ( 7.258656485343220329E-18, 1.000000000000000000, 2.769502879193380538E-20 ) ) ;
#884 = ORIENTED_EDGE ( 'NONE', *, *, #2217, .T. ) ;
#885 = EDGE_LOOP ( 'NONE', ( #2086, #2382, #1806, #412, #2000, #2761, #2958, #3519 ) ) ;
#886 = CARTESIAN_POINT ( 'NONE',  ( 32.26056291710681023, -5.749375762923299327, 41.31066391130788418 ) ) ;
#887 = EDGE_CURVE ( 'NONE', #3319, #653, #2156, .T. ) ;
#888 = CARTESIAN_POINT ( 'NONE',  ( -32.56755674575251902, -9.621179315714615043, 42.19261880774952544 ) ) ;
#889 = DIRECTION ( 'NONE',  ( 1.000000000000000000, 3.965082230804129727E-16, 0.000000000000000000 ) ) ;
#890 = CARTESIAN_POINT ( 'NONE',  ( 18.04749408764622487, -4.865452985856645540, 71.01861373121542442 ) ) ;
#891 = CARTESIAN_POINT ( 'NONE',  ( 17.58097786762191106, -9.570436348249851122, 71.32699517352401131 ) ) ;
#892 = DIRECTION ( 'NONE',  ( 1.972423937518264982E-16, 0.000000000000000000, 1.000000000000000000 ) ) ;
#893 = DIRECTION ( 'NONE',  ( -0.003815420562033882031, 0.000000000000000000, 0.9999927212564774237 ) ) ;
#894 = CARTESIAN_POINT ( 'NONE',  ( -14.41734572094382116, -4.541706080963938241, 14.88468153474259026 ) ) ;
#895 = ORIENTED_EDGE ( 'NONE', *, *, #2500, .F. ) ;
#896 = AXIS2_PLACEMENT_3D ( 'NONE', #1444, #889, #3355 ) ;
#897 = DIRECTION ( 'NONE',  ( -0.003815420562034336962, 0.000000000000000000, 0.9999927212564774237 ) ) ;
#898 = CARTESIAN_POINT ( 'NONE',  ( 13.15808069181004036, 0.5574278887848110875, 18.29119366625279852 ) ) ;
#899 = CARTESIAN_POINT ( 'NONE',  ( -15.64105358779934285, -7.694614591646599777, 19.57366955797099450 ) ) ;
#900 = PLANE ( 'NONE',  #3608 ) ;
#901 = AXIS2_PLACEMENT_3D ( 'NONE', #3449, #2678, #3212 ) ;
#902 = EDGE_LOOP ( 'NONE', ( #1314, #3143, #3033, #394 ) ) ;
#903 = EDGE_LOOP ( 'NONE', ( #1219, #141 ) ) ;
#904 = CARTESIAN_POINT ( 'NONE',  ( 32.35951536189119082, -3.955824293457940399, 42.97386437344128041 ) ) ;
#905 = CARTESIAN_POINT ( 'NONE',  ( -32.59305686745302921, -9.918462396222421873, 42.70208515215573897 ) ) ;
#906 = CARTESIAN_POINT ( 'NONE',  ( 19.88364526075454819, 52.55742788878480098, 42.64815020775630217 ) ) ;
#907 = AXIS2_PLACEMENT_3D ( 'NONE', #3118, #278, #1681 ) ;
#908 = ADVANCED_FACE ( 'NONE', ( #239 ), #1921, .F. ) ;
#909 = CARTESIAN_POINT ( 'NONE',  ( 13.47350464800723380, -5.691749432845274015, 73.59155907700873911 ) ) ;
#910 = CARTESIAN_POINT ( 'NONE',  ( 17.56963129963908443, -9.749260281029506814, 16.80893064722223684 ) ) ;
#911 = DIRECTION ( 'NONE',  ( -6.195440985631459015E-17, 1.000000000000000000, 0.000000000000000000 ) ) ;
#912 = CARTESIAN_POINT ( 'NONE',  ( -13.85123377082603291, -5.979100777823372681, 73.52957437768893101 ) ) ;
#913 = CARTESIAN_POINT ( 'NONE',  ( -17.81525490152603908, -4.308582946589921470, 16.81022456633512618 ) ) ;
#914 = ORIENTED_EDGE ( 'NONE', *, *, #2924, .T. ) ;
#915 = CARTESIAN_POINT ( 'NONE',  ( -18.88275657106814975, -6.942572111215190134, 17.53352888881039817 ) ) ;
#916 = LINE ( 'NONE', #649, #963 ) ;
#917 = CARTESIAN_POINT ( 'NONE',  ( 17.13987305380483406, 1.215912260703050363, 17.12679246570972325 ) ) ;
#918 = CARTESIAN_POINT ( 'NONE',  ( -13.47881162356209828, -7.857501726107799733, 18.33087515813436852 ) ) ;
#919 = VERTEX_POINT ( 'NONE', #2207 ) ;
#920 = ORIENTED_EDGE ( 'NONE', *, *, #472, .F. ) ;
#921 = APPROVAL ( #1224, '未指定' ) ;
#922 = VERTEX_POINT ( 'NONE', #3581 ) ;
#923 = CARTESIAN_POINT ( 'NONE',  ( 32.29967584696502314, -4.582728130667676147, 46.32757463273715359 ) ) ;
#924 = CIRCLE ( 'NONE', #1222, 1.499999999999998224 ) ;
#925 = CARTESIAN_POINT ( 'NONE',  ( -32.62132346840549246, -10.17313220414583519, 44.34399704138537146 ) ) ;
#926 = COORDINATED_UNIVERSAL_TIME_OFFSET ( 8, 0, .AHEAD. ) ;
#927 = CARTESIAN_POINT ( 'NONE',  ( 14.09954077167279252, -4.623173268912458944, 73.29510362735419449 ) ) ;
#928 = CARTESIAN_POINT ( 'NONE',  ( 14.64514220351051321, -5.442494688734135444, 19.11240286382748721 ) ) ;
#929 = CARTESIAN_POINT ( 'NONE',  ( 14.25901591706121785, -4.697831793995976390, 14.92670180896845800 ) ) ;
#930 = FACE_OUTER_BOUND ( 'NONE', #2644, .T. ) ;
#931 = CARTESIAN_POINT ( 'NONE',  ( -15.21592856899347090, -3.944081804505570332, 15.28952197611164543 ) ) ;
#932 = ORIENTED_EDGE ( 'NONE', *, *, #801, .F. ) ;
#933 = CYLINDRICAL_SURFACE ( 'NONE', #3032, 1.499999999999998224 ) ;
#934 = ADVANCED_FACE ( 'NONE', ( #465 ), #2733, .F. ) ;
#935 = CARTESIAN_POINT ( 'NONE',  ( -56.00000000000000000, 2.927108592058569812E-15, 16.00000000000000000 ) ) ;
#936 = DIRECTION ( 'NONE',  ( 0.000000000000000000, 0.000000000000000000, 1.000000000000000000 ) ) ;
#937 = CARTESIAN_POINT ( 'NONE',  ( -15.31203670091090352, -8.136422974873926961, 19.36824183381897768 ) ) ;
#938 = ORIENTED_EDGE ( 'NONE', *, *, #3339, .T. ) ;
#939 = ORIENTED_EDGE ( 'NONE', *, *, #3403, .F. ) ;
#940 = VECTOR ( 'NONE', #2956, 1000.000000000000000 ) ;
#941 = ORIENTED_EDGE ( 'NONE', *, *, #3520, .F. ) ;
#942 = CARTESIAN_POINT ( 'NONE',  ( 32.35524332154037808, -4.011698012858778029, 42.85613546855229572 ) ) ;
#943 = CARTESIAN_POINT ( 'NONE',  ( -32.56731717386300318, -9.618205314574066023, 42.18849225882510012 ) ) ;
#944 = DIRECTION ( 'NONE',  ( -0.5033006117610763219, 3.872891753873427413E-18, 0.8641113899266265053 ) ) ;
#945 = CARTESIAN_POINT ( 'NONE',  ( 13.25486914170962471, -6.545988245202082112, 73.69127015933553082 ) ) ;
#946 = CARTESIAN_POINT ( 'NONE',  ( 13.66971191277676212, -5.743464067091639258, 18.56085870147791184 ) ) ;
#947 = CARTESIAN_POINT ( 'NONE',  ( 15.17111233330675901, -3.954203213349546164, 15.39478809433111017 ) ) ;
#948 = CARTESIAN_POINT ( 'NONE',  ( -13.92630100988466069, -5.736732901574924881, 73.49443133878034473 ) ) ;
#949 = CARTESIAN_POINT ( 'NONE',  ( -18.15798062533882273, -4.679734094718004833, 17.03572530338794522 ) ) ;
#950 = ORIENTED_EDGE ( 'NONE', *, *, #3061, .T. ) ;
#951 = DIRECTION ( 'NONE',  ( -0.003815420562033882031, 0.000000000000000000, 0.9999927212564774237 ) ) ;
#952 = CARTESIAN_POINT ( 'NONE',  ( -0.2440257532031220034, -3.442572111215185249, 76.07159795860759743 ) ) ;
#953 = DIRECTION ( 'NONE',  ( -0.5033006117610820951, 3.872891753873425873E-18, 0.8641113899266231746 ) ) ;
#954 = CARTESIAN_POINT ( 'NONE',  ( 30.11258857373034914, -23.03496852034945164, 16.00000000000000000 ) ) ;
#955 = ORIENTED_EDGE ( 'NONE', *, *, #1974, .F. ) ;
#956 = EDGE_CURVE ( 'NONE', #2767, #1793, #2937, .T. ) ;
#957 = EDGE_CURVE ( 'NONE', #2109, #797, #223, .T. ) ;
#958 = AXIS2_PLACEMENT_3D ( 'NONE', #3207, #436, #2328 ) ;
#959 = ORIENTED_EDGE ( 'NONE', *, *, #3106, .F. ) ;
#960 = VECTOR ( 'NONE', #687, 1000.000000000000000 ) ;
#961 = ORIENTED_EDGE ( 'NONE', *, *, #2380, .F. ) ;
#962 = CARTESIAN_POINT ( 'NONE',  ( 32.24132353919990379, -6.942572111215190134, 41.09363145659975203 ) ) ;
#963 = VECTOR ( 'NONE', #666, 1000.000000000000000 ) ;
#964 = CIRCLE ( 'NONE', #3014, 1.499999999999998224 ) ;
#965 = CARTESIAN_POINT ( 'NONE',  ( -32.59200639192465587, -9.776226291936515267, 45.46658071102000065 ) ) ;
#966 = PERSON_AND_ORGANIZATION_ROLE ( 'classification_officer' ) ;
#967 = CARTESIAN_POINT ( 'NONE',  ( 32.22717142500174248, -7.752157761716738094, 47.20076993540171628 ) ) ;
#968 = CARTESIAN_POINT ( 'NONE',  ( 18.17855661942148160, -9.126880667391191082, 17.21398016384980423 ) ) ;
#969 = CARTESIAN_POINT ( 'NONE',  ( 15.12843814388773467, -3.976293252633653186, 15.37208645027768483 ) ) ;
#970 = CARTESIAN_POINT ( 'NONE',  ( -13.98098650486903693, -5.581011264789166759, 73.46876413699801844 ) ) ;
#971 = DIRECTION ( 'NONE',  ( -7.259729428968469839E-18, -1.000000000000000000, 2.535153379615575214E-19 ) ) ;
#972 = CARTESIAN_POINT ( 'NONE',  ( -17.60516033558032234, -4.136027103752015321, 16.67486152466016236 ) ) ;
#973 = VERTEX_POINT ( 'NONE', #2139 ) ;
#974 = DIRECTION ( 'NONE',  ( 0.000000000000000000, 0.000000000000000000, -1.000000000000000000 ) ) ;
#975 = FACE_OUTER_BOUND ( 'NONE', #3178, .T. ) ;
#976 = DIRECTION ( 'NONE',  ( -7.259729428968469839E-18, -1.000000000000000000, 2.535153379615575214E-19 ) ) ;
#977 = DIRECTION ( 'NONE',  ( -0.4966921094953956617, 3.385817565753227436E-18, -0.8679268104886574964 ) ) ;
#978 = VERTEX_POINT ( 'NONE', #3597 ) ;
#979 = EDGE_CURVE ( 'NONE', #222, #2588, #518, .T. ) ;
#980 = ORIENTED_EDGE ( 'NONE', *, *, #1298, .F. ) ;
#981 = ORIENTED_EDGE ( 'NONE', *, *, #2773, .T. ) ;
#982 = AXIS2_PLACEMENT_3D ( 'NONE', #1934, #3039, #1966 ) ;
#983 = CARTESIAN_POINT ( 'NONE',  ( -56.00000000000000000, 2.927108592058569812E-15, 0.000000000000000000 ) ) ;
#984 = CALENDAR_DATE ( 2025, 4, 11 ) ;
#985 = CARTESIAN_POINT ( 'NONE',  ( 32.36284428474633046, -9.973598845322236173, 43.07688462367762838 ) ) ;
#986 = AXIS2_PLACEMENT_3D ( 'NONE', #1167, #2224, #3343 ) ;
#987 = CARTESIAN_POINT ( 'NONE',  ( 14.38741374342626678, -5.442610965514938393, 18.96229560696835037 ) ) ;
#988 = CARTESIAN_POINT ( 'NONE',  ( 15.10736405188745657, -3.987659058430738757, 15.36092600402999153 ) ) ;
#989 = CARTESIAN_POINT ( 'NONE',  ( -14.93295176421391979, -4.268422357098942577, 73.00077253598138327 ) ) ;
#990 = DIRECTION ( 'NONE',  ( 0.000000000000000000, 0.000000000000000000, 1.000000000000000000 ) ) ;
#991 = CARTESIAN_POINT ( 'NONE',  ( 14.23259659610002892, -9.421596205421137071, 73.23064271384687629 ) ) ;
#992 = ORIENTED_EDGE ( 'NONE', *, *, #375, .T. ) ;
#993 = DIRECTION ( 'NONE',  ( -0.7097995440901272435, 5.331529787199091337E-18, 0.7044037245851610951 ) ) ;
#994 = CARTESIAN_POINT ( 'NONE',  ( -29.09053483401486773, -6.551758841806397449, 45.42308033039199699 ) ) ;
#995 = CARTESIAN_POINT ( 'NONE',  ( 29.03518863777850001, 18.08894905958980104, 16.00000000000000000 ) ) ;
#996 = CARTESIAN_POINT ( 'NONE',  ( -32.57900941549136320, -4.291741204718158009, 45.74147727728787771 ) ) ;
#997 = ORIENTED_EDGE ( 'NONE', *, *, #3060, .T. ) ;
#998 = ORIENTED_EDGE ( 'NONE', *, *, #88, .T. ) ;
#999 = ORIENTED_EDGE ( 'NONE', *, *, #2440, .F. ) ;
#1000 = FACE_BOUND ( 'NONE', #1687, .T. ) ;
#1001 = CARTESIAN_POINT ( 'NONE',  ( 32.34628800235125112, -9.750729513134187343, 42.63447276054637314 ) ) ;
#1002 = EDGE_CURVE ( 'NONE', #1141, #2939, #2167, .T. ) ;
#1003 = CARTESIAN_POINT ( 'NONE',  ( 14.90527963192919536, -9.776268160708323052, 15.25458012292693510 ) ) ;
#1004 = CARTESIAN_POINT ( 'NONE',  ( 13.48049926375374064, -6.744391412700802668, 14.55532946506393799 ) ) ;
#1005 = CARTESIAN_POINT ( 'NONE',  ( -17.08037488354325362, -3.774833601670856797, 71.79662802887320083 ) ) ;
#1006 = CARTESIAN_POINT ( 'NONE',  ( -13.71255243660457701, -5.705147945035362156, 14.54988762690718929 ) ) ;
#1007 = VERTEX_POINT ( 'NONE', #2429 ) ;
#1008 = DIRECTION ( 'NONE',  ( -0.003815420562029256391, 0.000000000000000000, 0.9999927212564774237 ) ) ;
#1009 = CARTESIAN_POINT ( 'NONE',  ( -29.10952492839584238, -5.632579336351331456, 43.20390444939216223 ) ) ;
#1010 = CARTESIAN_POINT ( 'NONE',  ( -32.60929561927824949, -6.942572111215190134, 40.69785337949684845 ) ) ;
#1011 = CARTESIAN_POINT ( 'NONE',  ( -32.57789688922132143, -4.307710942695817558, 45.76274245293871701 ) ) ;
#1012 = CARTESIAN_POINT ( 'NONE',  ( 0.000000000000000000, 0.000000000000000000, 16.00000000000000000 ) ) ;
#1013 = VERTEX_POINT ( 'NONE', #3270 ) ;
#1014 = ORIENTED_EDGE ( 'NONE', *, *, #1952, .F. ) ;
#1015 = CARTESIAN_POINT ( 'NONE',  ( -32.50841107573366173, -8.253163847659330088, 46.78623077703196742 ) ) ;
#1016 = CARTESIAN_POINT ( 'NONE',  ( 32.34147390467460070, -9.683521011745236606, 42.52976243820604907 ) ) ;
#1017 = CIRCLE ( 'NONE', #901, 1.499999999999998224 ) ;
#1018 = CARTESIAN_POINT ( 'NONE',  ( 14.69917003384700038, -9.624867448305796103, 15.14805298918820853 ) ) ;
#1019 = CARTESIAN_POINT ( 'NONE',  ( 18.60475765449756480, -5.573773865578234954, 17.50934524882246635 ) ) ;
#1020 = EDGE_CURVE ( 'NONE', #1555, #574, #246, .T. ) ;
#1021 = CARTESIAN_POINT ( 'NONE',  ( -0.1219322952180233871, -3.442572111215190134, 44.07183087840034830 ) ) ;
#1022 = LINE ( 'NONE', #3251, #3311 ) ;
#1023 = ORIENTED_EDGE ( 'NONE', *, *, #1747, .F. ) ;
#1024 = CARTESIAN_POINT ( 'NONE',  ( -20.96481136222149999, 16.91105094041014922, 12.00000000000000000 ) ) ;
#1025 = CARTESIAN_POINT ( 'NONE',  ( -18.90714018993340417, -8.136424220844235222, 70.59287919110198573 ) ) ;
#1026 = CARTESIAN_POINT ( 'NONE',  ( -19.08518798025790275, -6.942572111215190134, 17.47845888900189948 ) ) ;
#1027 = CARTESIAN_POINT ( 'NONE',  ( -13.70127413265316285, -8.148102871922834112, 14.54469948107720967 ) ) ;
#1028 = CARTESIAN_POINT ( 'NONE',  ( -32.59002992002996280, -4.135866911646747468, 45.51397089028532150 ) ) ;
#1029 = AXIS2_PLACEMENT_3D ( 'NONE', #2966, #237, #1601 ) ;
#1030 = CIRCLE ( 'NONE', #148, 1.499999999999998224 ) ;
#1031 = CARTESIAN_POINT ( 'NONE',  ( 32.22490583469516423, -6.129928942516974288, 47.22729890861868540 ) ) ;
#1032 = ORIENTED_EDGE ( 'NONE', *, *, #3540, .T. ) ;
#1033 = ORIENTED_EDGE ( 'NONE', *, *, #1208, .T. ) ;
#1034 = CARTESIAN_POINT ( 'NONE',  ( -32.51201124515241503, -8.350277008125368994, 46.74381791530935004 ) ) ;
#1035 = CARTESIAN_POINT ( 'NONE',  ( 14.81421567737210410, -0.1385215809067802117, 15.77139688765950432 ) ) ;
#1036 = CARTESIAN_POINT ( 'NONE',  ( 13.02943849879259552, -7.425934664908499627, 69.91835567657945205 ) ) ;
#1037 = CARTESIAN_POINT ( 'NONE',  ( 14.61689832879054052, 2.927856087228174828E-15, 16.00000000000000000 ) ) ;
#1038 = CARTESIAN_POINT ( 'NONE',  ( -13.20483212170833909, -6.942572111215190134, 18.19060733448690215 ) ) ;
#1039 = CARTESIAN_POINT ( 'NONE',  ( -20.12178672034754712, 47.55742788878480098, 43.99552246715965254 ) ) ;
#1040 = EDGE_LOOP ( 'NONE', ( #67, #406, #1135, #3538 ) ) ;
#1041 = DIRECTION ( 'NONE',  ( -0.9999927212564774237, 7.258709319626672568E-18, -0.003815420562029276774 ) ) ;
#1042 = AXIS2_PLACEMENT_3D ( 'NONE', #2792, #2543, #3086 ) ;
#1043 = CARTESIAN_POINT ( 'NONE',  ( -19.08471845044515902, -7.140857004144990583, 70.46620037704765593 ) ) ;
#1044 = CARTESIAN_POINT ( 'NONE',  ( -17.17602316703491994, -10.11277987381306787, 71.74077932629853649 ) ) ;
#1045 = CARTESIAN_POINT ( 'NONE',  ( -13.51458401621208694, -7.343427578385750110, 14.45945389809295634 ) ) ;
#1046 = CARTESIAN_POINT ( 'NONE',  ( -32.60236930642282971, -3.969272446796371145, 45.19937024065990983 ) ) ;
#1047 = EDGE_CURVE ( 'NONE', #2588, #1776, #597, .T. ) ;
#1048 = DIRECTION ( 'NONE',  ( 7.259729428968469839E-18, 1.000000000000000000, -2.535153379615575214E-19 ) ) ;
#1049 = CARTESIAN_POINT ( 'NONE',  ( 13.48663681056566332, 1.549153858935772066, 18.46301140666340856 ) ) ;
#1050 = ORIENTED_EDGE ( 'NONE', *, *, #3247, .T. ) ;
#1051 = CARTESIAN_POINT ( 'NONE',  ( 32.26158737889154793, -8.167210160456212620, 41.32271101623388887 ) ) ;
#1052 = CARTESIAN_POINT ( 'NONE',  ( 13.75903452110244984, -8.350122956199236057, 14.68517611659849287 ) ) ;
#1053 = CARTESIAN_POINT ( 'NONE',  ( 17.71249523701980522, -4.248903744305883023, 16.90264358765399777 ) ) ;
#1054 = CARTESIAN_POINT ( 'NONE',  ( -14.18687358383534125, -5.480446819884967624, 18.71022112071773691 ) ) ;
#1055 = CARTESIAN_POINT ( 'NONE',  ( -13.71744090041119080, -5.691552211062445465, 14.55213567144696540 ) ) ;
#1056 = ORIENTED_EDGE ( 'NONE', *, *, #3500, .T. ) ;
#1057 = DIRECTION ( 'NONE',  ( -0.8679268104886576074, 0.000000000000000000, 0.4966921094953953841 ) ) ;
#1058 = CARTESIAN_POINT ( 'NONE',  ( -29.09259260163218030, -6.022385106033901536, 42.76008138940824921 ) ) ;
#1059 = CARTESIAN_POINT ( 'NONE',  ( -13.95365930912250008, -8.224718059896016342, 73.48159662329726416 ) ) ;
#1060 = VECTOR ( 'NONE', #3264, 1000.000000000000000 ) ;
#1061 = CARTESIAN_POINT ( 'NONE',  ( -13.56534939372633275, -7.649779743278869226, 14.48248038804192639 ) ) ;
#1062 = CARTESIAN_POINT ( 'NONE',  ( -32.56116541632253103, -4.559193367974361699, 46.06119464634522132 ) ) ;
#1063 = CARTESIAN_POINT ( 'NONE',  ( -0.04562388397754599950, 52.55742788878480098, 24.07197645327079982 ) ) ;
#1064 = DIRECTION ( 'NONE',  ( 0.000000000000000000, 0.000000000000000000, -1.000000000000000000 ) ) ;
#1065 = EDGE_CURVE ( 'NONE', #1471, #2536, #2481, .T. ) ;
#1066 = EDGE_LOOP ( 'NONE', ( #2037, #1257, #3422, #413, #3239, #2468, #2912 ) ) ;
#1067 = CARTESIAN_POINT ( 'NONE',  ( -32.62169573605355311, -6.942572111215190134, 43.94782971013444950 ) ) ;
#1068 = VECTOR ( 'NONE', #911, 1000.000000000000000 ) ;
#1069 = FACE_BOUND ( 'NONE', #3479, .T. ) ;
#1070 = CARTESIAN_POINT ( 'NONE',  ( -30.11258857373034914, 3.469446951953614978E-15, 16.00000000000000000 ) ) ;
#1071 = DIRECTION ( 'NONE',  ( -7.259729428968469839E-18, -1.000000000000000000, 2.535153379615575214E-19 ) ) ;
#1072 = AXIS2_PLACEMENT_3D ( 'NONE', #3160, #2104, #633 ) ;
#1073 = ORIENTED_EDGE ( 'NONE', *, *, #3106, .T. ) ;
#1074 = DIRECTION ( 'NONE',  ( 0.000000000000000000, 0.000000000000000000, -1.000000000000000000 ) ) ;
#1075 = VECTOR ( 'NONE', #240, 1000.000000000000000 ) ;
#1076 = CARTESIAN_POINT ( 'NONE',  ( -18.52703812399906269, -8.972131361955943518, 70.85823217429081922 ) ) ;
#1077 = PLANE ( 'NONE',  #1613 ) ;
#1078 = AXIS2_PLACEMENT_3D ( 'NONE', #304, #604, #1423 ) ;
#1079 = CARTESIAN_POINT ( 'NONE',  ( -14.71916271751887528, -9.622679844443954522, 15.03442616406049481 ) ) ;
#1080 = EDGE_CURVE ( 'NONE', #543, #2732, #3317, .T. ) ;
#1081 = CARTESIAN_POINT ( 'NONE',  ( -32.56824374768316233, -4.255440081567025246, 42.20451188639898277 ) ) ;
#1082 = CARTESIAN_POINT ( 'NONE',  ( -14.37920554088794667, -5.491038467536876411, 69.32533761821206042 ) ) ;
#1083 = CARTESIAN_POINT ( 'NONE',  ( 15.71850632087056709, 0.9478281549265298311, 19.78013887478169863 ) ) ;
#1084 = EDGE_CURVE ( 'NONE', #43, #636, #2183, .T. ) ;
#1085 = ORIENTED_EDGE ( 'NONE', *, *, #1548, .F. ) ;
#1086 = MANIFOLD_SOLID_BREP ( 'NONE', #2088 ) ;
#1087 = DIRECTION ( 'NONE',  ( 0.000000000000000000, 0.000000000000000000, -1.000000000000000000 ) ) ;
#1088 = EDGE_CURVE ( 'NONE', #32, #1935, #3110, .T. ) ;
#1089 = FACE_OUTER_BOUND ( 'NONE', #885, .T. ) ;
#1090 = CARTESIAN_POINT ( 'NONE',  ( 18.84085385333271034, -6.545965893436403782, 17.67746137495637271 ) ) ;
#1091 = DIRECTION ( 'NONE',  ( 0.000000000000000000, 0.000000000000000000, -1.000000000000000000 ) ) ;
#1092 = ORIENTED_EDGE ( 'NONE', *, *, #2179, .F. ) ;
#1093 = CARTESIAN_POINT ( 'NONE',  ( 17.53570253563729153, -4.277015205883821558, 71.35658487944061790 ) ) ;
#1094 = FACE_BOUND ( 'NONE', #2892, .T. ) ;
#1095 = CARTESIAN_POINT ( 'NONE',  ( -14.60128048177569760, -9.302007365829792818, 73.16817966194187761 ) ) ;
#1096 = CARTESIAN_POINT ( 'NONE',  ( -14.39704116862158223, -9.326736873863712418, 14.87452431966130106 ) ) ;
#1097 = CARTESIAN_POINT ( 'NONE',  ( -18.70016453427682990, -5.735770599494331101, 17.40538566587682823 ) ) ;
#1098 = CARTESIAN_POINT ( 'NONE',  ( -18.27153176945203228, -4.565454095065454077, 71.03182439798574421 ) ) ;
#1099 = CARTESIAN_POINT ( 'NONE',  ( -32.48518812982030823, -7.338940526937462572, 47.05003029819788907 ) ) ;
#1100 = CARTESIAN_POINT ( 'NONE',  ( -14.63127833388123911, -5.442610965507707732, 69.18136614982131505 ) ) ;
#1101 = ORIENTED_EDGE ( 'NONE', *, *, #3271, .T. ) ;
#1102 = B_SPLINE_CURVE_WITH_KNOTS ( 'NONE', 3,
 ( #962, #3123, #2072, #2562, #2616, #691, #342, #396, #1780, #886, #1162, #1181, #1462, #3461, #2920, #1743, #2344, #2039, #637, #2884, #70, #3182, #360, #1482, #2598, #87, #3205, #3144, #942, #2092, #3424, #674, #107, #904, #1817, #414, #2902, #1221, #1761, #1797, #379, #1519, #2864, #53, #3407, #1200, #2635, #126, #1239, #2361, #2287, #2018, #2326, #620, #3444, #2846, #2580, #923, #3480, #2055, #3164, #656, #3502, #144, #1260, #1536, #2384, #2653, #1629, #3604, #778, #2687, #2467, #1031, #3553, #244 ),
 .UNSPECIFIED., .F., .F.,
 ( 4, 2, 2, 1, 1, 1, 2, 2, 2, 2, 2, 1, 2, 2, 2, 2, 2, 1, 1, 1, 2, 2, 2, 2, 2, 1, 1, 1, 1, 2, 2, 2, 2, 2, 1, 2, 2, 2, 2, 2, 1, 1, 2, 2, 4 ),
 ( 0.000000000000000000, 0.06249999999995195510, 0.09374999999992773836, 0.1093749999999156369, 0.1171874999999098083, 0.1210937499999069078, 0.1230468749999057004, 0.1249999999999044931, 0.1874999999998937794, 0.2187499999998890055, 0.2343749999998860356, 0.2421874999998850087, 0.2460937499998845368, 0.2499999999998840927, 0.3124999999998830935, 0.3437499999998826494, 0.3593749999998822608, 0.3671874999998833156, 0.3710937499998837041, 0.3730468749998823719, 0.3740234374998817612, 0.3749999999998810951, 0.4999999999997225553, 0.5624999999996443956, 0.5937499999996054267, 0.6093749999995858868, 0.6171874999995771160, 0.6210937499995726752, 0.6230468749995712319, 0.6240234374995713429, 0.6249999999995714539, 0.6874999999996385114, 0.7187499999996728173, 0.7343749999996899147, 0.7421874999996990185, 0.7460937499997035705, 0.7499999999997081224, 0.8124999999997686295, 0.8437499999997989386, 0.8593749999998140376, 0.8671874999998221423, 0.8710937499998262501, 0.8730468749998284705, 0.8749999999998306910, 1.000000000000000000 ),
 .UNSPECIFIED. ) ;
#1103 = VERTEX_POINT ( 'NONE', #3299 ) ;
#1104 = DIRECTION ( 'NONE',  ( 0.000000000000000000, 1.000000000000000000, 0.000000000000000000 ) ) ;
#1105 = CARTESIAN_POINT ( 'NONE',  ( -29.08136476699167261, -7.425934664967111409, 42.53798968152776894 ) ) ;
#1106 = DIRECTION ( 'NONE',  ( 0.2551317479660525356, -1.607061881787620223E-18, 0.9669062990692461890 ) ) ;
#1107 = CARTESIAN_POINT ( 'NONE',  ( -0.2421180429221085062, 52.05742788878480098, 75.57160159797940935 ) ) ;
#1108 = EDGE_CURVE ( 'NONE', #9, #543, #2981, .T. ) ;
#1109 = EDGE_CURVE ( 'NONE', #1793, #1141, #1833, .T. ) ;
#1110 = CARTESIAN_POINT ( 'NONE',  ( 14.51571247447161639, -4.230528217092420107, 73.08888667706501963 ) ) ;
#1111 = CARTESIAN_POINT ( 'NONE',  ( 13.19215262196520477, -6.551758841726800675, 18.30866044170296192 ) ) ;
#1112 = CARTESIAN_POINT ( 'NONE',  ( 14.30288529671373965, -8.442741925446100026, 18.91305021152577126 ) ) ;
#1113 = FACE_OUTER_BOUND ( 'NONE', #2215, .T. ) ;
#1114 = CIRCLE ( 'NONE', #2526, 1.499999999999911182 ) ;
#1115 = CARTESIAN_POINT ( 'NONE',  ( -18.88275657106814975, -6.942572111215190134, 17.53352888881039817 ) ) ;
#1116 = ORIENTED_EDGE ( 'NONE', *, *, #1429, .T. ) ;
#1117 = CARTESIAN_POINT ( 'NONE',  ( -17.50254993308456264, -3.944810735540339675, 71.53388032046989053 ) ) ;
#1118 = CARTESIAN_POINT ( 'NONE',  ( 17.18458651988609276, 1.092442713677983068, 17.15555763705605941 ) ) ;
#1119 = CARTESIAN_POINT ( 'NONE',  ( -14.06332947118838739, -8.244663128145072406, 69.50102725424474670 ) ) ;
#1120 = ORIENTED_EDGE ( 'NONE', *, *, #2882, .F. ) ;
#1121 = EDGE_LOOP ( 'NONE', ( #2626, #3304, #395, #1816 ) ) ;
#1122 = LINE ( 'NONE', #1688, #1397 ) ;
#1123 = CARTESIAN_POINT ( 'NONE',  ( -29.09054044055647736, -7.334065544362667666, 45.42297971524472899 ) ) ;
#1124 = CARTESIAN_POINT ( 'NONE',  ( 0.000000000000000000, 0.000000000000000000, 16.00000000000000000 ) ) ;
#1125 = CARTESIAN_POINT ( 'NONE',  ( 13.15808069181004036, 0.5574278887848110875, 18.29119366625279852 ) ) ;
#1126 = ORGANIZATION ( '未指定', '未指定', '' ) ;
#1127 = CARTESIAN_POINT ( 'NONE',  ( 16.72064672484069092, -3.772379202774005957, 71.87003873644063390 ) ) ;
#1128 = EDGE_CURVE ( 'NONE', #813, #2939, #1122, .T. ) ;
#1129 = CARTESIAN_POINT ( 'NONE',  ( 0.000000000000000000, 0.000000000000000000, 12.00000000000000000 ) ) ;
#1130 = ADVANCED_FACE ( 'NONE', ( #3369 ), #1944, .F. ) ;
#1131 = FACE_BOUND ( 'NONE', #125, .T. ) ;
#1132 = CARTESIAN_POINT ( 'NONE',  ( -18.30174594491985474, -9.020515474935471900, 17.13158632717406960 ) ) ;
#1133 = VECTOR ( 'NONE', #2935, 1000.000000000000000 ) ;
#1134 = CARTESIAN_POINT ( 'NONE',  ( -32.56171527985014080, -4.336168431965225167, 42.09360710033382702 ) ) ;
#1135 = ORIENTED_EDGE ( 'NONE', *, *, #692, .F. ) ;
#1136 = CIRCLE ( 'NONE', #1261, 1.500000000000426326 ) ;
#1137 = CARTESIAN_POINT ( 'NONE',  ( -32.61597260521050146, -6.942572111215190134, 42.44784062824975024 ) ) ;
#1138 = CARTESIAN_POINT ( 'NONE',  ( 16.96065955159005512, 1.567443057446452404, 17.01254168464884842 ) ) ;
#1139 = DIRECTION ( 'NONE',  ( 0.5033006117610809849, -3.872891753873435117E-18, -0.8641113899266238407 ) ) ;
#1140 = CYLINDRICAL_SURFACE ( 'NONE', #2149, 1.499999999999998224 ) ;
#1141 = VERTEX_POINT ( 'NONE', #816 ) ;
#1142 = CIRCLE ( 'NONE', #3200, 1.649999999999998579 ) ;
#1143 = LINE ( 'NONE', #2267, #756 ) ;
#1144 = DIRECTION ( 'NONE',  ( 0.4966921094954038773, -3.385817565753304088E-18, 0.8679268104886528334 ) ) ;
#1145 = CARTESIAN_POINT ( 'NONE',  ( 28.85797298565550761, -7.859032122057702630, 42.99103316965723565 ) ) ;
#1146 = FACE_BOUND ( 'NONE', #2358, .T. ) ;
#1147 = CARTESIAN_POINT ( 'NONE',  ( 15.32074932418281499, -3.801023513656016206, 72.66865028914033076 ) ) ;
#1148 = CARTESIAN_POINT ( 'NONE',  ( 17.89703579588627491, -9.227356500698416397, 71.11932460138056911 ) ) ;
#1149 = CARTESIAN_POINT ( 'NONE',  ( -0.1219322952180233871, -3.442572111215190134, 44.07183087840034830 ) ) ;
#1150 = CARTESIAN_POINT ( 'NONE',  ( -18.13000121904114081, -9.241070459018819960, 17.01708315276794536 ) ) ;
#1151 = CARTESIAN_POINT ( 'NONE',  ( -32.53785271515904043, -4.666020839491461736, 41.73556570808143107 ) ) ;
#1152 = EDGE_LOOP ( 'NONE', ( #2573, #1495 ) ) ;
#1153 = AXIS2_PLACEMENT_3D ( 'NONE', #3071, #1691, #2290 ) ;
#1154 = CARTESIAN_POINT ( 'NONE',  ( -19.08471845044515192, -6.942572111215190134, 70.46620037704769857 ) ) ;
#1155 = CARTESIAN_POINT ( 'NONE',  ( 13.15814576688538295, 0.3577767823617333254, 18.29122718745087894 ) ) ;
#1156 = CARTESIAN_POINT ( 'NONE',  ( -15.99427945202585022, -6.942572111215190134, 68.34256625526468554 ) ) ;
#1157 = CARTESIAN_POINT ( 'NONE',  ( 15.43619316130229180, -6.276302720145331193, 68.54520793005072221 ) ) ;
#1158 = ADVANCED_FACE ( 'NONE', ( #2489 ), #854, .F. ) ;
#1159 = AXIS2_PLACEMENT_3D ( 'NONE', #1337, #1865, #753 ) ;
#1160 = VERTEX_POINT ( 'NONE', #1721 ) ;
#1161 = ORIENTED_EDGE ( 'NONE', *, *, #1384, .F. ) ;
#1162 = CARTESIAN_POINT ( 'NONE',  ( 32.26097374988486166, -5.736663878127749250, 41.31549101779786781 ) ) ;
#1163 = CARTESIAN_POINT ( 'NONE',  ( -32.55154852151220979, -9.415020755784011541, 41.93358793591301747 ) ) ;
#1164 = CARTESIAN_POINT ( 'NONE',  ( 28.87109635207033875, -8.244663128108872030, 43.43083680906116228 ) ) ;
#1165 = DIRECTION ( 'NONE',  ( 0.000000000000000000, 0.000000000000000000, -1.000000000000000000 ) ) ;
#1166 = CARTESIAN_POINT ( 'NONE',  ( 17.52206264078796849, -4.265249614693453317, 71.36540981756883184 ) ) ;
#1167 = CARTESIAN_POINT ( 'NONE',  ( -0.1219322952180229985, 52.05742788878480098, 44.07183087840034830 ) ) ;
#1168 = CARTESIAN_POINT ( 'NONE',  ( 13.89527290537791870, -8.290716032300368354, 18.68430640409805576 ) ) ;
#1169 = CARTESIAN_POINT ( 'NONE',  ( -17.69226224454812524, -9.681014666060450580, 16.73075884653633949 ) ) ;
#1170 = CARTESIAN_POINT ( 'NONE',  ( -14.52087855695136476, -4.436630939156434472, 14.93563592441449295 ) ) ;
#1171 = ORIENTED_EDGE ( 'NONE', *, *, #2261, .T. ) ;
#1172 = CARTESIAN_POINT ( 'NONE',  ( -18.34597591975555630, -4.656818454351716596, 70.98157354706930278 ) ) ;
#1173 = CARTESIAN_POINT ( 'NONE',  ( 13.29412136921836662, -0.1101158649015403085, 18.36169728603386631 ) ) ;
#1174 = CARTESIAN_POINT ( 'NONE',  ( -14.35219633586808108, -8.442401280072330039, 18.80249783342614123 ) ) ;
#1175 = CARTESIAN_POINT ( 'NONE',  ( -0.01128509891902758008, 52.55742788878480098, 15.07204196196249946 ) ) ;
#1176 = EDGE_CURVE ( 'NONE', #2285, #2523, #3050, .T. ) ;
#1177 = EDGE_CURVE ( 'NONE', #2955, #1007, #528, .T. ) ;
#1178 = DESIGN_CONTEXT ( 'detailed design', #1673, 'design' ) ;
#1179 = ORIENTED_EDGE ( 'NONE', *, *, #3097, .F. ) ;
#1180 = ORIENTED_EDGE ( 'NONE', *, *, #2019, .T. ) ;
#1181 = CARTESIAN_POINT ( 'NONE',  ( 32.26124262342158744, -5.728428384697477505, 41.31865352716657469 ) ) ;
#1182 = CARTESIAN_POINT ( 'NONE',  ( -32.59433539583254458, -9.932348265196429438, 42.73277299331465429 ) ) ;
#1183 = DIRECTION ( 'NONE',  ( -0.4966921094953961058, 3.385817565753230518E-18, -0.8679268104886572743 ) ) ;
#1184 = CARTESIAN_POINT ( 'NONE',  ( 13.62853011411701765, -5.326043579194263522, 73.51997978923246535 ) ) ;
#1185 = CARTESIAN_POINT ( 'NONE',  ( 15.49940623884271496, -6.022385105977334341, 19.63837783312293439 ) ) ;
#1186 = DIRECTION ( 'NONE',  ( -1.000000000000000000, 0.000000000000000000, 0.000000000000000000 ) ) ;
#1187 = CARTESIAN_POINT ( 'NONE',  ( -14.61886144412119926, -4.559025076080692074, 73.15963702334889263 ) ) ;
#1188 = CARTESIAN_POINT ( 'NONE',  ( -14.75928410447777139, -4.230754828151684244, 15.05462730005133665 ) ) ;
#1189 = VERTEX_POINT ( 'NONE', #1403 ) ;
#1190 = PLANE ( 'NONE',  #3387 ) ;
#1191 = CONICAL_SURFACE ( 'NONE', #3183, 3.249999999424063812, 0.7853981633974490562 ) ;
#1192 = CARTESIAN_POINT ( 'NONE',  ( -13.49873372718733933, -6.942572111215190134, 14.45239159522580152 ) ) ;
#1193 = EDGE_CURVE ( 'NONE', #3241, #3319, #1387, .T. ) ;
#1194 = CARTESIAN_POINT ( 'NONE',  ( 17.26210894132502105, 0.6938438621262663641, 17.20558606658084955 ) ) ;
#1195 = CARTESIAN_POINT ( 'NONE',  ( -13.20483212170833909, -6.942572111215190134, 18.19060733448690215 ) ) ;
#1196 = VERTEX_POINT ( 'NONE', #544 ) ;
#1197 = AXIS2_PLACEMENT_3D ( 'NONE', #3025, #3582, #175 ) ;
#1198 = ORIENTED_EDGE ( 'NONE', *, *, #1726, .F. ) ;
#1199 = ORIENTED_EDGE ( 'NONE', *, *, #1590, .F. ) ;
#1200 = CARTESIAN_POINT ( 'NONE',  ( 32.35246103280938001, -3.931313170130391388, 45.36176278330790979 ) ) ;
#1201 = EDGE_CURVE ( 'NONE', #1312, #3121, #301, .T. ) ;
#1202 = ADVANCED_FACE ( 'NONE', ( #2216 ), #583, .F. ) ;
#1203 = CARTESIAN_POINT ( 'NONE',  ( -32.59416057185016768, -9.930452985684070200, 42.72854645067574353 ) ) ;
#1204 =( NAMED_UNIT ( * ) SI_UNIT ( $, .STERADIAN. ) SOLID_ANGLE_UNIT ( ) );
#1205 = VECTOR ( 'NONE', #2696, 1000.000000000000000 ) ;
#1206 = VECTOR ( 'NONE', #1455, 1000.000000000000000 ) ;
#1207 = CARTESIAN_POINT ( 'NONE',  ( 32.25158153095578939, -8.468349028747988783, 46.94095990629585913 ) ) ;
#1208 = EDGE_CURVE ( 'NONE', #1769, #2411, #2341, .T. ) ;
#1209 = CARTESIAN_POINT ( 'NONE',  ( 18.13390355385839570, -9.187032139466323244, 17.18364369560374172 ) ) ;
#1210 = CARTESIAN_POINT ( 'NONE',  ( 14.18305631859722382, -4.794029735872465281, 14.88929710127144013 ) ) ;
#1211 = CARTESIAN_POINT ( 'NONE',  ( -13.92917367582418997, -5.728498536226740434, 73.49308321130342847 ) ) ;
#1212 = CARTESIAN_POINT ( 'NONE',  ( -14.01628632385029327, -5.057207786395511384, 14.69112833842920196 ) ) ;
#1213 = ORIENTED_EDGE ( 'NONE', *, *, #1573, .F. ) ;
#1214 = CARTESIAN_POINT ( 'NONE',  ( -0.01128509891902758008, 52.55742788878480098, 15.07204196196249946 ) ) ;
#1215 = CARTESIAN_POINT ( 'NONE',  ( 28.86010466420185594, -5.740969557923968125, 45.10206337366667384 ) ) ;
#1216 = DIRECTION ( 'NONE',  ( 0.5033006117610809849, -3.872891753873435117E-18, -0.8641113899266238407 ) ) ;
#1217 = CARTESIAN_POINT ( 'NONE',  ( -13.71956771144215992, -8.143122743829829702, 18.45691222536266096 ) ) ;
#1218 = ORIENTED_EDGE ( 'NONE', *, *, #1229, .T. ) ;
#1219 = ORIENTED_EDGE ( 'NONE', *, *, #3384, .F. ) ;
#1220 = EDGE_LOOP ( 'NONE', ( #1834, #164, #635, #3199 ) ) ;
#1221 = CARTESIAN_POINT ( 'NONE',  ( 32.37928785770369444, -3.693053579334544256, 43.80243514899359525 ) ) ;
#1222 = AXIS2_PLACEMENT_3D ( 'NONE', #2704, #2195, #796 ) ;
#1223 = CARTESIAN_POINT ( 'NONE',  ( -32.56673104067596114, -9.610926438848093056, 42.17844634965820916 ) ) ;
#1224 = APPROVAL_STATUS ( 'not_yet_approved' ) ;
#1225 = CARTESIAN_POINT ( 'NONE',  ( 32.32269824874043707, -9.608825350283268563, 45.96809414555443141 ) ) ;
#1226 = CARTESIAN_POINT ( 'NONE',  ( 17.74245000094483160, -9.608952088860325702, 16.92199273873488607 ) ) ;
#1227 = FACE_OUTER_BOUND ( 'NONE', #264, .T. ) ;
#1228 = DIRECTION ( 'NONE',  ( -0.4966921094953961058, 3.385817565753230518E-18, -0.8679268104886572743 ) ) ;
#1229 = EDGE_CURVE ( 'NONE', #2383, #2977, #33, .T. ) ;
#1230 = CARTESIAN_POINT ( 'NONE',  ( -13.83160903676621345, -5.411798497325400525, 14.60475301957775507 ) ) ;
#1231 = ORIENTED_EDGE ( 'NONE', *, *, #580, .F. ) ;
#1232 = LINE ( 'NONE', #3472, #3511 ) ;
#1233 = CARTESIAN_POINT ( 'NONE',  ( 28.86024048112829377, -5.950846141050162075, 43.05278769731776833 ) ) ;
#1234 = CARTESIAN_POINT ( 'NONE',  ( -15.59842610716109945, -6.942572111215190134, 70.64325611914169656 ) ) ;
#1235 = CARTESIAN_POINT ( 'NONE',  ( -15.37749307642706320, -8.073088471811436406, 19.40864654206867712 ) ) ;
#1236 = ORIENTED_EDGE ( 'NONE', *, *, #1429, .F. ) ;
#1237 = ORIENTED_EDGE ( 'NONE', *, *, #1820, .T. ) ;
#1238 = EDGE_LOOP ( 'NONE', ( #2863, #1742, #2080, #199 ) ) ;
#1239 = CARTESIAN_POINT ( 'NONE',  ( 32.35092838706361817, -3.947844328923703294, 45.39973378284667405 ) ) ;
#1240 = AXIS2_PLACEMENT_3D ( 'NONE', #772, #1867, #3253 ) ;
#1241 = CARTESIAN_POINT ( 'NONE',  ( -32.60660376033575858, -9.972206109568194421, 45.07020304699350532 ) ) ;
#1242 = PERSON_AND_ORGANIZATION ( #1430, #1126 ) ;
#1243 = CARTESIAN_POINT ( 'NONE',  ( 32.34962229023291513, -9.923134541548639831, 45.43129660421806193 ) ) ;
#1244 = CARTESIAN_POINT ( 'NONE',  ( 14.05365108584459577, -5.519419166816831535, 18.77240427595634387 ) ) ;
#1245 = CARTESIAN_POINT ( 'NONE',  ( 14.93530601039823935, -4.088668110478059781, 15.27050010042224670 ) ) ;
#1246 = CARTESIAN_POINT ( 'NONE',  ( -15.80861255317414837, -6.942572111215190134, 19.68068366297299931 ) ) ;
#1247 = CARTESIAN_POINT ( 'NONE',  ( 13.62021768520612675, -5.632579336369399670, 69.60978570780622476 ) ) ;
#1248 = CARTESIAN_POINT ( 'NONE',  ( -17.98335584929280273, -4.471770511606841580, 16.92000632380144154 ) ) ;
#1249 = ORIENTED_EDGE ( 'NONE', *, *, #957, .F. ) ;
#1250 = DIRECTION ( 'NONE',  ( 0.000000000000000000, 0.000000000000000000, -1.000000000000000000 ) ) ;
#1251 = EDGE_CURVE ( 'NONE', #1013, #2315, #2632, .T. ) ;
#1252 = EDGE_CURVE ( 'NONE', #1733, #3259, #3092, .T. ) ;
#1253 = CARTESIAN_POINT ( 'NONE',  ( -56.00000000000000000, 2.927108592058569812E-15, 16.00000000000000000 ) ) ;
#1254 = CARTESIAN_POINT ( 'NONE',  ( 16.23533758701709573, -6.942572111215190134, 15.98821070578505044 ) ) ;
#1255 = CARTESIAN_POINT ( 'NONE',  ( -15.49511611967485614, -7.934874136694365809, 19.48179193055608849 ) ) ;
#1256 = ORIENTED_EDGE ( 'NONE', *, *, #1704, .F. ) ;
#1257 = ORIENTED_EDGE ( 'NONE', *, *, #1869, .T. ) ;
#1258 = B_SPLINE_CURVE_WITH_KNOTS ( 'NONE', 3,
 ( #1507, #1004, #3245, #2059, #1269, #734, #3448, #2349, #2115, #2332, #1803, #419, #1862, #1541, #2889, #150, #2602, #95, #1210, #384, #131, #929, #661, #2366, #2657, #3507, #1245, #1784, #114, #988, #969, #717, #2097, #3468, #947, #2077, #3190, #3211, #2908, #698, #1822, #2389, #2927, #2169, #768, #250, #1335, #1600, #2491, #1896, #478, #513, #1053, #2425, #1917, #3612, #495, #3593, #3337, #818, #785, #3283, #530, #1881, #2745, #3036, #1019, #2186, #803, #1303, #2473, #1651, #1619, #2712, #1090, #460 ),
 .UNSPECIFIED., .F., .F.,
 ( 4, 2, 2, 1, 1, 1, 2, 2, 2, 2, 2, 1, 2, 2, 2, 2, 2, 1, 1, 1, 2, 2, 2, 2, 2, 1, 1, 1, 1, 2, 2, 2, 2, 2, 1, 2, 2, 2, 2, 2, 1, 1, 2, 2, 4 ),
 ( 0.000000000000000000, 0.06250000000000044409, 0.09375000000000055511, 0.1093750000000006384, 0.1171875000000005690, 0.1210937500000005412, 0.1230468750000004441, 0.1250000000000003331, 0.1874999999999936717, 0.2187499999999905076, 0.2343749999999888700, 0.2421874999999880929, 0.2460937499999877320, 0.2499999999999873712, 0.3124999999999785172, 0.3437499999999740763, 0.3593749999999722444, 0.3671874999999713562, 0.3710937499999704681, 0.3730468749999699685, 0.3740234374999693578, 0.3749999999999687472, 0.4999999999999292233, 0.5624999999999087397, 0.5937499999998981925, 0.6093749999998925304, 0.6171874999998903100, 0.6210937499998893108, 0.6230468749998890887, 0.6240234374998887557, 0.6249999999998884226, 0.6874999999999065192, 0.7187499999999159561, 0.7343749999999205080, 0.7421874999999228395, 0.7460937499999240607, 0.7499999999999251710, 0.8124999999999477085, 0.8437499999999588107, 0.8593749999999643618, 0.8671874999999672484, 0.8710937499999688027, 0.8730468749999693578, 0.8749999999999699130, 1.000000000000000000 ),
 .UNSPECIFIED. ) ;
#1259 = ORIENTED_EDGE ( 'NONE', *, *, #3045, .T. ) ;
#1260 = CARTESIAN_POINT ( 'NONE',  ( 32.25212984309643360, -5.412097044606299256, 46.93259056775246307 ) ) ;
#1261 = AXIS2_PLACEMENT_3D ( 'NONE', #2413, #2988, #3004 ) ;
#1262 = CIRCLE ( 'NONE', #2087, 32.00000000000000711 ) ;
#1263 = CARTESIAN_POINT ( 'NONE',  ( -32.55729135611746017, -9.261213553261057996, 46.12059864887224592 ) ) ;
#1264 = PERSON_AND_ORGANIZATION ( #1430, #1126 ) ;
#1265 = PRODUCT_DEFINITION_FORMATION_WITH_SPECIFIED_SOURCE ( '任何', '', #162, .NOT_KNOWN. ) ;
#1266 = CARTESIAN_POINT ( 'NONE',  ( 32.28111557614899851, -9.018706973358563417, 46.58173751769902537 ) ) ;
#1267 = EDGE_CURVE ( 'NONE', #2411, #3398, #1143, .T. ) ;
#1268 = DIRECTION ( 'NONE',  ( 0.4966921094954049876, -3.385817565753304859E-18, 0.8679268104886520563 ) ) ;
#1269 = CARTESIAN_POINT ( 'NONE',  ( 13.56827812693114765, -6.132642082657804750, 14.59585901429155186 ) ) ;
#1270 = CARTESIAN_POINT ( 'NONE',  ( -15.10779332143932585, -4.135348734625689637, 72.91071304539610765 ) ) ;
#1271 = CARTESIAN_POINT ( 'NONE',  ( 14.45191130754599662, -5.452311234106534066, 69.14397729033680662 ) ) ;
#1272 = CARTESIAN_POINT ( 'NONE',  ( -13.49873372718736775, -6.545928231068086411, 14.45239159522576600 ) ) ;
#1273 = ORIENTED_EDGE ( 'NONE', *, *, #1686, .F. ) ;
#1274 = DIRECTION ( 'NONE',  ( -1.972423937518264982E-16, 0.000000000000000000, 1.000000000000000000 ) ) ;
#1275 = CARTESIAN_POINT ( 'NONE',  ( -0.2459334634841394696, -3.442572111215185249, 76.57159431923579973 ) ) ;
#1276 = CARTESIAN_POINT ( 'NONE',  ( 27.38518863777849788, 18.08894905958980104, 12.00000000000000000 ) ) ;
#1277 = CARTESIAN_POINT ( 'NONE',  ( -32.50484121051673014, -5.736575599129448477, 46.82813701072245038 ) ) ;
#1278 = ORIENTED_EDGE ( 'NONE', *, *, #1108, .T. ) ;
#1279 = ORIENTED_EDGE ( 'NONE', *, *, #472, .T. ) ;
#1280 = EDGE_CURVE ( 'NONE', #1365, #1769, #870, .T. ) ;
#1281 = ORIENTED_EDGE ( 'NONE', *, *, #2243, .T. ) ;
#1282 = CARTESIAN_POINT ( 'NONE',  ( 12.96096753127211976, -6.942572111215190134, 69.95305442231391169 ) ) ;
#1283 = APPROVAL_STATUS ( 'not_yet_approved' ) ;
#1284 = CARTESIAN_POINT ( 'NONE',  ( 32.27666939256162948, -8.558647837685111170, 41.50290407252174418 ) ) ;
#1285 = CARTESIAN_POINT ( 'NONE',  ( 15.21672496038356392, -9.953583403813237140, 15.41915665201805297 ) ) ;
#1286 = CARTESIAN_POINT ( 'NONE',  ( 29.03518863777850001, 18.08894905958980104, 16.00000000000000000 ) ) ;
#1287 = CARTESIAN_POINT ( 'NONE',  ( -15.77587429691718413, -3.771893905704716499, 72.55634147978659598 ) ) ;
#1288 = CARTESIAN_POINT ( 'NONE',  ( -15.64108416135638890, -6.189859812835369901, 19.57369078927389339 ) ) ;
#1289 = CARTESIAN_POINT ( 'NONE',  ( 14.88637910980249757, -9.896697548358691421, 72.89886871452546302 ) ) ;
#1290 = ORIENTED_EDGE ( 'NONE', *, *, #183, .F. ) ;
#1291 = DIRECTION ( 'NONE',  ( -6.195440985631459015E-17, 1.000000000000000000, 0.000000000000000000 ) ) ;
#1292 = CARTESIAN_POINT ( 'NONE',  ( -0.1219322952180199870, 3.469446951953614978E-15, 44.07183087840034830 ) ) ;
#1293 = CARTESIAN_POINT ( 'NONE',  ( 56.00000000000000000, 35.00000000000000000, 16.00000000000000000 ) ) ;
#1294 = CARTESIAN_POINT ( 'NONE',  ( -32.54724746562044402, -4.793938256151021093, 46.27453730689402533 ) ) ;
#1295 = CARTESIAN_POINT ( 'NONE',  ( 29.03518863777850001, 18.08894905958980104, 16.00000000000000000 ) ) ;
#1296 = EDGE_LOOP ( 'NONE', ( #2883, #3194, #1171, #1386 ) ) ;
#1297 = EDGE_LOOP ( 'NONE', ( #1535, #1396, #155, #997 ) ) ;
#1298 = EDGE_CURVE ( 'NONE', #2732, #543, #1102, .T. ) ;
#1299 = DIRECTION ( 'NONE',  ( 0.8641113899266249510, 0.000000000000000000, 0.5033006117610789865 ) ) ;
#1300 = AXIS2_PLACEMENT_3D ( 'NONE', #1646, #3258, #1853 ) ;
#1301 = CARTESIAN_POINT ( 'NONE',  ( 32.24132353919990379, -6.942572111215190134, 41.09363145659975203 ) ) ;
#1302 = CARTESIAN_POINT ( 'NONE',  ( 13.69806651311319712, -8.192563215859467007, 14.65656459234913811 ) ) ;
#1303 = CARTESIAN_POINT ( 'NONE',  ( 18.64516176287121851, -5.691682123286438966, 17.53795745856845656 ) ) ;
#1304 = CARTESIAN_POINT ( 'NONE',  ( -15.17644821399687949, -5.631633486468180294, 19.28485540992259217 ) ) ;
#1305 = CARTESIAN_POINT ( 'NONE',  ( 13.77774217892922337, -8.828662466910975226, 73.44985098681063107 ) ) ;
#1306 = ORIENTED_EDGE ( 'NONE', *, *, #1616, .F. ) ;
#1307 = DIRECTION ( 'NONE',  ( -0.4966921094953948845, 3.385817565753223970E-18, -0.8679268104886578294 ) ) ;
#1308 = CYLINDRICAL_SURFACE ( 'NONE', #1197, 1.499999999999998224 ) ;
#1309 = DIRECTION ( 'NONE',  ( -0.003815420562034331758, 0.000000000000000000, 0.9999927212564772017 ) ) ;
#1310 = CARTESIAN_POINT ( 'NONE',  ( -13.40194528224593995, -6.942572111215190134, 69.85246809054790162 ) ) ;
#1311 = PLANE ( 'NONE',  #2868 ) ;
#1312 = VERTEX_POINT ( 'NONE', #2162 ) ;
#1313 = VECTOR ( 'NONE', #626, 1000.000000000000114 ) ;
#1314 = ORIENTED_EDGE ( 'NONE', *, *, #1595, .F. ) ;
#1315 = CARTESIAN_POINT ( 'NONE',  ( -32.49189887038264857, -7.754704015770427894, 46.98045772442497992 ) ) ;
#1316 = DIRECTION ( 'NONE',  ( 0.7044037245851476614, 8.166177024560886636E-17, 0.7097995440901406772 ) ) ;
#1317 = CC_DESIGN_APPROVAL ( #3535, ( #1265 ) ) ;
#1318 = CARTESIAN_POINT ( 'NONE',  ( 12.96950784487171227, -7.139545488639642556, 69.94874253738915115 ) ) ;
#1319 = CARTESIAN_POINT ( 'NONE',  ( 16.23533758701709573, -6.942572111215190134, 15.98821070578505044 ) ) ;
#1320 = CARTESIAN_POINT ( 'NONE',  ( -13.76244734902212308, -5.573593062445111102, 14.57283205988740882 ) ) ;
#1321 = EDGE_CURVE ( 'NONE', #2487, #359, #924, .T. ) ;
#1322 = ORIENTED_EDGE ( 'NONE', *, *, #3018, .T. ) ;
#1323 = DIRECTION ( 'NONE',  ( -7.258656485343220329E-18, -1.000000000000000000, -2.769502879193385353E-20 ) ) ;
#1324 = CARTESIAN_POINT ( 'NONE',  ( -0.2325794915170224797, -10.44257211121519902, 73.07161979483821312 ) ) ;
#1325 = CARTESIAN_POINT ( 'NONE',  ( -14.95606814859017497, -9.637086259625831985, 72.98860270888057755 ) ) ;
#1326 = CARTESIAN_POINT ( 'NONE',  ( -14.70442061162062863, -9.610769936590648044, 15.02702237750735392 ) ) ;
#1327 = LINE ( 'NONE', #507, #3009 ) ;
#1328 = AXIS2_PLACEMENT_3D ( 'NONE', #2396, #936, #3197 ) ;
#1329 = CARTESIAN_POINT ( 'NONE',  ( 14.61689832879054052, 2.927856087228174828E-15, 16.00000000000000000 ) ) ;
#1330 = CARTESIAN_POINT ( 'NONE',  ( 13.15814408889828435, 0.7566366565046682702, 18.29122632309324814 ) ) ;
#1331 = ORIENTED_EDGE ( 'NONE', *, *, #3540, .F. ) ;
#1332 = CARTESIAN_POINT ( 'NONE',  ( 32.33847372987589353, -9.640978365372975034, 42.46805961275074992 ) ) ;
#1333 = VECTOR ( 'NONE', #119, 1000.000000000000000 ) ;
#1334 = CARTESIAN_POINT ( 'NONE',  ( 14.30356680477144415, -9.240411455491544856, 14.94873188228137906 ) ) ;
#1335 = CARTESIAN_POINT ( 'NONE',  ( 17.25115898866055630, -3.940914188371248628, 16.60501938172415137 ) ) ;
#1336 = FACE_OUTER_BOUND ( 'NONE', #3554, .T. ) ;
#1337 = CARTESIAN_POINT ( 'NONE',  ( -0.1219322952180235953, -10.44257211121519902, 44.07183087840034830 ) ) ;
#1338 = AXIS2_PLACEMENT_3D ( 'NONE', #2147, #765, #2940 ) ;
#1339 = ORIENTED_EDGE ( 'NONE', *, *, #1820, .F. ) ;
#1340 = DIRECTION ( 'NONE',  ( 0.000000000000000000, 0.000000000000000000, 1.000000000000000000 ) ) ;
#1341 = ADVANCED_FACE ( 'NONE', ( #2754 ), #745, .T. ) ;
#1342 = CARTESIAN_POINT ( 'NONE',  ( -18.79299113529669185, -8.469411689273657728, 70.67385969218393882 ) ) ;
#1343 = ADVANCED_FACE ( 'NONE', ( #1362 ), #1520, .T. ) ;
#1344 = CARTESIAN_POINT ( 'NONE',  ( -16.31487862480733497, -10.19285570044521805, 72.25119125375033491 ) ) ;
#1345 = CARTESIAN_POINT ( 'NONE',  ( -14.80611639300424720, -9.692361134032928760, 15.07814795613158054 ) ) ;
#1346 = CARTESIAN_POINT ( 'NONE',  ( -32.55283585881213071, -4.697737103539051162, 46.19000143752960241 ) ) ;
#1347 = DIRECTION ( 'NONE',  ( 0.003815420562034338263, 0.000000000000000000, -0.9999927212564774237 ) ) ;
#1348 = CARTESIAN_POINT ( 'NONE',  ( 14.64514220346523921, 2.057505311265896086, 19.11240286380112252 ) ) ;
#1349 = ORIENTED_EDGE ( 'NONE', *, *, #1109, .T. ) ;
#1350 = CARTESIAN_POINT ( 'NONE',  ( 32.34310878431523406, -9.706435823087783632, 42.56478431302537047 ) ) ;
#1351 = CARTESIAN_POINT ( 'NONE',  ( 14.39461933382731296, -9.342194798132210209, 14.99403466626558945 ) ) ;
#1352 = CARTESIAN_POINT ( 'NONE',  ( 27.38518863777849788, 18.08894905958980104, 16.00000000000000000 ) ) ;
#1353 = DIRECTION ( 'NONE',  ( -7.258656485343220329E-18, -1.000000000000000000, -2.769502879193380538E-20 ) ) ;
#1354 = ORIENTED_EDGE ( 'NONE', *, *, #580, .T. ) ;
#1355 = CARTESIAN_POINT ( 'NONE',  ( 14.93917050212719921, -6.942572111215190134, 15.23325978814344950 ) ) ;
#1356 = CARTESIAN_POINT ( 'NONE',  ( -19.08471845044515192, -6.942572111215190134, 70.46620037704769857 ) ) ;
#1357 = CARTESIAN_POINT ( 'NONE',  ( -0.1219322952180231928, 47.55742788878480098, 44.07183087840034830 ) ) ;
#1358 = VECTOR ( 'NONE', #739, 1000.000000000000000 ) ;
#1359 = CARTESIAN_POINT ( 'NONE',  ( -13.62598229274698092, -7.905798788720490577, 14.51014960163882606 ) ) ;
#1360 = CARTESIAN_POINT ( 'NONE',  ( -32.57255112657163210, -4.202532494373973471, 42.28072732116253007 ) ) ;
#1361 = ADVANCED_FACE ( 'NONE', ( #1926 ), #470, .F. ) ;
#1362 = FACE_OUTER_BOUND ( 'NONE', #2266, .T. ) ;
#1363 = ORIENTED_EDGE ( 'NONE', *, *, #1754, .F. ) ;
#1364 = ADVANCED_FACE ( 'NONE', ( #2180 ), #727, .F. ) ;
#1365 = VERTEX_POINT ( 'NONE', #2143 ) ;
#1366 = CARTESIAN_POINT ( 'NONE',  ( 17.06187336181728398, -0.2660093568601683001, 17.07690778648358432 ) ) ;
#1367 = AXIS2_PLACEMENT_3D ( 'NONE', #2546, #2289, #2269 ) ;
#1368 = CARTESIAN_POINT ( 'NONE',  ( -32.48021221110300871, -8.071543143778953322, 41.03996641665451506 ) ) ;
#1369 = CARTESIAN_POINT ( 'NONE',  ( -56.00000000000000000, 35.00000000000000000, 16.00000000000000000 ) ) ;
#1370 = LINE ( 'NONE', #840, #2832 ) ;
#1371 = EDGE_LOOP ( 'NONE', ( #1720, #1050, #3278, #920 ) ) ;
#1372 = CARTESIAN_POINT ( 'NONE',  ( 17.20921473360076703, -4.035457539786096781, 71.56514760225316252 ) ) ;
#1373 = LOCAL_TIME ( 15, 57, 46.00000000000000000, #128 ) ;
#1374 = CARTESIAN_POINT ( 'NONE',  ( 16.18468847319732262, -10.19294190085943264, 72.18556547968344717 ) ) ;
#1375 = CARTESIAN_POINT ( 'NONE',  ( -15.50293341511630807, -9.973719406269687227, 72.70180526931106613 ) ) ;
#1376 = CARTESIAN_POINT ( 'NONE',  ( -15.18417234896705637, -9.925080629168702373, 15.27289115868151548 ) ) ;
#1377 = CARTESIAN_POINT ( 'NONE',  ( -18.71006531291650177, -5.767581343922675075, 17.41228397629159375 ) ) ;
#1378 = ORIENTED_EDGE ( 'NONE', *, *, #780, .T. ) ;
#1379 = VECTOR ( 'NONE', #1417, 1000.000000000000000 ) ;
#1380 = FACE_OUTER_BOUND ( 'NONE', #1929, .T. ) ;
#1381 = CONICAL_SURFACE ( 'NONE', #2036, 3.249999991187499493, 0.7853981633974524978 ) ;
#1382 = DIRECTION ( 'NONE',  ( -0.8679268104886572743, 0.000000000000000000, 0.4966921094953958837 ) ) ;
#1383 = CARTESIAN_POINT ( 'NONE',  ( 15.75041486158989734, 0.5574278887848129749, 19.80109550153605014 ) ) ;
#1384 = EDGE_CURVE ( 'NONE', #1189, #3453, #1597, .T. ) ;
#1385 = EDGE_CURVE ( 'NONE', #474, #682, #453, .T. ) ;
#1386 = ORIENTED_EDGE ( 'NONE', *, *, #3295, .T. ) ;
#1387 = LINE ( 'NONE', #2808, #466 ) ;
#1388 = CARTESIAN_POINT ( 'NONE',  ( -29.09752299100845008, -7.694614591569701290, 45.26270350200859127 ) ) ;
#1389 = CARTESIAN_POINT ( 'NONE',  ( 28.84367624662757024, -7.692771827469097268, 45.48482365445941866 ) ) ;
#1390 = FACE_OUTER_BOUND ( 'NONE', #771, .T. ) ;
#1391 = CARTESIAN_POINT ( 'NONE',  ( 18.07836461725827348, -4.913215576001357832, 70.99781090386881033 ) ) ;
#1392 = CARTESIAN_POINT ( 'NONE',  ( -32.62741886689660475, -6.942572111215190134, 45.44781879201919850 ) ) ;
#1393 = CARTESIAN_POINT ( 'NONE',  ( -15.78312184648190275, -10.08435392617550619, 72.54957033631869479 ) ) ;
#1394 = CARTESIAN_POINT ( 'NONE',  ( -17.15409008667045399, -10.00706689994201959, 16.39226477118851477 ) ) ;
#1395 = CARTESIAN_POINT ( 'NONE',  ( -32.59808077618339439, -3.912500079389473306, 42.82667715379282924 ) ) ;
#1396 = ORIENTED_EDGE ( 'NONE', *, *, #2466, .F. ) ;
#1397 = VECTOR ( 'NONE', #2252, 1000.000000000000000 ) ;
#1398 = FACE_OUTER_BOUND ( 'NONE', #2578, .T. ) ;
#1399 = CARTESIAN_POINT ( 'NONE',  ( 14.13613297001207414, -0.9046732274177693434, 18.81828979664137691 ) ) ;
#1400 = CARTESIAN_POINT ( 'NONE',  ( -14.13913749583601209, -8.290716032305468275, 69.45935535269039462 ) ) ;
#1401 = ORIENTED_EDGE ( 'NONE', *, *, #1128, .F. ) ;
#1402 = VERTEX_POINT ( 'NONE', #180 ) ;
#1403 = CARTESIAN_POINT ( 'NONE',  ( 30.11258857373034914, 19.33863277077874798, 16.00000000000000000 ) ) ;
#1404 = CARTESIAN_POINT ( 'NONE',  ( -32.46151987670414485, -7.140656098375346872, 40.84676110250542536 ) ) ;
#1405 = FACE_OUTER_BOUND ( 'NONE', #902, .T. ) ;
#1406 = DIRECTION ( 'NONE',  ( -7.258656485343220329E-18, -1.000000000000000000, -2.769502879193385353E-20 ) ) ;
#1407 = CARTESIAN_POINT ( 'NONE',  ( 17.97248087485544232, -4.757436897774113937, 71.06894654473966000 ) ) ;
#1408 = CARTESIAN_POINT ( 'NONE',  ( 13.29357121961871968, -6.276302720190400919, 18.36141047194892906 ) ) ;
#1409 = CARTESIAN_POINT ( 'NONE',  ( 30.11258857373034914, 35.00000000000000000, 33.58976296099364589 ) ) ;
#1410 = CARTESIAN_POINT ( 'NONE',  ( -17.37613738453933721, -9.896512885823913308, 16.53005435971521564 ) ) ;
#1411 = AXIS2_PLACEMENT_3D ( 'NONE', #1295, #2418, #2738 ) ;
#1412 = CARTESIAN_POINT ( 'NONE',  ( -32.55121832613694011, -4.475288350137311078, 41.92938310122138290 ) ) ;
#1413 = VERTEX_POINT ( 'NONE', #3588 ) ;
#1414 = CARTESIAN_POINT ( 'NONE',  ( -18.50618323330546033, -4.863655944257253338, 70.87298427803933976 ) ) ;
#1415 = DIRECTION ( 'NONE',  ( -0.5033006117610789865, 3.872891753873425102E-18, 0.8641113899266249510 ) ) ;
#1416 = DIRECTION ( 'NONE',  ( -1.000000000000000000, 0.000000000000000000, 0.000000000000000000 ) ) ;
#1417 = DIRECTION ( 'NONE',  ( -7.259729428968469839E-18, -1.000000000000000000, 2.535153379615575214E-19 ) ) ;
#1418 = EDGE_CURVE ( 'NONE', #3443, #106, #3466, .T. ) ;
#1419 = ORIENTED_EDGE ( 'NONE', *, *, #2090, .F. ) ;
#1420 = DIRECTION ( 'NONE',  ( 0.000000000000000000, 0.000000000000000000, 1.000000000000000000 ) ) ;
#1421 = CARTESIAN_POINT ( 'NONE',  ( -0.1219322952180229985, 52.55742788878480098, 44.07183087840034830 ) ) ;
#1422 = CARTESIAN_POINT ( 'NONE',  ( 28.86479226886979177, -8.073088471870331517, 43.19171986111067696 ) ) ;
#1423 = DIRECTION ( 'NONE',  ( 0.8679268104886527224, 0.000000000000000000, -0.4966921094954039884 ) ) ;
#1424 = VECTOR ( 'NONE', #585, 1000.000000000000000 ) ;
#1425 = CARTESIAN_POINT ( 'NONE',  ( 14.96531613027389440, -3.947433955799042327, 72.85767743905634575 ) ) ;
#1426 = CARTESIAN_POINT ( 'NONE',  ( 17.05192172263071271, -9.938618848156760777, 71.66365476077618268 ) ) ;
#1427 = CARTESIAN_POINT ( 'NONE',  ( 13.81946488071912427, -8.244663128137416308, 18.64263450253776710 ) ) ;
#1428 = DIRECTION ( 'NONE',  ( -7.258656485343231114E-18, -1.000000000000000000, -2.769502879193055538E-20 ) ) ;
#1429 = EDGE_CURVE ( 'NONE', #3286, #2127, #763, .T. ) ;
#1430 = PERSON ( '未指定', '未指定', '未指定', ('未指定'), ('未指定'), ('未指定') ) ;
#1431 = CIRCLE ( 'NONE', #3124, 32.49999999999999289 ) ;
#1432 = CARTESIAN_POINT ( 'NONE',  ( -32.56908647304870641, -4.245013607979393200, 42.21920372743588956 ) ) ;
#1433 = VECTOR ( 'NONE', #3158, 1000.000000000000000 ) ;
#1434 = VECTOR ( 'NONE', #3372, 1000.000000000000114 ) ;
#1435 = AXIS2_PLACEMENT_3D ( 'NONE', #1891, #1064, #2994 ) ;
#1436 = CARTESIAN_POINT ( 'NONE',  ( -18.31888846686144845, -4.622674488211981014, 70.99989719389253651 ) ) ;
#1437 = LINE ( 'NONE', #81, #2726 ) ;
#1438 = FACE_OUTER_BOUND ( 'NONE', #1238, .T. ) ;
#1439 = LINE ( 'NONE', #2559, #1205 ) ;
#1440 = ORIENTED_EDGE ( 'NONE', *, *, #374, .F. ) ;
#1441 = ORIENTED_EDGE ( 'NONE', *, *, #3150, .F. ) ;
#1442 = DIRECTION ( 'NONE',  ( -1.000000000000000000, 0.000000000000000000, 0.000000000000000000 ) ) ;
#1443 = CARTESIAN_POINT ( 'NONE',  ( -29.10947097467943578, -8.251519891738835710, 43.20213432638089301 ) ) ;
#1444 = CARTESIAN_POINT ( 'NONE',  ( 56.00000000000000000, 35.00000000000000000, 16.00000000000000000 ) ) ;
#1445 = DIRECTION ( 'NONE',  ( -7.259729428968469839E-18, -1.000000000000000000, 2.535153379615575214E-19 ) ) ;
#1446 = CARTESIAN_POINT ( 'NONE',  ( 17.55369853586843831, -4.292746845645427634, 71.34492487749827205 ) ) ;
#1447 = LINE ( 'NONE', #1392, #1458 ) ;
#1448 = CARTESIAN_POINT ( 'NONE',  ( 13.15808069180997997, -6.942572111215190134, 18.29119366625279852 ) ) ;
#1449 = CARTESIAN_POINT ( 'NONE',  ( -18.63064162466942264, -8.351169867060535879, 17.35695853774294406 ) ) ;
#1450 = CARTESIAN_POINT ( 'NONE',  ( -14.73291393743893885, -4.251487484032516306, 15.04134316633792245 ) ) ;
#1451 = ORIENTED_EDGE ( 'NONE', *, *, #1500, .F. ) ;
#1452 = EDGE_CURVE ( 'NONE', #3493, #1189, #2066, .T. ) ;
#1453 = AXIS2_PLACEMENT_3D ( 'NONE', #683, #1807, #2913 ) ;
#1454 = CARTESIAN_POINT ( 'NONE',  ( -18.83370084570704250, -5.533290389602038672, 70.64487113199837154 ) ) ;
#1455 = DIRECTION ( 'NONE',  ( -7.259729428968469839E-18, -1.000000000000000000, 2.535153379615575214E-19 ) ) ;
#1456 = DIRECTION ( 'NONE',  ( 0.003815420562033917159, 0.000000000000000000, -0.9999927212564774237 ) ) ;
#1457 = CARTESIAN_POINT ( 'NONE',  ( 12.96103245840004625, -6.743500255326864590, 69.95302160179787165 ) ) ;
#1458 = VECTOR ( 'NONE', #2514, 1000.000000000000227 ) ;
#1459 = B_SPLINE_CURVE_WITH_KNOTS ( 'NONE', 3,
 ( #1543, #3402, #3420, #1157, #595, #3120, #49, #1824, #152, #614, #2540, #1271, #422, #1996, #2391, #1247, #3102, #1717, #851, #1979, #1457, #83 ),
 .UNSPECIFIED., .F., .F.,
 ( 4, 2, 2, 2, 2, 2, 2, 2, 2, 2, 4 ),
 ( 0.000000000000000000, 0.1250000000000017764, 0.1875000000000021927, 0.2500000000000026090, 0.3750000000000027756, 0.4375000000000024980, 0.5000000000000022204, 0.6250000000000016653, 0.7500000000000011102, 0.8750000000000005551, 1.000000000000000000 ),
 .UNSPECIFIED. ) ;
#1460 = ORIENTED_EDGE ( 'NONE', *, *, #561, .F. ) ;
#1461 = ORIENTED_EDGE ( 'NONE', *, *, #1662, .F. ) ;
#1462 = CARTESIAN_POINT ( 'NONE',  ( 32.26608791093981665, -5.580955843210167799, 41.37568236773001473 ) ) ;
#1463 = CARTESIAN_POINT ( 'NONE',  ( -32.58143183286609457, -9.628041749285523920, 45.69383481265104763 ) ) ;
#1464 = CARTESIAN_POINT ( 'NONE',  ( 28.83331671007905328, -7.042020554069198468, 45.68228269157833665 ) ) ;
#1465 = CARTESIAN_POINT ( 'NONE',  ( 13.46861741958082526, -5.705344223405536042, 73.59380654639826957 ) ) ;
#1466 = PRODUCT_DEFINITION ( '未知', '', #1265, #1178 ) ;
#1467 = CARTESIAN_POINT ( 'NONE',  ( 17.76038994501615065, -9.593205976247967115, 16.93381099766840947 ) ) ;
#1468 = LINE ( 'NONE', #3151, #1068 ) ;
#1469 = CARTESIAN_POINT ( 'NONE',  ( -18.88275657106814975, -6.942572111215190134, 17.53352888881039817 ) ) ;
#1470 = CARTESIAN_POINT ( 'NONE',  ( -15.20940370647128681, -3.947322852614254973, 15.28610118920886407 ) ) ;
#1471 = VERTEX_POINT ( 'NONE', #2976 ) ;
#1472 = CARTESIAN_POINT ( 'NONE',  ( -32.63409585282879277, -6.942572111215190134, 47.19780604077200081 ) ) ;
#1473 = DIRECTION ( 'NONE',  ( -0.9999927212564773127, 7.258709319626664864E-18, -0.003815420562027382455 ) ) ;
#1474 = AXIS2_PLACEMENT_3D ( 'NONE', #3292, #1591, #525 ) ;
#1475 = CARTESIAN_POINT ( 'NONE',  ( 14.64682003807147836, -0.9424012800724934635, 19.11339419413687324 ) ) ;
#1476 = DIRECTION ( 'NONE',  ( -7.258656485343220329E-18, -1.000000000000000000, -2.769502879193380538E-20 ) ) ;
#1477 = LINE ( 'NONE', #1701, #563 ) ;
#1478 = ADVANCED_FACE ( 'NONE', ( #197 ), #1311, .F. ) ;
#1479 = VERTEX_POINT ( 'NONE', #3030 ) ;
#1480 = EDGE_CURVE ( 'NONE', #2127, #5, #1609, .T. ) ;
#1481 = VERTEX_POINT ( 'NONE', #1329 ) ;
#1482 = CARTESIAN_POINT ( 'NONE',  ( 32.32311082970031890, -4.462648176601056171, 42.17236047867588411 ) ) ;
#1483 = CARTESIAN_POINT ( 'NONE',  ( -32.53193379616353553, -9.129597369947106245, 41.65442019664195072 ) ) ;
#1484 = PERSON_AND_ORGANIZATION ( #1430, #1126 ) ;
#1485 = CARTESIAN_POINT ( 'NONE',  ( 32.32925326223950435, -9.690278878647653471, 45.85492575396565229 ) ) ;
#1486 = CARTESIAN_POINT ( 'NONE',  ( 17.30421836938215918, -9.916084263343178051, 16.63865011894039370 ) ) ;
#1487 = CARTESIAN_POINT ( 'NONE',  ( -56.00000000000000000, 35.00000000000000000, 0.000000000000000000 ) ) ;
#1488 = CARTESIAN_POINT ( 'NONE',  ( -16.26442585381840189, -6.942572111215190134, 15.86420953751895091 ) ) ;
#1489 = CARTESIAN_POINT ( 'NONE',  ( -14.36115917909635975, -4.603163725182404242, 14.85721284571165945 ) ) ;
#1490 = ORIENTED_EDGE ( 'NONE', *, *, #1615, .F. ) ;
#1491 = DIRECTION ( 'NONE',  ( -3.965082230804129727E-16, -1.000000000000000000, 0.000000000000000000 ) ) ;
#1492 = PLANE ( 'NONE',  #30 ) ;
#1493 = DIRECTION ( 'NONE',  ( 0.9999927212564774237, -7.258709319626672568E-18, 0.003815420562033901546 ) ) ;
#1494 = DIRECTION ( 'NONE',  ( -0.003815420562033882031, 0.000000000000000000, 0.9999927212564774237 ) ) ;
#1495 = ORIENTED_EDGE ( 'NONE', *, *, #1636, .T. ) ;
#1496 = VECTOR ( 'NONE', #3620, 1000.000000000000000 ) ;
#1497 = ORIENTED_EDGE ( 'NONE', *, *, #2837, .F. ) ;
#1498 = ORIENTED_EDGE ( 'NONE', *, *, #1321, .F. ) ;
#1499 = DIRECTION ( 'NONE',  ( 0.5033006117610808738, -3.872891753873434347E-18, -0.8641113899266238407 ) ) ;
#1500 = EDGE_CURVE ( 'NONE', #574, #1555, #1945, .T. ) ;
#1501 = CARTESIAN_POINT ( 'NONE',  ( -32.53469739438130404, -9.171863665074241112, 41.69208087357652204 ) ) ;
#1502 = CALENDAR_DATE ( 2025, 4, 11 ) ;
#1503 = CIRCLE ( 'NONE', #3136, 1.499999999999998224 ) ;
#1504 = AXIS2_PLACEMENT_3D ( 'NONE', #3400, #2804, #2320 ) ;
#1505 = CARTESIAN_POINT ( 'NONE',  ( 32.23897925135058529, -8.147954203000685069, 47.07539830988064722 ) ) ;
#1506 = CARTESIAN_POINT ( 'NONE',  ( 18.72721526069282660, -7.905775828813339068, 17.59614383374017521 ) ) ;
#1507 = CARTESIAN_POINT ( 'NONE',  ( 13.48049926375374064, -6.942572111215190134, 14.55532946506394154 ) ) ;
#1508 = CARTESIAN_POINT ( 'NONE',  ( -14.19144616916001489, -5.148293382227794091, 73.36890201241479303 ) ) ;
#1509 = CARTESIAN_POINT ( 'NONE',  ( -15.56452033365354914, -3.801056483705869127, 15.47496089325161783 ) ) ;
#1510 = VERTEX_POINT ( 'NONE', #2248 ) ;
#1511 = DIRECTION ( 'NONE',  ( -7.258656485343231114E-18, -1.000000000000000000, -2.769502879193055538E-20 ) ) ;
#1512 = CARTESIAN_POINT ( 'NONE',  ( -29.09751989093963331, -6.189859812851158161, 45.26274059512758896 ) ) ;
#1513 = DIRECTION ( 'NONE',  ( -1.000000000000000000, 0.000000000000000000, 0.000000000000000000 ) ) ;
#1514 = CARTESIAN_POINT ( 'NONE',  ( -0.1219322952180229985, 52.05742788878480098, 44.07183087840034830 ) ) ;
#1515 = ORIENTED_EDGE ( 'NONE', *, *, #3248, .T. ) ;
#1516 = ORIENTED_EDGE ( 'NONE', *, *, #1661, .T. ) ;
#1517 = AXIS2_PLACEMENT_3D ( 'NONE', #2421, #3263, #3225 ) ;
#1518 = ORIENTED_EDGE ( 'NONE', *, *, #2284, .F. ) ;
#1519 = CARTESIAN_POINT ( 'NONE',  ( 32.36493756580766501, -3.801440593678818036, 44.99798974286740361 ) ) ;
#1520 = TOROIDAL_SURFACE ( 'NONE', #2978, 31.50000000000000000, 0.5000000000000000000 ) ;
#1521 = CARTESIAN_POINT ( 'NONE',  ( -32.61684852750898500, -10.10995312933400747, 44.64938722433424090 ) ) ;
#1522 = ADVANCED_FACE ( 'NONE', ( #1438 ), #191, .F. ) ;
#1523 = CARTESIAN_POINT ( 'NONE',  ( 32.34593381297700887, -9.882670674802264799, 45.51672906520526141 ) ) ;
#1524 = CARTESIAN_POINT ( 'NONE',  ( 18.66360216570056352, -8.135367674230165491, 17.55101387784353051 ) ) ;
#1525 = CARTESIAN_POINT ( 'NONE',  ( -15.59842610716109945, -6.942572111215190134, 70.64325611914169656 ) ) ;
#1526 = CARTESIAN_POINT ( 'NONE',  ( -13.72436384672353960, -6.942572111215190134, 73.58833229517749430 ) ) ;
#1527 = CARTESIAN_POINT ( 'NONE',  ( -14.79607745292769749, -4.202547562234046907, 15.07320709537574821 ) ) ;
#1528 = ORIENTED_EDGE ( 'NONE', *, *, #1909, .T. ) ;
#1529 = CARTESIAN_POINT ( 'NONE',  ( -56.00000000000000000, 35.00000000000000000, 16.00000000000000000 ) ) ;
#1530 = CARTESIAN_POINT ( 'NONE',  ( -0.1219322952180231928, 47.55742788878480098, 44.07183087840034830 ) ) ;
#1531 = DIRECTION ( 'NONE',  ( 1.000000000000000000, 6.195440985631459015E-17, 0.000000000000000000 ) ) ;
#1532 = LINE ( 'NONE', #3497, #615 ) ;
#1533 = ORIENTED_EDGE ( 'NONE', *, *, #2768, .F. ) ;
#1534 = VERTEX_POINT ( 'NONE', #27 ) ;
#1535 = ORIENTED_EDGE ( 'NONE', *, *, #1084, .T. ) ;
#1536 = CARTESIAN_POINT ( 'NONE',  ( 32.24684126652773131, -5.534215165362812883, 46.99060217852863985 ) ) ;
#1537 = CIRCLE ( 'NONE', #1240, 31.99999999999998579 ) ;
#1538 = CARTESIAN_POINT ( 'NONE',  ( -32.56769675843553813, -9.622917279450843964, 42.19503120021126108 ) ) ;
#1539 = CARTESIAN_POINT ( 'NONE',  ( 13.25486914170962116, -6.942572111215190134, 73.69127015933560187 ) ) ;
#1540 = CARTESIAN_POINT ( 'NONE',  ( 18.12103857941236740, -9.203924550204485300, 17.17491547074045144 ) ) ;
#1541 = CARTESIAN_POINT ( 'NONE',  ( 13.80477990148613365, -5.416341937278128960, 14.70649399583325057 ) ) ;
#1542 = CARTESIAN_POINT ( 'NONE',  ( -14.34012074266151160, -4.913572694383946171, 73.29685997134927788 ) ) ;
#1543 = CARTESIAN_POINT ( 'NONE',  ( 15.56474796273880123, -6.942572111215190134, 68.46297809382718924 ) ) ;
#1544 = CARTESIAN_POINT ( 'NONE',  ( 13.51213597032241509, -8.303486222291065033, 73.57378422416626051 ) ) ;
#1545 = B_SPLINE_CURVE_WITH_KNOTS ( 'NONE', 3,
 ( #2545, #584, #3069, #302, #1105, #1983, #3370, #2219, #3354, #3336, #1443, #3629, #268, #566, #2203, #2793, #855, #1705, #325, #34, #2509, #1388, #3051, #1123, #14, #3322 ),
 .UNSPECIFIED., .F., .F.,
 ( 4, 2, 2, 2, 2, 2, 2, 2, 2, 2, 2, 2, 4 ),
 ( 0.000000000000000000, 0.06250000000000062450, 0.1250000000000012490, 0.1875000000000018874, 0.2500000000000029421, 0.3750000000000004441, 0.4999999999999980016, 0.6249999999999955591, 0.6874999999999963363, 0.7499999999999970024, 0.8124999999999977796, 0.8749999999999985567, 1.000000000000000000 ),
 .UNSPECIFIED. ) ;
#1546 = EDGE_LOOP ( 'NONE', ( #1198, #142, #799, #1846 ) ) ;
#1547 = FACE_OUTER_BOUND ( 'NONE', #2688, .T. ) ;
#1548 = EDGE_CURVE ( 'NONE', #9, #2523, #1773, .T. ) ;
#1549 = CARTESIAN_POINT ( 'NONE',  ( 28.86566033796114539, -5.632579336333000342, 44.93975730735134988 ) ) ;
#1550 = LINE ( 'NONE', #3237, #3437 ) ;
#1551 = DIRECTION ( 'NONE',  ( -7.258656485343231114E-18, -1.000000000000000000, -2.769502879193055538E-20 ) ) ;
#1552 = EDGE_LOOP ( 'NONE', ( #1795, #2155, #554, #1378 ) ) ;
#1553 = VECTOR ( 'NONE', #856, 1000.000000000000000 ) ;
#1554 = EDGE_LOOP ( 'NONE', ( #2232, #3459 ) ) ;
#1555 = VERTEX_POINT ( 'NONE', #3382 ) ;
#1556 = CIRCLE ( 'NONE', #2085, 32.49999999999999289 ) ;
#1557 = CONICAL_SURFACE ( 'NONE', #1914, 3.249999988748470514, 0.7853981633974532750 ) ;
#1558 = CYLINDRICAL_SURFACE ( 'NONE', #1338, 32.00000000000000000 ) ;
#1559 = CARTESIAN_POINT ( 'NONE',  ( 32.37858121748288909, -10.19281254682251436, 44.00505320581549995 ) ) ;
#1560 = CIRCLE ( 'NONE', #1029, 32.00000000000000000 ) ;
#1561 = CONICAL_SURFACE ( 'NONE', #3609, 3.249999986553925080, 0.7853981633974560506 ) ;
#1562 = CARTESIAN_POINT ( 'NONE',  ( 13.47570312099136025, -8.143122743806962660, 69.68674953144578410 ) ) ;
#1563 = DIRECTION ( 'NONE',  ( -3.965082230804129727E-16, -1.000000000000000000, 0.000000000000000000 ) ) ;
#1564 = CARTESIAN_POINT ( 'NONE',  ( -14.51706040653342633, -4.680697717921887602, 73.20995592784645112 ) ) ;
#1565 = CARTESIAN_POINT ( 'NONE',  ( -14.61275469820142092, -5.442610965507839182, 18.95160098093303702 ) ) ;
#1566 = CARTESIAN_POINT ( 'NONE',  ( 13.95918056772415916, -9.090095879056933725, 73.36304505225344030 ) ) ;
#1567 = EDGE_LOOP ( 'NONE', ( #2435, #1256 ) ) ;
#1568 = CARTESIAN_POINT ( 'NONE',  ( -22.61481136222149857, 16.91105094041014922, 12.00000000000000000 ) ) ;
#1569 = DIRECTION ( 'NONE',  ( 1.000000000000000000, -7.259729428968469839E-18, 0.000000000000000000 ) ) ;
#1570 = DIRECTION ( 'NONE',  ( -6.195440985631459015E-17, 1.000000000000000000, 0.000000000000000000 ) ) ;
#1571 = CARTESIAN_POINT ( 'NONE',  ( -32.60881291606292365, -3.801335155314219172, 43.14604806144910043 ) ) ;
#1572 = EDGE_CURVE ( 'NONE', #1760, #1510, #714, .T. ) ;
#1573 = EDGE_CURVE ( 'NONE', #690, #3241, #654, .T. ) ;
#1574 = CARTESIAN_POINT ( 'NONE',  ( -14.96253563808546083, -6.942572111215190134, 15.11917137327590055 ) ) ;
#1575 = ORIENTED_EDGE ( 'NONE', *, *, #2400, .F. ) ;
#1576 = EDGE_LOOP ( 'NONE', ( #1585, #2724 ) ) ;
#1577 = FACE_OUTER_BOUND ( 'NONE', #1296, .T. ) ;
#1578 = CARTESIAN_POINT ( 'NONE',  ( 32.31225682006838440, -9.241987009486773985, 42.00463548148763238 ) ) ;
#1579 = CARTESIAN_POINT ( 'NONE',  ( 17.27844832256018393, -9.929952218159350252, 16.62229911699926888 ) ) ;
#1580 = CARTESIAN_POINT ( 'NONE',  ( 14.49258361276572060, 0.5574278887848119757, 16.00000000000000000 ) ) ;
#1581 = CARTESIAN_POINT ( 'NONE',  ( -15.38689890916449698, -3.968630728718123279, 72.76383199527374757 ) ) ;
#1582 = CARTESIAN_POINT ( 'NONE',  ( 14.68752019624671945, 0.5574278887848119757, 15.66531548310680044 ) ) ;
#1583 = DIRECTION ( 'NONE',  ( -0.003815420562033882031, 0.000000000000000000, 0.9999927212564774237 ) ) ;
#1584 = CC_DESIGN_PERSON_AND_ORGANIZATION_ASSIGNMENT ( #2363, #2619, ( #1265 ) ) ;
#1585 = ORIENTED_EDGE ( 'NONE', *, *, #1047, .F. ) ;
#1586 = DIRECTION ( 'NONE',  ( 0.8679268104886521673, 0.000000000000000000, -0.4966921094954049321 ) ) ;
#1587 = CARTESIAN_POINT ( 'NONE',  ( -32.62169573605355311, -3.442572111215185249, 43.94782971013420081 ) ) ;
#1588 = CARTESIAN_POINT ( 'NONE',  ( -14.11692854615596282, -8.971909156292545262, 14.73926668398718220 ) ) ;
#1589 = CARTESIAN_POINT ( 'NONE',  ( -32.49397938449570233, -6.132575557190730109, 46.95373075582836009 ) ) ;
#1590 = EDGE_CURVE ( 'NONE', #1759, #682, #1114, .T. ) ;
#1591 = DIRECTION ( 'NONE',  ( 0.000000000000000000, 0.000000000000000000, -1.000000000000000000 ) ) ;
#1592 = ORIENTED_EDGE ( 'NONE', *, *, #1747, .T. ) ;
#1593 = ORIENTED_EDGE ( 'NONE', *, *, #979, .T. ) ;
#1594 = B_SPLINE_CURVE_WITH_KNOTS ( 'NONE', 3,
 ( #2539, #1941, #3047, #3401, #541, #260, #882, #1739, #3349, #2842, #2576, #2213, #3332, #833, #279, #1400, #1119, #2522, #3366, #850, #1978, #3082, #577, #1700, #2805, #298 ),
 .UNSPECIFIED., .F., .F.,
 ( 4, 2, 2, 2, 2, 2, 2, 2, 2, 2, 2, 2, 4 ),
 ( 0.000000000000000000, 0.06250000000000037470, 0.1250000000000007494, 0.1875000000000011102, 0.2500000000000019429, 0.3750000000000038303, 0.5000000000000056621, 0.6250000000000075495, 0.6875000000000059952, 0.7500000000000044409, 0.8125000000000037748, 0.8750000000000029976, 1.000000000000000000 ),
 .UNSPECIFIED. ) ;
#1595 = EDGE_CURVE ( 'NONE', #1510, #1760, #1594, .T. ) ;
#1596 = CYLINDRICAL_SURFACE ( 'NONE', #266, 28.99999999999998934 ) ;
#1597 = CIRCLE ( 'NONE', #1474, 1.649999999999998579 ) ;
#1598 = CARTESIAN_POINT ( 'NONE',  ( 32.36543102883380385, -6.942572111215190134, 47.44580837949860808 ) ) ;
#1599 = CARTESIAN_POINT ( 'NONE',  ( 14.32119086925229645, -9.260902983567879332, 14.95746743669987033 ) ) ;
#1600 = CARTESIAN_POINT ( 'NONE',  ( 17.25918308468709128, -3.945075841899030600, 16.61009704835938550 ) ) ;
#1601 = DIRECTION ( 'NONE',  ( -1.000000000000000000, 0.000000000000000000, 0.000000000000000000 ) ) ;
#1602 = CARTESIAN_POINT ( 'NONE',  ( 14.01573557697216543, -9.162189313425974646, 73.33574943509582056 ) ) ;
#1603 = EDGE_LOOP ( 'NONE', ( #2881, #464 ) ) ;
#1604 = CARTESIAN_POINT ( 'NONE',  ( 18.57911886107342525, -6.234872054594460700, 70.65238443040919947 ) ) ;
#1605 = CARTESIAN_POINT ( 'NONE',  ( -29.07718331867944528, -6.743500255315736602, 42.46141535015040347 ) ) ;
#1606 = CARTESIAN_POINT ( 'NONE',  ( -14.56801211148091646, -9.264215499069466730, 73.18471759721549574 ) ) ;
#1607 = CARTESIAN_POINT ( 'NONE',  ( -14.28073131273005814, -9.188081706115614367, 14.81813771602318397 ) ) ;
#1608 = DIRECTION ( 'NONE',  ( -0.003815420562034338263, 0.000000000000000000, 0.9999927212564774237 ) ) ;
#1609 = LINE ( 'NONE', #2723, #3351 ) ;
#1610 = DIRECTION ( 'NONE',  ( 0.003815420562034333926, 0.000000000000000000, -0.9999927212564774237 ) ) ;
#1611 = APPROVAL_PERSON_ORGANIZATION ( #1264, #1809, #3166 ) ;
#1612 = AXIS2_PLACEMENT_3D ( 'NONE', #1514, #1476, #354 ) ;
#1613 = AXIS2_PLACEMENT_3D ( 'NONE', #1357, #3043, #273 ) ;
#1614 = CARTESIAN_POINT ( 'NONE',  ( 32.33532801748265939, -9.596022878855761107, 42.40508182508006030 ) ) ;
#1615 = EDGE_CURVE ( 'NONE', #919, #3379, #3168, .T. ) ;
#1616 = EDGE_CURVE ( 'NONE', #1402, #2936, #2828, .T. ) ;
#1617 = VECTOR ( 'NONE', #327, 1000.000000000000000 ) ;
#1618 = CARTESIAN_POINT ( 'NONE',  ( 14.33847848151522975, -9.280480806116827353, 14.96605826555632568 ) ) ;
#1619 = CARTESIAN_POINT ( 'NONE',  ( 18.65328013161714793, -5.716897688274671374, 17.54370608912625684 ) ) ;
#1620 = CARTESIAN_POINT ( 'NONE',  ( -15.80855257297715966, -6.743363343466867832, 19.68064508790461886 ) ) ;
#1621 = DIRECTION ( 'NONE',  ( 0.000000000000000000, 0.000000000000000000, -1.000000000000000000 ) ) ;
#1622 = ORIENTED_EDGE ( 'NONE', *, *, #3202, .T. ) ;
#1623 = DIRECTION ( 'NONE',  ( 0.4966921094954049876, -3.385817565753304859E-18, 0.8679268104886520563 ) ) ;
#1624 = DIRECTION ( 'NONE',  ( -6.195440985631459015E-17, 1.000000000000000000, 0.000000000000000000 ) ) ;
#1625 = CARTESIAN_POINT ( 'NONE',  ( -17.52741164312545408, -9.927229153241986737, 71.51812800976527740 ) ) ;
#1626 = CARTESIAN_POINT ( 'NONE',  ( -0.1982407064586399759, 47.55742788878480098, 64.07168530352990388 ) ) ;
#1627 = CARTESIAN_POINT ( 'NONE',  ( -32.49188823760256639, -6.235094612578425455, 46.97718575719093081 ) ) ;
#1628 = VECTOR ( 'NONE', #2141, 1000.000000000000114 ) ;
#1629 = CARTESIAN_POINT ( 'NONE',  ( 32.24182218391997878, -5.659549119912751003, 47.04477400092151385 ) ) ;
#1630 = CARTESIAN_POINT ( 'NONE',  ( 53.00000000000000000, 29.66091050094179593, 0.000000000000000000 ) ) ;
#1631 = EDGE_LOOP ( 'NONE', ( #596, #3352 ) ) ;
#1632 = CARTESIAN_POINT ( 'NONE',  ( 32.33203917648080505, -9.549522789305687098, 42.34190363789769407 ) ) ;
#1633 = AXIS2_PLACEMENT_3D ( 'NONE', #2565, #1165, #2353 ) ;
#1634 = CARTESIAN_POINT ( 'NONE',  ( 14.49796693573075146, -9.447584307061736908, 15.04587694374572493 ) ) ;
#1635 = CARTESIAN_POINT ( 'NONE',  ( 13.48049926375374064, -6.942572111215190134, 14.55532946506394154 ) ) ;
#1636 = EDGE_CURVE ( 'NONE', #671, #1814, #2666, .T. ) ;
#1637 = EDGE_CURVE ( 'NONE', #474, #2706, #3208, .T. ) ;
#1638 = CARTESIAN_POINT ( 'NONE',  ( -30.86598535645764940, -6.942572111215190134, 42.45451761418200221 ) ) ;
#1639 = CIRCLE ( 'NONE', #1517, 1.499999999999949818 ) ;
#1640 = VERTEX_POINT ( 'NONE', #2301 ) ;
#1641 = CARTESIAN_POINT ( 'NONE',  ( 17.26215047350775222, 0.5574278887848129749, 17.20561294043794831 ) ) ;
#1642 = CARTESIAN_POINT ( 'NONE',  ( 30.11258857373034914, -23.03496852034945164, 16.00000000000000000 ) ) ;
#1643 = CARTESIAN_POINT ( 'NONE',  ( -14.63445802619499858, -9.337880639549917205, 73.15160074027254211 ) ) ;
#1644 = CARTESIAN_POINT ( 'NONE',  ( -14.02231712685693843, -8.829832756023680673, 14.69414408441080155 ) ) ;
#1645 = CARTESIAN_POINT ( 'NONE',  ( -32.48448504284860405, -5.691756354612238944, 41.08595779917708768 ) ) ;
#1646 = CARTESIAN_POINT ( 'NONE',  ( 53.00000000000000000, 4.660910500941819912, 12.00000000000000000 ) ) ;
#1647 = CARTESIAN_POINT ( 'NONE',  ( 19.88364526075454819, 47.55742788878480098, 42.64815020775630217 ) ) ;
#1648 = ORIENTED_EDGE ( 'NONE', *, *, #1177, .T. ) ;
#1649 = DIRECTION ( 'NONE',  ( -1.972423937518264982E-16, 0.000000000000000000, -1.000000000000000000 ) ) ;
#1650 = CARTESIAN_POINT ( 'NONE',  ( -13.72436384672353960, -6.942572111215190134, 73.58833229517749430 ) ) ;
#1651 = CARTESIAN_POINT ( 'NONE',  ( 18.65244602429165255, -5.714293963400718823, 17.54311549610632426 ) ) ;
#1652 = FACE_BOUND ( 'NONE', #2839, .T. ) ;
#1653 = ORIENTED_EDGE ( 'NONE', *, *, #3500, .F. ) ;
#1654 = CARTESIAN_POINT ( 'NONE',  ( 17.15362641097129526, -4.002394919985940547, 71.60009142353924005 ) ) ;
#1655 = CARTESIAN_POINT ( 'NONE',  ( 18.44213301961635310, -8.193486873369490553, 70.74814509366102300 ) ) ;
#1656 = CARTESIAN_POINT ( 'NONE',  ( -14.23924942557489004, -8.826551827901818470, 73.34605062157879729 ) ) ;
#1657 = CARTESIAN_POINT ( 'NONE',  ( -14.62425334863914195, -9.543294699773317902, 14.98694144398105443 ) ) ;
#1658 = B_SPLINE_CURVE_WITH_KNOTS ( 'NONE', 3,
 ( #19, #2533, #2871, #2, #2043, #607, #2585, #292, #3113, #3076, #365, #2274, #876, #1112, #2007, #1168, #1427, #2241, #2312, #3132, #331, #2258, #2569, #1730, #843, #1448 ),
 .UNSPECIFIED., .F., .F.,
 ( 4, 2, 2, 2, 2, 2, 2, 2, 2, 2, 2, 2, 4 ),
 ( 0.000000000000000000, 0.06249999999999977796, 0.1249999999999995559, 0.1875000000000000555, 0.2500000000000005551, 0.3750000000000013323, 0.5000000000000021094, 0.6250000000000028866, 0.6875000000000032196, 0.7500000000000035527, 0.8125000000000031086, 0.8750000000000022204, 1.000000000000000000 ),
 .UNSPECIFIED. ) ;
#1659 = CARTESIAN_POINT ( 'NONE',  ( -32.53840428355115932, -4.657859313391202960, 41.74323473679087471 ) ) ;
#1660 = ORIENTED_EDGE ( 'NONE', *, *, #282, .T. ) ;
#1661 = EDGE_CURVE ( 'NONE', #1733, #2383, #1910, .T. ) ;
#1662 = EDGE_CURVE ( 'NONE', #1935, #32, #3187, .T. ) ;
#1663 = CARTESIAN_POINT ( 'NONE',  ( -32.55471696720476160, -9.218800322755052790, 46.16097189021987646 ) ) ;
#1664 = CARTESIAN_POINT ( 'NONE',  ( -15.50515828750382319, -5.740969557745363439, 68.65589489112588240 ) ) ;
#1665 = CARTESIAN_POINT ( 'NONE',  ( -16.47920217745310012, -6.942572111215190134, 72.15545105101558931 ) ) ;
#1666 = ORIENTED_EDGE ( 'NONE', *, *, #3331, .T. ) ;
#1667 = CARTESIAN_POINT ( 'NONE',  ( 15.35456152123859930, -6.942572111215190134, 17.50040562990974990 ) ) ;
#1668 = VECTOR ( 'NONE', #1563, 1000.000000000000000 ) ;
#1669 = CARTESIAN_POINT ( 'NONE',  ( 16.02056126338264974, -6.942572111215190134, 72.27945221928149522 ) ) ;
#1670 = CARTESIAN_POINT ( 'NONE',  ( -13.67084016068923980, -6.942572111215190134, 73.79117803894929750 ) ) ;
#1671 = DIRECTION ( 'NONE',  ( 0.000000000000000000, 0.000000000000000000, -1.000000000000000000 ) ) ;
#1672 = CARTESIAN_POINT ( 'NONE',  ( 17.12608197452233227, -3.986518069771396444, 71.61736743425174723 ) ) ;
#1673 = APPLICATION_CONTEXT ( 'configuration controlled 3d designs of mechanical parts and assemblies' ) ;
#1674 = AXIS2_PLACEMENT_3D ( 'NONE', #1694, #1970, #589 ) ;
#1675 = CARTESIAN_POINT ( 'NONE',  ( 16.70966112500511613, -10.08444275536771428, 71.87384447218244077 ) ) ;
#1676 = FACE_OUTER_BOUND ( 'NONE', #1152, .T. ) ;
#1677 = CARTESIAN_POINT ( 'NONE',  ( -18.88275657106818528, -7.339264509749405363, 17.53352888881038041 ) ) ;
#1678 = CARTESIAN_POINT ( 'NONE',  ( -18.45874585254169631, -5.147455464368603906, 17.23843921976145666 ) ) ;
#1679 = CARTESIAN_POINT ( 'NONE',  ( -18.86846497925404265, -5.630318941273523059, 70.62026762423879234 ) ) ;
#1680 = VECTOR ( 'NONE', #317, 1000.000000000000000 ) ;
#1681 = DIRECTION ( 'NONE',  ( -0.003815420562034338263, 0.000000000000000000, 0.9999927212564774237 ) ) ;
#1682 = AXIS2_PLACEMENT_3D ( 'NONE', #2952, #1570, #1531 ) ;
#1683 = CARTESIAN_POINT ( 'NONE',  ( -15.83461180540116153, -6.185001915772935455, 68.44635648525088811 ) ) ;
#1684 = ORIENTED_EDGE ( 'NONE', *, *, #1842, .T. ) ;
#1685 = ADVANCED_FACE ( 'NONE', ( #2592 ), #3140, .T. ) ;
#1686 = EDGE_CURVE ( 'NONE', #1160, #1189, #2051, .T. ) ;
#1687 = EDGE_LOOP ( 'NONE', ( #998, #1281 ) ) ;
#1688 = CARTESIAN_POINT ( 'NONE',  ( 17.27985436602659775, 0.5574278887848129749, 17.17521731839005028 ) ) ;
#1689 = CARTESIAN_POINT ( 'NONE',  ( 15.53250099445072863, -7.334065544304934292, 68.48380702611905235 ) ) ;
#1690 = CARTESIAN_POINT ( 'NONE',  ( 28.86025802589068334, -7.934874136635664321, 43.05328262324560029 ) ) ;
#1691 = DIRECTION ( 'NONE',  ( 7.258656485343220329E-18, 1.000000000000000000, 2.769502879193380538E-20 ) ) ;
#1692 = CARTESIAN_POINT ( 'NONE',  ( 14.38473183135950251, -4.336202724427711708, 73.15463663292534591 ) ) ;
#1693 = CARTESIAN_POINT ( 'NONE',  ( 17.86537923301108322, -9.266852489001726312, 71.14037410852030519 ) ) ;
#1694 = CARTESIAN_POINT ( 'NONE',  ( -0.1219322952180231928, 35.00000000000000000, 44.07183087840034830 ) ) ;
#1695 = CARTESIAN_POINT ( 'NONE',  ( -17.26737801409049666, -9.953166976763579754, 16.46234270864612270 ) ) ;
#1696 = CARTESIAN_POINT ( 'NONE',  ( -32.50000322645448136, -5.326148104934263827, 41.25595111901780854 ) ) ;
#1697 = VECTOR ( 'NONE', #1499, 999.9999999999998863 ) ;
#1698 = CARTESIAN_POINT ( 'NONE',  ( -17.47583340179664191, -3.931107465749533958, 71.55077304439535624 ) ) ;
#1699 = CARTESIAN_POINT ( 'NONE',  ( 14.81115633329767789, -0.9041568833881691303, 19.21148826614444971 ) ) ;
#1700 = CARTESIAN_POINT ( 'NONE',  ( -13.43610715088843932, -7.334065544432069039, 69.83495586296130853 ) ) ;
#1701 = CARTESIAN_POINT ( 'NONE',  ( -0.2039638373016914863, 47.55742788878480098, 65.57167438541459603 ) ) ;
#1702 = ORIENTED_EDGE ( 'NONE', *, *, #1251, .F. ) ;
#1703 = CARTESIAN_POINT ( 'NONE',  ( 15.98368728113664794, 0.5574278887848119757, 16.42026640074840316 ) ) ;
#1704 = EDGE_CURVE ( 'NONE', #84, #2955, #1431, .T. ) ;
#1705 = CARTESIAN_POINT ( 'NONE',  ( -29.11092017532291720, -8.136422974870530567, 44.87505265757643258 ) ) ;
#1706 = CARTESIAN_POINT ( 'NONE',  ( -16.26442585381840189, -6.942572111215190134, 15.86420953751895091 ) ) ;
#1707 = DIRECTION ( 'NONE',  ( 0.5033006117610839825, -3.872891753873455917E-18, -0.8641113899266219534 ) ) ;
#1708 = CARTESIAN_POINT ( 'NONE',  ( 17.52176882700569038, -4.264999957525393626, 71.36559955882202644 ) ) ;
#1709 = CARTESIAN_POINT ( 'NONE',  ( 17.05575438517947617, -9.936624787874569265, 71.66126877436040843 ) ) ;
#1710 = CARTESIAN_POINT ( 'NONE',  ( 56.00000000000000000, 35.00000000000000000, 16.00000000000000000 ) ) ;
#1711 = CARTESIAN_POINT ( 'NONE',  ( -18.04551726063012040, -9.342479504556925107, 16.96106499414067414 ) ) ;
#1712 = CARTESIAN_POINT ( 'NONE',  ( -32.48366016137138956, -5.714370050447906912, 41.07707033243367079 ) ) ;
#1713 = VECTOR ( 'NONE', #2970, 1000.000000000000000 ) ;
#1714 = CARTESIAN_POINT ( 'NONE',  ( 28.85365530050368577, -6.189859812869407563, 42.88092116167561585 ) ) ;
#1715 = CARTESIAN_POINT ( 'NONE',  ( 15.44055578485933289, -0.4321708529113367780, 19.60115656431531761 ) ) ;
#1716 = CARTESIAN_POINT ( 'NONE',  ( -13.40200867933201678, -6.743363343564268142, 69.85243543370866348 ) ) ;
#1717 = CARTESIAN_POINT ( 'NONE',  ( 13.22738947710347190, -6.022385106065867966, 69.81703341266951668 ) ) ;
#1718 = ORIENTED_EDGE ( 'NONE', *, *, #2506, .T. ) ;
#1719 = B_SPLINE_CURVE_WITH_KNOTS ( 'NONE', 3,
 ( #2985, #2967, #2948, #2697, #2410, #3001, #1825, #189, #2392, #2930, #423, #1844, #1544, #2171, #207, #1305, #2443, #480, #1566, #2427, #1602, #770, #1898, #991, #3510, #2680, #2118, #3233, #171, #1289, #497, #1919, #787, #3303, #3022, #515, #2188, #2815, #1374, #550, #1, #1675, #58, #875, #39, #2532, #3394, #570, #1426, #1709, #3055, #2798, #2782, #891, #3075, #3359, #291, #535, #1693, #308, #1148, #2240, #2292, #2568, #842, #272, #588, #3094, #2025, #1655, #2257, #2550, #2763, #254, #2273, #2006 ),
 .UNSPECIFIED., .F., .F.,
 ( 4, 2, 2, 1, 1, 1, 2, 2, 2, 2, 2, 1, 2, 2, 2, 2, 2, 1, 1, 1, 2, 2, 2, 2, 2, 1, 1, 1, 1, 2, 2, 2, 2, 2, 1, 2, 2, 2, 2, 2, 1, 1, 2, 2, 4 ),
 ( 0.000000000000000000, 0.06249999999993281763, 0.09374999999989920563, 0.1093749999998826772, 0.1171874999998749195, 0.1210937499998713390, 0.1230468749998697708, 0.1249999999998682165, 0.1874999999998290534, 0.2187499999998098188, 0.2343749999997997158, 0.2421874999997951361, 0.2460937499997929712, 0.2499999999997908340, 0.3124999999997703504, 0.3437499999997608580, 0.3593749999997573052, 0.3671874999997547517, 0.3710937499997521427, 0.3730468749997522537, 0.3740234374997528088, 0.3749999999997533640, 0.4999999999998147038, 0.5624999999998449018, 0.5937499999998588907, 0.6093749999998659961, 0.6171874999998697708, 0.6210937499998724354, 0.6230468749998737676, 0.6240234374998756550, 0.6249999999998776534, 0.6874999999998803180, 0.7187499999998828715, 0.7343749999998842037, 0.7421874999998843148, 0.7460937499998839817, 0.7499999999998836486, 0.8124999999998889777, 0.8437499999998916422, 0.8593749999998935296, 0.8671874999998938627, 0.8710937499998949729, 0.8730468749998955280, 0.8749999999998960831, 1.000000000000000000 ),
 .UNSPECIFIED. ) ;
#1720 = ORIENTED_EDGE ( 'NONE', *, *, #2019, .F. ) ;
#1721 = CARTESIAN_POINT ( 'NONE',  ( 30.11258857373034914, 16.83926534840085054, 16.00000000000000000 ) ) ;
#1722 = B_SPLINE_CURVE_WITH_KNOTS ( 'NONE', 3,
 ( #523, #2449, #3238, #1627, #1589, #469, #795, #177, #2465, #487, #1277, #2668, #3552, #2737, #3256, #228, #3569, #159, #1294, #2415, #2991, #1346, #2397, #3585, #1062, #2194, #3310, #3534, #1011, #996, #2123, #1925, #760, #725, #2702, #196, #1028, #1850, #2142, #2953, #743, #1046, #1872, #448, #2973, #2432, #2161, #3275, #1889, #2177, #1571, #3291, #777, #1395, #1991, #811, #2518, #2802, #2818, #3346, #311, #3602, #294, #1360, #3330, #1432, #3098, #1081, #2554, #42, #1134, #3115, #1412, #2212, #591, #553, #3058, #3397, #1659, #1151, #3078, #862, #1696, #2480, #1940, #573, #878, #2766, #1645, #22, #1712, #4, #2277, #3046, #2009 ),
 .UNSPECIFIED., .F., .F.,
 ( 4, 2, 2, 1, 1, 1, 2, 2, 2, 2, 2, 1, 1, 2, 2, 2, 2, 1, 1, 1, 2, 2, 2, 2, 1, 1, 2, 2, 2, 2, 2, 1, 1, 1, 2, 2, 2, 2, 1, 1, 1, 2, 2, 2, 2, 2, 1, 2, 2, 2, 2, 2, 1, 1, 2, 2, 4 ),
 ( 0.000000000000000000, 0.06249999999995026201, 0.09374999999992553179, 0.1093749999999135414, 0.1171874999999075184, 0.1210937499999044792, 0.1230468749999032996, 0.1249999999999021338, 0.1874999999998452072, 0.2187499999998168410, 0.2343749999998031575, 0.2421874999997968847, 0.2460937499997936651, 0.2480468749997924993, 0.2499999999997913336, 0.2812499999997778444, 0.2968749999997711275, 0.3046874999997677413, 0.3085937499997674083, 0.3105468749997655764, 0.3115234374997663536, 0.3124999999997671307, 0.3437499999998167577, 0.3593749999998424038, 0.3671874999998542832, 0.3710937499998613331, 0.3730468749998647748, 0.3749999999998682165, 0.5000000000001196820, 0.5625000000002442491, 0.5937500000003075318, 0.6093750000003401723, 0.6171875000003554934, 0.6210937500003623768, 0.6230468750003658185, 0.6250000000003692602, 0.6562500000004160006, 0.6718750000004403145, 0.6796875000004525269, 0.6835937500004586331, 0.6855468750004609646, 0.6865234375004619638, 0.6875000000004629630, 0.7187500000004152234, 0.7343750000003913536, 0.7421875000003793632, 0.7460937500003728129, 0.7480468750003695932, 0.7500000000003663736, 0.8125000000002781109, 0.8437500000002341460, 0.8593750000002120526, 0.8671875000002010614, 0.8710937500001960654, 0.8730468750001935119, 0.8750000000001909584, 1.000000000000000000 ),
 .UNSPECIFIED. ) ;
#1723 = CARTESIAN_POINT ( 'NONE',  ( -0.1219322952180233871, 0.000000000000000000, 44.07183087840034830 ) ) ;
#1724 = CARTESIAN_POINT ( 'NONE',  ( 19.88364526075454819, 47.55742788878480098, 42.64815020775630217 ) ) ;
#1725 = CARTESIAN_POINT ( 'NONE',  ( 32.21765528606839979, -6.942572111215190134, 47.29690065629729645 ) ) ;
#1726 = EDGE_CURVE ( 'NONE', #919, #2536, #668, .T. ) ;
#1727 = VECTOR ( 'NONE', #2439, 1000.000000000000000 ) ;
#1728 = CARTESIAN_POINT ( 'NONE',  ( 14.55246099040279084, -4.202362566192031856, 73.07032909209220861 ) ) ;
#1729 = FACE_OUTER_BOUND ( 'NONE', #852, .T. ) ;
#1730 = CARTESIAN_POINT ( 'NONE',  ( 13.19224256045449195, -7.334065544374134049, 18.30870589384048230 ) ) ;
#1731 = CARTESIAN_POINT ( 'NONE',  ( -17.98608092584828455, -9.409042491275721787, 16.92186043282766406 ) ) ;
#1732 = CARTESIAN_POINT ( 'NONE',  ( -15.42937994196441664, -3.849973992542753631, 15.40248476383887777 ) ) ;
#1733 = VERTEX_POINT ( 'NONE', #1792 ) ;
#1734 = CIRCLE ( 'NONE', #1674, 29.00000000000000000 ) ;
#1735 = VECTOR ( 'NONE', #1091, 1000.000000000000000 ) ;
#1736 = CARTESIAN_POINT ( 'NONE',  ( -18.30295991409640166, -4.603212084827563721, 71.01064536739839639 ) ) ;
#1737 = APPROVAL_PERSON_ORGANIZATION ( #3226, #3535, #381 ) ;
#1738 = CARTESIAN_POINT ( 'NONE',  ( 14.30288529665510389, -0.9427419254320984487, 18.91305021149161192 ) ) ;
#1739 = CARTESIAN_POINT ( 'NONE',  ( -15.73581420244030404, -7.857501726173233614, 68.50970555219230107 ) ) ;
#1740 = CARTESIAN_POINT ( 'NONE',  ( -0.01128509891902780039, 35.00000000000000000, 15.07204196196249946 ) ) ;
#1741 = VERTEX_POINT ( 'NONE', #2897 ) ;
#1742 = ORIENTED_EDGE ( 'NONE', *, *, #2129, .F. ) ;
#1743 = CARTESIAN_POINT ( 'NONE',  ( 32.28935160235285906, -5.055608607883460337, 41.66813401226967528 ) ) ;
#1744 = CARTESIAN_POINT ( 'NONE',  ( -32.58172598242644113, -9.632243915336129447, 45.68793579913322844 ) ) ;
#1745 = DIRECTION ( 'NONE',  ( 0.000000000000000000, 0.000000000000000000, 1.000000000000000000 ) ) ;
#1746 = CARTESIAN_POINT ( 'NONE',  ( 32.32016146945434798, -9.577144125972207434, 46.01073939145233993 ) ) ;
#1747 = EDGE_CURVE ( 'NONE', #2706, #1759, #1532, .T. ) ;
#1748 = CARTESIAN_POINT ( 'NONE',  ( 18.12475778839763052, -9.199061286463662057, 17.17743820747795169 ) ) ;
#1749 = EDGE_CURVE ( 'NONE', #43, #2360, #3221, .T. ) ;
#1750 = CARTESIAN_POINT ( 'NONE',  ( 32.37210801477444733, -6.942572111215190134, 45.69582112855120215 ) ) ;
#1751 = CARTESIAN_POINT ( 'NONE',  ( -17.75157752163159230, -9.632108339888530324, 16.76898101505114269 ) ) ;
#1752 = CARTESIAN_POINT ( 'NONE',  ( -17.45248305172308179, -4.035087462041327733, 16.57813826222646370 ) ) ;
#1753 = ORIENTED_EDGE ( 'NONE', *, *, #3294, .F. ) ;
#1754 = EDGE_CURVE ( 'NONE', #830, #1741, #318, .T. ) ;
#1755 = CARTESIAN_POINT ( 'NONE',  ( -17.58419174386364858, -3.987710020900172569, 71.48216762122238777 ) ) ;
#1756 = CARTESIAN_POINT ( 'NONE',  ( 13.48707420139210988, -0.4348741366356306259, 18.46324367542741385 ) ) ;
#1757 = CARTESIAN_POINT ( 'NONE',  ( -15.80861255317414837, -6.942572111215190134, 19.68068366297299931 ) ) ;
#1758 = FACE_OUTER_BOUND ( 'NONE', #1992, .T. ) ;
#1759 = VERTEX_POINT ( 'NONE', #3516 ) ;
#1760 = VERTEX_POINT ( 'NONE', #1310 ) ;
#1761 = CARTESIAN_POINT ( 'NONE',  ( 32.37712325182181416, -3.692334736074706747, 44.38708786604640011 ) ) ;
#1762 = CARTESIAN_POINT ( 'NONE',  ( -32.60520527637379473, -9.953591132274718589, 45.11448285122659030 ) ) ;
#1763 = DATE_TIME_ROLE ( 'creation_date' ) ;
#1764 = CARTESIAN_POINT ( 'NONE',  ( 32.30114826165215192, -9.325569832551906302, 46.30908094468426839 ) ) ;
#1765 = CARTESIAN_POINT ( 'NONE',  ( 17.94614796897169384, -9.413408509484991527, 17.05708546829071537 ) ) ;
#1766 = CARTESIAN_POINT ( 'NONE',  ( 53.00000000000000000, 29.66091050094179593, 12.00000000000000000 ) ) ;
#1767 = CARTESIAN_POINT ( 'NONE',  ( -13.79078152056586148, -6.235187364628545836, 73.55772063673795458 ) ) ;
#1768 = CARTESIAN_POINT ( 'NONE',  ( -17.77942518872924893, -4.276891720364083049, 16.78698500132155402 ) ) ;
#1769 = VERTEX_POINT ( 'NONE', #213 ) ;
#1770 = CARTESIAN_POINT ( 'NONE',  ( -56.00000000000000000, 35.00000000000000000, 16.00000000000000000 ) ) ;
#1771 = B_SPLINE_CURVE_WITH_KNOTS ( 'NONE', 3,
 ( #2451, #1330, #3623, #2196, #3572, #779, #1049, #2181, #1906, #3314, #2755, #2771, #1942, #1348, #3350, #3065, #3333, #3589, #245, #1083, #2214, #1383 ),
 .UNSPECIFIED., .F., .F.,
 ( 4, 2, 2, 2, 2, 2, 2, 2, 2, 2, 4 ),
 ( 0.000000000000000000, 0.1250000000000000278, 0.1875000000000003331, 0.2500000000000006106, 0.3750000000000013323, 0.4375000000000019984, 0.5000000000000026645, 0.6250000000000019984, 0.7500000000000014433, 0.8750000000000007772, 1.000000000000000000 ),
 .UNSPECIFIED. ) ;
#1772 = CARTESIAN_POINT ( 'NONE',  ( -29.08862895709287244, -6.743363343529798826, 45.46124964321288786 ) ) ;
#1773 = CIRCLE ( 'NONE', #2234, 1.499999999999984457 ) ;
#1774 = CARTESIAN_POINT ( 'NONE',  ( 53.00000000000000000, 4.660910500941819912, 12.00000000000000000 ) ) ;
#1775 = CARTESIAN_POINT ( 'NONE',  ( -15.54788320773476329, -7.859032122119800512, 19.51489556024112915 ) ) ;
#1776 = VERTEX_POINT ( 'NONE', #3008 ) ;
#1777 = EDGE_CURVE ( 'NONE', #2524, #12, #1327, .T. ) ;
#1778 = ORIENTED_EDGE ( 'NONE', *, *, #3179, .T. ) ;
#1779 = ORIENTED_EDGE ( 'NONE', *, *, #356, .F. ) ;
#1780 = CARTESIAN_POINT ( 'NONE',  ( 32.25995153578925567, -5.768450977389745660, 41.30348674967515166 ) ) ;
#1781 = CARTESIAN_POINT ( 'NONE',  ( -32.55914699902781706, -9.515134806760325858, 42.05316589505129343 ) ) ;
#1782 = CARTESIAN_POINT ( 'NONE',  ( 13.58762170581798223, -5.412065618894577490, 73.53896517113082609 ) ) ;
#1783 = CARTESIAN_POINT ( 'NONE',  ( 18.65706357523319880, -8.156305362774045165, 17.54638427563836700 ) ) ;
#1784 = CARTESIAN_POINT ( 'NONE',  ( 15.03297662931928613, -4.029459027911071800, 15.32168648261392896 ) ) ;
#1785 = CARTESIAN_POINT ( 'NONE',  ( -14.04863647127890047, -5.416350230263988763, 73.43717209352668362 ) ) ;
#1786 = AXIS2_PLACEMENT_3D ( 'NONE', #403, #3488, #2964 ) ;
#1787 = CARTESIAN_POINT ( 'NONE',  ( -14.68463349336705370, -4.290119579329045862, 15.01706331643077341 ) ) ;
#1788 = ORIENTED_EDGE ( 'NONE', *, *, #137, .T. ) ;
#1789 = DIRECTION ( 'NONE',  ( 7.259729428968469839E-18, 1.000000000000000000, -2.535153379615575214E-19 ) ) ;
#1790 = CARTESIAN_POINT ( 'NONE',  ( -30.11258857373034914, 35.00000000000000000, 16.00000000000000000 ) ) ;
#1791 = DIRECTION ( 'NONE',  ( -0.8641113899266239518, 0.000000000000000000, -0.5033006117610806518 ) ) ;
#1792 = CARTESIAN_POINT ( 'NONE',  ( 0.0001611627670713604906, 52.05742788878480098, 12.07206379819306186 ) ) ;
#1793 = VERTEX_POINT ( 'NONE', #1904 ) ;
#1794 = EDGE_CURVE ( 'NONE', #3016, #2579, #1722, .T. ) ;
#1795 = ORIENTED_EDGE ( 'NONE', *, *, #3271, .F. ) ;
#1796 = ORIENTED_EDGE ( 'NONE', *, *, #3451, .F. ) ;
#1797 = CARTESIAN_POINT ( 'NONE',  ( 32.37448488126917567, -3.711580360263586620, 44.58908390930993448 ) ) ;
#1798 = CARTESIAN_POINT ( 'NONE',  ( -32.48172746042947523, -8.116077382999176137, 41.05624029135483966 ) ) ;
#1799 = DATE_AND_TIME ( #2941, #24 ) ;
#1800 = VECTOR ( 'NONE', #2375, 1000.000000000000000 ) ;
#1801 = CARTESIAN_POINT ( 'NONE',  ( 32.23346956762296145, -7.982394466958199430, 47.13445226176302327 ) ) ;
#1802 = CARTESIAN_POINT ( 'NONE',  ( 15.75041486158979964, -6.942572111215190134, 19.80109550153600040 ) ) ;
#1803 = CARTESIAN_POINT ( 'NONE',  ( 13.68245663812420077, -5.736674673170821137, 14.64923990584442848 ) ) ;
#1804 = CARTESIAN_POINT ( 'NONE',  ( -13.74016718227148992, -6.541619086668245764, 73.58114597032056281 ) ) ;
#1805 = CARTESIAN_POINT ( 'NONE',  ( -17.31152527789581086, -3.954758847634185059, 16.48980897515326305 ) ) ;
#1806 = ORIENTED_EDGE ( 'NONE', *, *, #183, .T. ) ;
#1807 = DIRECTION ( 'NONE',  ( 7.258656485343220329E-18, 1.000000000000000000, 2.769502879193380538E-20 ) ) ;
#1808 = CARTESIAN_POINT ( 'NONE',  ( -29.12210073682165046, -5.442610965514808719, 44.06113625234507936 ) ) ;
#1809 = APPROVAL ( #3146, '未指定' ) ;
#1810 = CYLINDRICAL_SURFACE ( 'NONE', #38, 1.499999999999998224 ) ;
#1811 = CARTESIAN_POINT ( 'NONE',  ( -13.20486461608498630, -7.042020554104262864, 18.19062376032064776 ) ) ;
#1812 = ORIENTED_EDGE ( 'NONE', *, *, #1088, .T. ) ;
#1813 = CIRCLE ( 'NONE', #809, 1.649999999999998579 ) ;
#1814 = VERTEX_POINT ( 'NONE', #2753 ) ;
#1815 = AXIS2_PLACEMENT_3D ( 'NONE', #1421, #3035, #1946 ) ;
#1816 = ORIENTED_EDGE ( 'NONE', *, *, #1754, .T. ) ;
#1817 = CARTESIAN_POINT ( 'NONE',  ( 32.35963740503682828, -3.954205482036318386, 42.97746957733840389 ) ) ;
#1818 = CARTESIAN_POINT ( 'NONE',  ( -32.61112926720971927, -10.11408578926962321, 43.14194103175412920 ) ) ;
#1819 = CARTESIAN_POINT ( 'NONE',  ( 13.46539433588645984, -5.714366091554301086, 73.59528894463150550 ) ) ;
#1820 = EDGE_CURVE ( 'NONE', #746, #2901, #2681, .T. ) ;
#1821 = CARTESIAN_POINT ( 'NONE',  ( 16.02056126338264974, -6.942572111215190134, 72.27945221928149522 ) ) ;
#1822 = CARTESIAN_POINT ( 'NONE',  ( 16.83612203292947385, -3.774716179892251944, 16.34679651979014281 ) ) ;
#1823 = CARTESIAN_POINT ( 'NONE',  ( -14.45465060055753170, -4.757774113576356712, 73.24073948374211795 ) ) ;
#1824 = CARTESIAN_POINT ( 'NONE',  ( 15.07539558117158229, -5.743464067039067977, 68.77123121098250635 ) ) ;
#1825 = CARTESIAN_POINT ( 'NONE',  ( 13.40340494631230683, -7.982204041879617407, 73.62376699449622208 ) ) ;
#1826 = EDGE_LOOP ( 'NONE', ( #3547, #2189 ) ) ;
#1827 = PLANE ( 'NONE',  #1931 ) ;
#1828 = CARTESIAN_POINT ( 'NONE',  ( 28.83331468808009745, -6.942572111215190134, 45.68231904544949629 ) ) ;
#1829 = LINE ( 'NONE', #1293, #1800 ) ;
#1830 = CARTESIAN_POINT ( 'NONE',  ( 53.00000000000000000, 29.66091050094179593, 0.000000000000000000 ) ) ;
#1831 = ORIENTED_EDGE ( 'NONE', *, *, #1088, .F. ) ;
#1832 = ORIENTED_EDGE ( 'NONE', *, *, #1616, .T. ) ;
#1833 = B_SPLINE_CURVE_WITH_KNOTS ( 'NONE', 3,
 ( #2437, #1035, #1930, #3610, #324, #3591, #3105, #13, #2001, #3321, #1962, #836, #285, #1366, #2757, #3335 ),
 .UNSPECIFIED., .F., .F.,
 ( 4, 2, 2, 2, 2, 2, 2, 4 ),
 ( 0.000000000000000000, 0.1250000000000000833, 0.2500000000000001665, 0.4999999999999992228, 0.6249999999999994449, 0.7499999999999995559, 0.8749999999999997780, 1.000000000000000000 ),
 .UNSPECIFIED. ) ;
#1834 = ORIENTED_EDGE ( 'NONE', *, *, #2773, .F. ) ;
#1835 = AXIS2_PLACEMENT_3D ( 'NONE', #407, #974, #2101 ) ;
#1836 = LINE ( 'NONE', #2709, #2899 ) ;
#1837 = DATE_AND_TIME ( #416, #91 ) ;
#1838 = CARTESIAN_POINT ( 'NONE',  ( 32.31350255995741350, -9.262447530996565703, 42.02426320627380818 ) ) ;
#1839 = CARTESIAN_POINT ( 'NONE',  ( 13.13718433617794190, -7.692771827341164936, 69.86328009979315823 ) ) ;
#1840 = DIRECTION ( 'NONE',  ( -1.000000000000000000, 0.000000000000000000, 0.000000000000000000 ) ) ;
#1841 = CARTESIAN_POINT ( 'NONE',  ( -32.62169573605355311, -6.942572111215190134, 43.94782971013444950 ) ) ;
#1842 = EDGE_CURVE ( 'NONE', #106, #3443, #3485, .T. ) ;
#1843 = CARTESIAN_POINT ( 'NONE',  ( -15.31926017167601373, -5.743464067094668835, 19.37243054586072688 ) ) ;
#1844 = CARTESIAN_POINT ( 'NONE',  ( 13.46015842368550786, -8.155957800105090527, 73.59769775821789040 ) ) ;
#1845 = B_SPLINE_CURVE_WITH_KNOTS ( 'NONE', 3,
 ( #1526, #2624, #1804, #1767, #662, #912, #2313, #151, #440, #96, #948, #1211, #970, #1785, #1508, #3191, #1542, #643, #2890, #1823, #699, #2872, #366, #1564, #1187, #680, #2928, #2909, #385, #404, #2641, #989, #3508, #2116, #420, #2658, #1270, #2390, #718, #3432, #1863, #1581, #2408, #2965, #3246, #1287, #169, #3526, #461, #1005, #2134, #735, #3399, #3080, #1698, #314, #1117, #2803, #1755, #2031, #296, #62, #2574, #575, #2012, #3138, #2246, #1957, #335, #2262, #831, #880, #3099, #611, #1098, #1736, #1436, #6, #1172, #3364, #1414, #2537, #2556, #2840, #1454, #46, #1679, #2786, #863, #277, #25, #556, #3062, #2858, #1154 ),
 .UNSPECIFIED., .F., .F.,
 ( 4, 2, 2, 1, 1, 1, 2, 2, 2, 2, 2, 1, 1, 2, 2, 2, 2, 1, 1, 1, 2, 2, 2, 2, 1, 1, 2, 2, 2, 2, 2, 1, 1, 1, 2, 2, 2, 2, 1, 1, 1, 2, 2, 2, 2, 2, 1, 2, 2, 2, 2, 2, 1, 1, 2, 2, 4 ),
 ( 0.000000000000000000, 0.06250000000003864964, 0.09375000000005814793, 0.1093750000000681816, 0.1171875000000729278, 0.1210937500000754258, 0.1230468750000767858, 0.1250000000000781597, 0.1875000000001141309, 0.2187500000001322553, 0.2343750000001408318, 0.2421875000001452449, 0.2460937500001470490, 0.2480468750001478540, 0.2500000000001486589, 0.2812500000001708078, 0.2968750000001821321, 0.3046875000001879608, 0.3085937500001918465, 0.3105468750001947886, 0.3115234375001963985, 0.3125000000001980083, 0.3437500000002557399, 0.3593750000002848277, 0.3671875000002993716, 0.3710937500003064771, 0.3730468750003097522, 0.3750000000003130274, 0.5000000000004266587, 0.5625000000004839462, 0.5937500000005111467, 0.6093750000005236922, 0.6171875000005310197, 0.6210937500005345724, 0.6230468750005361267, 0.6250000000005376810, 0.6562500000005820899, 0.6718750000006039613, 0.6796875000006137313, 0.6835937500006176171, 0.6855468750006203926, 0.6865234375006212808, 0.6875000000006220580, 0.7187500000005624390, 0.7343750000005331291, 0.7421875000005180301, 0.7460937500005109246, 0.7480468750005074829, 0.7500000000005040413, 0.8125000000003955725, 0.8437500000003419487, 0.8593750000003149703, 0.8671875000003016476, 0.8710937500002944311, 0.8730468750002902123, 0.8750000000002859935, 1.000000000000000000 ),
 .UNSPECIFIED. ) ;
#1846 = ORIENTED_EDGE ( 'NONE', *, *, #1065, .T. ) ;
#1847 = CARTESIAN_POINT ( 'NONE',  ( 19.87792212991149654, 47.55742788878480098, 44.14813928964100143 ) ) ;
#1848 = CARTESIAN_POINT ( 'NONE',  ( -56.00000000000000000, 2.927108592058569812E-15, 16.00000000000000000 ) ) ;
#1849 = CARTESIAN_POINT ( 'NONE',  ( -56.00000000000000000, 29.66091050094179593, 12.00000000000000000 ) ) ;
#1850 = CARTESIAN_POINT ( 'NONE',  ( -32.59566155072855764, -4.059115263397921503, 45.37872349830361429 ) ) ;
#1851 = ORIENTED_EDGE ( 'NONE', *, *, #3404, .F. ) ;
#1852 = VECTOR ( 'NONE', #892, 1000.000000000000000 ) ;
#1853 = DIRECTION ( 'NONE',  ( 0.000000000000000000, 0.000000000000000000, -1.000000000000000000 ) ) ;
#1854 = ORIENTED_EDGE ( 'NONE', *, *, #2284, .T. ) ;
#1855 = ORIENTED_EDGE ( 'NONE', *, *, #2500, .T. ) ;
#1856 = VECTOR ( 'NONE', #3474, 1000.000000000000000 ) ;
#1857 = CARTESIAN_POINT ( 'NONE',  ( -32.50584797798413206, -8.179102362558847261, 46.81629691235738733 ) ) ;
#1858 = CARTESIAN_POINT ( 'NONE',  ( 32.24132353919991800, -7.338863718065331554, 41.09363145659973071 ) ) ;
#1859 = VECTOR ( 'NONE', #65, 1000.000000000000114 ) ;
#1860 = VECTOR ( 'NONE', #1871, 1000.000000000000000 ) ;
#1861 = CARTESIAN_POINT ( 'NONE',  ( 13.81171386045000737, -8.472284953818011388, 14.70999630711306594 ) ) ;
#1862 = CARTESIAN_POINT ( 'NONE',  ( 13.73714071380580570, -5.580965723916216703, 14.67490646652849406 ) ) ;
#1863 = CARTESIAN_POINT ( 'NONE',  ( -15.35398909296250380, -3.986015164373757358, 72.78132454641071547 ) ) ;
#1864 = DIRECTION ( 'NONE',  ( -1.972423937518264982E-16, 0.000000000000000000, -1.000000000000000000 ) ) ;
#1865 = DIRECTION ( 'NONE',  ( -7.259729428968469839E-18, -1.000000000000000000, 2.535153379615575214E-19 ) ) ;
#1866 = EDGE_LOOP ( 'NONE', ( #869, #489, #1622, #2649 ) ) ;
#1867 = DIRECTION ( 'NONE',  ( 7.258656485343220329E-18, 1.000000000000000000, 2.769502879193380538E-20 ) ) ;
#1868 = ADVANCED_FACE ( 'NONE', ( #3214 ), #2730, .F. ) ;
#1869 = EDGE_CURVE ( 'NONE', #3596, #499, #1022, .T. ) ;
#1870 = CARTESIAN_POINT ( 'NONE',  ( -18.92639241381504078, -8.072756217582186977, 70.57924045368135069 ) ) ;
#1871 = DIRECTION ( 'NONE',  ( 7.259729428968469839E-18, 1.000000000000000000, -2.535153379615575214E-19 ) ) ;
#1872 = CARTESIAN_POINT ( 'NONE',  ( -32.60291205060433128, -3.962052540320243121, 45.18356758081972657 ) ) ;
#1873 = ADVANCED_FACE ( 'NONE', ( #3268 ), #442, .F. ) ;
#1874 = CARTESIAN_POINT ( 'NONE',  ( 53.00000000000000000, 29.66091050094179593, 12.00000000000000000 ) ) ;
#1875 = ORIENTED_EDGE ( 'NONE', *, *, #1661, .F. ) ;
#1876 = ORIENTED_EDGE ( 'NONE', *, *, #1128, .T. ) ;
#1877 = CARTESIAN_POINT ( 'NONE',  ( -0.1219322952180229985, 52.55742788878480098, 44.07183087840034830 ) ) ;
#1878 = DIRECTION ( 'NONE',  ( -7.258656485343231114E-18, -1.000000000000000000, -2.769502879193055538E-20 ) ) ;
#1879 = VECTOR ( 'NONE', #2233, 1000.000000000000227 ) ;
#1880 = CARTESIAN_POINT ( 'NONE',  ( 15.33408955063270973, -10.00744372810165927, 15.48224935077606901 ) ) ;
#1881 = CARTESIAN_POINT ( 'NONE',  ( 18.50570602816900134, -5.326103134573198616, 17.43952452679460663 ) ) ;
#1882 = CARTESIAN_POINT ( 'NONE',  ( -13.23893536321598319, -6.552171845135466910, 18.20776262797090794 ) ) ;
#1883 = CARTESIAN_POINT ( 'NONE',  ( -20.96481136222149999, 16.91105094041014922, 12.00000000000000000 ) ) ;
#1884 = ORIENTED_EDGE ( 'NONE', *, *, #1418, .F. ) ;
#1885 = FACE_OUTER_BOUND ( 'NONE', #2682, .T. ) ;
#1886 = CARTESIAN_POINT ( 'NONE',  ( -17.65163026312642458, -9.856019439659970516, 71.43881419236690533 ) ) ;
#1887 = CARTESIAN_POINT ( 'NONE',  ( -15.46385674241020602, -9.955158086912190285, 72.72275584512662761 ) ) ;
#1888 = CARTESIAN_POINT ( 'NONE',  ( -14.23203089044469394, -9.127855419542571624, 14.79458429246738760 ) ) ;
#1889 = CARTESIAN_POINT ( 'NONE',  ( -32.61835545140451842, -3.711530757088895349, 43.55495139430693285 ) ) ;
#1890 = DIRECTION ( 'NONE',  ( 0.000000000000000000, 0.000000000000000000, -1.000000000000000000 ) ) ;
#1891 = CARTESIAN_POINT ( 'NONE',  ( 29.03518863777850001, 18.08894905958980104, 12.00000000000000000 ) ) ;
#1892 = ADVANCED_FACE ( 'NONE', ( #720, #3545 ), #3579, .T. ) ;
#1893 = CARTESIAN_POINT ( 'NONE',  ( -32.50740528960051989, -8.224868802721005068, 46.79802494129155832 ) ) ;
#1894 = DIRECTION ( 'NONE',  ( -0.003815420562033882031, 0.000000000000000000, 0.9999927212564774237 ) ) ;
#1895 = CARTESIAN_POINT ( 'NONE',  ( 15.40137423925722437, -10.03421709603238909, 15.51878709213906227 ) ) ;
#1896 = CARTESIAN_POINT ( 'NONE',  ( 17.26835590764697059, -3.949868423303398934, 16.61590475481407836 ) ) ;
#1897 = CARTESIAN_POINT ( 'NONE',  ( 53.00000000000000000, 4.660910500941819912, 12.00000000000000000 ) ) ;
#1898 = CARTESIAN_POINT ( 'NONE',  ( 14.04424500989657254, -9.197066308290898107, 73.32195177345414550 ) ) ;
#1899 = VERTEX_POINT ( 'NONE', #701 ) ;
#1900 = DIRECTION ( 'NONE',  ( 0.5033006117610808738, -3.872891753873434347E-18, -0.8641113899266238407 ) ) ;
#1901 = CARTESIAN_POINT ( 'NONE',  ( -18.66310679706325004, -8.737427539253532771, 70.76442277934921776 ) ) ;
#1902 = CARTESIAN_POINT ( 'NONE',  ( -13.78795620348273765, -7.754605898473510450, 73.55936425877933971 ) ) ;
#1903 = CARTESIAN_POINT ( 'NONE',  ( -14.71336329332465276, -9.618009561198945789, 15.03151227606224438 ) ) ;
#1904 = CARTESIAN_POINT ( 'NONE',  ( 14.76508674539108057, 2.602936285880300068E-15, 15.74557690643040075 ) ) ;
#1905 = CARTESIAN_POINT ( 'NONE',  ( -20.12178672034754712, 52.55742788878480098, 43.99552246715965254 ) ) ;
#1906 = CARTESIAN_POINT ( 'NONE',  ( 13.81696018409171778, 1.868366513533688877, 18.64074991683051508 ) ) ;
#1907 = CIRCLE ( 'NONE', #783, 1.649999999999998579 ) ;
#1908 = EDGE_CURVE ( 'NONE', #2536, #1471, #1719, .T. ) ;
#1909 = EDGE_CURVE ( 'NONE', #3286, #797, #3112, .T. ) ;
#1910 = CIRCLE ( 'NONE', #1612, 31.99999999999998579 ) ;
#1911 = ORIENTED_EDGE ( 'NONE', *, *, #545, .T. ) ;
#1912 = AXIS2_PLACEMENT_3D ( 'NONE', #3417, #1993, #897 ) ;
#1913 = CARTESIAN_POINT ( 'NONE',  ( 32.37749179119844456, -10.17365557061566328, 43.80352104782322442 ) ) ;
#1914 = AXIS2_PLACEMENT_3D ( 'NONE', #2474, #3392, #548 ) ;
#1915 = VECTOR ( 'NONE', #231, 1000.000000000000000 ) ;
#1916 = CARTESIAN_POINT ( 'NONE',  ( 14.80250316221498252, -9.704286401764456116, 15.20123504402167924 ) ) ;
#1917 = CARTESIAN_POINT ( 'NONE',  ( 17.90999619331572390, -4.435285053926536492, 17.03316963535905160 ) ) ;
#1918 = DIRECTION ( 'NONE',  ( -0.003815420562034331758, 0.000000000000000000, 0.9999927212564772017 ) ) ;
#1919 = CARTESIAN_POINT ( 'NONE',  ( 14.93086670964154372, -9.920234787244709196, 72.87570219821748196 ) ) ;
#1920 = ORIENTED_EDGE ( 'NONE', *, *, #1280, .T. ) ;
#1921 = CYLINDRICAL_SURFACE ( 'NONE', #424, 1.499999999999912736 ) ;
#1922 = CARTESIAN_POINT ( 'NONE',  ( -29.07717927851614803, -6.942572111215190134, 42.46134271135139926 ) ) ;
#1923 = CARTESIAN_POINT ( 'NONE',  ( -13.98673728325669607, -8.310523811179605147, 73.46607750640185941 ) ) ;
#1924 = CARTESIAN_POINT ( 'NONE',  ( 13.25486914170962116, -6.942572111215190134, 73.69127015933560187 ) ) ;
#1925 = CARTESIAN_POINT ( 'NONE',  ( -32.58061511331816007, -4.268785202187316052, 45.71008388994603422 ) ) ;
#1926 = FACE_OUTER_BOUND ( 'NONE', #1297, .T. ) ;
#1927 = ORIENTED_EDGE ( 'NONE', *, *, #1548, .T. ) ;
#1928 = APPROVAL_DATE_TIME ( #3297, #921 ) ;
#1929 = EDGE_LOOP ( 'NONE', ( #1231, #884, #2016, #2845, #2398, #532, #3234, #1290 ) ) ;
#1930 = CARTESIAN_POINT ( 'NONE',  ( 14.88045568056506340, -0.2663010420110066834, 15.80635320203098004 ) ) ;
#1931 = AXIS2_PLACEMENT_3D ( 'NONE', #156, #2950, #136 ) ;
#1932 = CARTESIAN_POINT ( 'NONE',  ( -32.47511850249383514, -7.905594686619800804, 40.98578029326257166 ) ) ;
#1933 = PLANE ( 'NONE',  #2250 ) ;
#1934 = CARTESIAN_POINT ( 'NONE',  ( -0.1219322952180229985, 52.55742788878480098, 44.07183087840034830 ) ) ;
#1935 = VERTEX_POINT ( 'NONE', #606 ) ;
#1936 = CYLINDRICAL_SURFACE ( 'NONE', #2813, 1.500000000000421663 ) ;
#1937 = DIRECTION ( 'NONE',  ( 7.259729428968469839E-18, 1.000000000000000000, -2.535153379615575214E-19 ) ) ;
#1938 = CARTESIAN_POINT ( 'NONE',  ( -14.54582641373695218, -9.238587771350669442, 73.19572597489620591 ) ) ;
#1939 = CARTESIAN_POINT ( 'NONE',  ( -15.04980865141868485, -9.851693658896108374, 15.20299578812326580 ) ) ;
#1940 = CARTESIAN_POINT ( 'NONE',  ( -32.49070375984594250, -5.534266543824267082, 41.15303590321150295 ) ) ;
#1941 = CARTESIAN_POINT ( 'NONE',  ( -15.99424897964932946, -7.042020554076299454, 68.34258618330277102 ) ) ;
#1942 = CARTESIAN_POINT ( 'NONE',  ( 14.38741374344890467, 2.057389034485193058, 18.96229560698153449 ) ) ;
#1943 = VERTEX_POINT ( 'NONE', #2497 ) ;
#1944 = CYLINDRICAL_SURFACE ( 'NONE', #2796, 1.649999999999998579 ) ;
#1945 = CIRCLE ( 'NONE', #2417, 1.499999999999998224 ) ;
#1946 = DIRECTION ( 'NONE',  ( 0.003815420562034331324, 0.000000000000000000, -0.9999927212564773127 ) ) ;
#1947 = DIRECTION ( 'NONE',  ( 1.972423937518264982E-16, 0.000000000000000000, -1.000000000000000000 ) ) ;
#1948 = FACE_OUTER_BOUND ( 'NONE', #2420, .T. ) ;
#1949 = CARTESIAN_POINT ( 'NONE',  ( 17.44029072167838024, -4.195315676671027560, 71.41826098901309194 ) ) ;
#1950 = ADVANCED_FACE ( 'NONE', ( #3616, #1094, #1729 ), #2834, .F. ) ;
#1951 = CARTESIAN_POINT ( 'NONE',  ( 13.15814408889811205, -6.743363343607732929, 18.29122632309316288 ) ) ;
#1952 = EDGE_CURVE ( 'NONE', #652, #2487, #1447, .T. ) ;
#1953 = CARTESIAN_POINT ( 'NONE',  ( -17.62225915467438497, -9.873784041197001926, 71.45765611688452168 ) ) ;
#1954 = DIRECTION ( 'NONE',  ( 0.000000000000000000, 0.000000000000000000, -1.000000000000000000 ) ) ;
#1955 = CARTESIAN_POINT ( 'NONE',  ( -18.58936247608914627, -5.415509260831386840, 17.32803860537109841 ) ) ;
#1956 = ORIENTED_EDGE ( 'NONE', *, *, #1998, .T. ) ;
#1957 = CARTESIAN_POINT ( 'NONE',  ( -17.96312618915525405, -4.256200468587077346, 71.23691522377463059 ) ) ;
#1958 = CARTESIAN_POINT ( 'NONE',  ( -32.53282467195746364, -8.826862549831281157, 46.48278168358273632 ) ) ;
#1959 = CARTESIAN_POINT ( 'NONE',  ( -13.40194528224593995, -6.942572111215190134, 69.85246809054790162 ) ) ;
#1960 = CARTESIAN_POINT ( 'NONE',  ( 56.00000000000000000, 35.00000000000000000, 0.000000000000000000 ) ) ;
#1961 = ORIENTED_EDGE ( 'NONE', *, *, #306, .T. ) ;
#1962 = CARTESIAN_POINT ( 'NONE',  ( 16.60005569880201293, -0.7679540994378717400, 16.78831568118348727 ) ) ;
#1963 = CC_DESIGN_PERSON_AND_ORGANIZATION_ASSIGNMENT ( #2886, #676, ( #162 ) ) ;
#1964 = CYLINDRICAL_SURFACE ( 'NONE', #1815, 28.99999999999998934 ) ;
#1965 = DIRECTION ( 'NONE',  ( 1.000000000000000000, 0.000000000000000000, 0.000000000000000000 ) ) ;
#1966 = DIRECTION ( 'NONE',  ( 0.003815420562034330890, 0.000000000000000000, -0.9999927212564773127 ) ) ;
#1967 = CARTESIAN_POINT ( 'NONE',  ( 17.08096698624504484, -3.961847057257624982, 71.64555496914823607 ) ) ;
#1968 = SECURITY_CLASSIFICATION ( '', '', #2866 ) ;
#1969 = DIRECTION ( 'NONE',  ( 1.000000000000000000, 0.000000000000000000, 0.000000000000000000 ) ) ;
#1970 = DIRECTION ( 'NONE',  ( 0.000000000000000000, 1.000000000000000000, 0.000000000000000000 ) ) ;
#1971 = CARTESIAN_POINT ( 'NONE',  ( -15.56062664643209636, -10.11402313475609738, 15.47008467508658747 ) ) ;
#1972 = CARTESIAN_POINT ( 'NONE',  ( -18.18468933903148965, -4.714750285097691673, 17.05355276260266706 ) ) ;
#1973 = ORIENTED_EDGE ( 'NONE', *, *, #581, .T. ) ;
#1974 = EDGE_CURVE ( 'NONE', #2383, #1733, #3570, .T. ) ;
#1975 = CARTESIAN_POINT ( 'NONE',  ( 28.85169667616664668, -6.276302720162767912, 42.83478752361742181 ) ) ;
#1976 = CARTESIAN_POINT ( 'NONE',  ( 28.84476094976620075, -6.942572111215190134, 42.68234088168010487 ) ) ;
#1977 = CIRCLE ( 'NONE', #623, 1.499999999999998002 ) ;
#1978 = CARTESIAN_POINT ( 'NONE',  ( -13.67588666354913229, -7.859032122068706272, 69.70956390526579582 ) ) ;
#1979 = CARTESIAN_POINT ( 'NONE',  ( 12.99507077277871225, -6.552171845073334389, 69.93589912883041393 ) ) ;
#1980 = EDGE_CURVE ( 'NONE', #3423, #1365, #3465, .T. ) ;
#1981 = ORIENTED_EDGE ( 'NONE', *, *, #2689, .F. ) ;
#1982 = DIRECTION ( 'NONE',  ( -0.003815420562029256391, 0.000000000000000000, 0.9999927212564774237 ) ) ;
#1983 = CARTESIAN_POINT ( 'NONE',  ( -29.08522353058803489, -7.606426672696697366, 42.61266717285538874 ) ) ;
#1984 = FACE_OUTER_BOUND ( 'NONE', #198, .T. ) ;
#1985 = LINE ( 'NONE', #2270, #1434 ) ;
#1986 = CARTESIAN_POINT ( 'NONE',  ( 18.34565934512574259, -5.415904595864359905, 70.81551087568452374 ) ) ;
#1987 = CARTESIAN_POINT ( 'NONE',  ( 13.48663681054691210, -5.950846141085427199, 18.46301140665338636 ) ) ;
#1988 = FACE_OUTER_BOUND ( 'NONE', #517, .T. ) ;
#1989 = CARTESIAN_POINT ( 'NONE',  ( -18.69408003810428553, -8.168519768948042881, 17.40114781926793341 ) ) ;
#1990 = CONICAL_SURFACE ( 'NONE', #3218, 3.249999985252986168, 0.7853981633974518317 ) ;
#1991 = CARTESIAN_POINT ( 'NONE',  ( -32.59634076221951204, -3.931150944496702770, 42.78228007134378430 ) ) ;
#1992 = EDGE_LOOP ( 'NONE', ( #1273, #247, #276 ) ) ;
#1993 = DIRECTION ( 'NONE',  ( -7.258656485343220329E-18, -1.000000000000000000, -2.769502879193380538E-20 ) ) ;
#1994 = FACE_OUTER_BOUND ( 'NONE', #3477, .T. ) ;
#1995 = CARTESIAN_POINT ( 'NONE',  ( 16.23533758701709573, -6.942572111215190134, 15.98821070578505044 ) ) ;
#1996 = CARTESIAN_POINT ( 'NONE',  ( 14.11002917996710870, -5.442494688733699348, 69.34020654116284277 ) ) ;
#1997 = ADVANCED_FACE ( 'NONE', ( #678 ), #2907, .F. ) ;
#1998 = EDGE_CURVE ( 'NONE', #2378, #3398, #10, .T. ) ;
#1999 = ORIENTED_EDGE ( 'NONE', *, *, #1908, .F. ) ;
#2000 = ORIENTED_EDGE ( 'NONE', *, *, #2974, .F. ) ;
#2001 = CARTESIAN_POINT ( 'NONE',  ( 16.23888013158700616, -0.9207006350682152007, 16.57011524729822938 ) ) ;
#2002 = FACE_OUTER_BOUND ( 'NONE', #1546, .T. ) ;
#2003 = CARTESIAN_POINT ( 'NONE',  ( 28.84476445709477943, -7.142223217779794631, 42.68241399894763788 ) ) ;
#2004 = DIRECTION ( 'NONE',  ( 0.000000000000000000, 0.000000000000000000, 1.000000000000000000 ) ) ;
#2005 = CARTESIAN_POINT ( 'NONE',  ( 17.06845699298646224, -3.955179783509565006, 71.65335649543924035 ) ) ;
#2006 = CARTESIAN_POINT ( 'NONE',  ( 18.63889197619020166, -6.942572111215190134, 70.61013287113038928 ) ) ;
#2007 = CARTESIAN_POINT ( 'NONE',  ( 14.13613297001223401, -8.404673227403771207, 18.81828979664145862 ) ) ;
#2008 = CARTESIAN_POINT ( 'NONE',  ( -17.22972065086764104, -9.971805371933587736, 16.43898442453686926 ) ) ;
#2009 = CARTESIAN_POINT ( 'NONE',  ( -32.46151987670410222, -6.942572111215190134, 40.84676110250539693 ) ) ;
#2010 = EDGE_LOOP ( 'NONE', ( #295, #2986, #3458, #124 ) ) ;
#2011 = AXIS2_PLACEMENT_3D ( 'NONE', #749, #1878, #1894 ) ;
#2012 = CARTESIAN_POINT ( 'NONE',  ( -17.93354424133088898, -4.231294356067034634, 71.25632372404614046 ) ) ;
#2013 = CARTESIAN_POINT ( 'NONE',  ( 16.78854037226651030, 1.758817273275735005, 16.90393242162092591 ) ) ;
#2014 = CARTESIAN_POINT ( 'NONE',  ( -14.29751567632411202, -5.519419166806803112, 69.37125748082017651 ) ) ;
#2015 = DIRECTION ( 'NONE',  ( -0.5033006117610802077, 3.872891753873426643E-18, 0.8641113899266242848 ) ) ;
#2016 = ORIENTED_EDGE ( 'NONE', *, *, #2879, .F. ) ;
#2017 = ORIENTED_EDGE ( 'NONE', *, *, #3201, .T. ) ;
#2018 = CARTESIAN_POINT ( 'NONE',  ( 32.33879468015106795, -4.076907482376908476, 45.67141973263496624 ) ) ;
#2019 = EDGE_CURVE ( 'NONE', #2089, #709, #837, .T. ) ;
#2020 = EDGE_CURVE ( 'NONE', #2315, #321, #2571, .T. ) ;
#2021 = CARTESIAN_POINT ( 'NONE',  ( -32.59146472888295420, -9.901072377933468616, 42.66468899442703133 ) ) ;
#2022 = CARTESIAN_POINT ( 'NONE',  ( -13.44366372737884063, -6.942572111215190134, 14.24996018603602010 ) ) ;
#2023 = CIRCLE ( 'NONE', #2541, 1.499999999999998224 ) ;
#2024 = CARTESIAN_POINT ( 'NONE',  ( 32.29295131587671364, -9.203717964084178860, 46.42244043655399111 ) ) ;
#2025 = CARTESIAN_POINT ( 'NONE',  ( 18.43149040475190148, -8.225659096934661463, 70.75556209918215700 ) ) ;
#2026 = LINE ( 'NONE', #3376, #1313 ) ;
#2027 = DIRECTION ( 'NONE',  ( 7.258656485343231114E-18, 1.000000000000000000, 2.769502879193055538E-20 ) ) ;
#2028 = CARTESIAN_POINT ( 'NONE',  ( -17.31509928934360687, -3.956653854864268904, 16.49203699059174610 ) ) ;
#2029 = ORIENTED_EDGE ( 'NONE', *, *, #1047, .T. ) ;
#2030 = AXIS2_PLACEMENT_3D ( 'NONE', #571, #3431, #59 ) ;
#2031 = CARTESIAN_POINT ( 'NONE',  ( -17.65832617016882722, -4.031365943400537333, 71.43480124277274967 ) ) ;
#2032 = CARTESIAN_POINT ( 'NONE',  ( 15.49194961207129140, -0.3575017260736326197, 19.63395620465141178 ) ) ;
#2033 = CARTESIAN_POINT ( 'NONE',  ( -15.67953428868190002, -7.610115864890742543, 19.59812079028054299 ) ) ;
#2034 = LINE ( 'NONE', #2659, #1379 ) ;
#2035 = ADVANCED_FACE ( 'NONE', ( #817, #2563, #1069, #1089 ), #1964, .F. ) ;
#2036 = AXIS2_PLACEMENT_3D ( 'NONE', #3176, #2356, #3475 ) ;
#2037 = ORIENTED_EDGE ( 'NONE', *, *, #3045, .F. ) ;
#2038 = ORIENTED_EDGE ( 'NONE', *, *, #1749, .T. ) ;
#2039 = CARTESIAN_POINT ( 'NONE',  ( 32.29935101491793148, -4.865963160067654947, 41.80963354798510778 ) ) ;
#2040 = CARTESIAN_POINT ( 'NONE',  ( -32.59002909742925880, -9.885230704350412623, 42.63212597887250155 ) ) ;
#2041 = CARTESIAN_POINT ( 'NONE',  ( 32.27003998913393445, -8.829074083454852229, 46.72309391849184124 ) ) ;
#2042 = CARTESIAN_POINT ( 'NONE',  ( 18.65965129670453848, -8.148075321773672997, 17.54821628259363564 ) ) ;
#2043 = CARTESIAN_POINT ( 'NONE',  ( 15.68612938256222833, -7.425934664863909518, 19.75914727712056518 ) ) ;
#2044 = PLANE ( 'NONE',  #3010 ) ;
#2045 = EDGE_CURVE ( 'NONE', #1640, #652, #1545, .T. ) ;
#2046 = CARTESIAN_POINT ( 'NONE',  ( -17.76575098266680541, -4.265098501116589169, 16.77813800336009109 ) ) ;
#2047 = ORIENTED_EDGE ( 'NONE', *, *, #66, .T. ) ;
#2048 = CARTESIAN_POINT ( 'NONE',  ( -19.08471845044515192, -6.942572111215190134, 70.46620037704769857 ) ) ;
#2049 = LINE ( 'NONE', #1253, #2377 ) ;
#2050 = CARTESIAN_POINT ( 'NONE',  ( 16.14102791056095754, 2.071270423867684229, 16.51115939894888385 ) ) ;
#2051 = LINE ( 'NONE', #954, #2544 ) ;
#2052 = ORIENTED_EDGE ( 'NONE', *, *, #1108, .F. ) ;
#2053 = VERTEX_POINT ( 'NONE', #1650 ) ;
#2054 = ORIENTED_EDGE ( 'NONE', *, *, #1637, .F. ) ;
#2055 = CARTESIAN_POINT ( 'NONE',  ( 32.29535010889966173, -4.645880664863922149, 46.38911157871206115 ) ) ;
#2056 = CARTESIAN_POINT ( 'NONE',  ( -32.61124440895598298, -10.03418364708070598, 44.90487192509895209 ) ) ;
#2057 = CARTESIAN_POINT ( 'NONE',  ( 13.31876522204918523, -6.129970096714017380, 73.66275110240539448 ) ) ;
#2058 = CARTESIAN_POINT ( 'NONE',  ( 15.12351035745896688, -5.632579336333068731, 19.40180247798800295 ) ) ;
#2059 = CARTESIAN_POINT ( 'NONE',  ( 13.54692354659148457, -6.235152570193958077, 14.58594419420834676 ) ) ;
#2060 = DIRECTION ( 'NONE',  ( -0.8679268104886571633, 0.000000000000000000, 0.4966921094953961613 ) ) ;
#2061 = CARTESIAN_POINT ( 'NONE',  ( -14.32623283429265193, -4.643045046646310681, 14.84020814786042841 ) ) ;
#2062 = ORIENTED_EDGE ( 'NONE', *, *, #421, .T. ) ;
#2063 = CARTESIAN_POINT ( 'NONE',  ( -30.11258857373034914, -23.03496852034945164, 16.00000000000000000 ) ) ;
#2064 = ADVANCED_FACE ( 'NONE', ( #2002 ), #1990, .F. ) ;
#2065 = CARTESIAN_POINT ( 'NONE',  ( 28.84872801120047114, -6.022385105887835266, 45.38358036728541833 ) ) ;
#2066 = CIRCLE ( 'NONE', #1411, 1.649999999999998579 ) ;
#2067 = LINE ( 'NONE', #1276, #2094 ) ;
#2068 = DIRECTION ( 'NONE',  ( -0.003815420562034336962, 0.000000000000000000, 0.9999927212564774237 ) ) ;
#2069 = VERTEX_POINT ( 'NONE', #287 ) ;
#2070 = ORIENTED_EDGE ( 'NONE', *, *, #2218, .T. ) ;
#2071 = ORIENTED_EDGE ( 'NONE', *, *, #2551, .T. ) ;
#2072 = CARTESIAN_POINT ( 'NONE',  ( 32.24300185886701087, -6.541595707856613373, 41.11091271209497933 ) ) ;
#2073 = CARTESIAN_POINT ( 'NONE',  ( -32.58496053040636298, -9.828503270243004408, 42.52171266188122445 ) ) ;
#2074 = CARTESIAN_POINT ( 'NONE',  ( 14.08185585396241102, -4.643639645764547019, 73.30370255922254330 ) ) ;
#2075 = EDGE_CURVE ( 'NONE', #2579, #3016, #2801, .T. ) ;
#2076 = CARTESIAN_POINT ( 'NONE',  ( 14.13534095048270522, -5.491038467529876677, 18.81832413860616882 ) ) ;
#2077 = CARTESIAN_POINT ( 'NONE',  ( 15.17148878636927734, -3.954010670369433544, 15.39498862946436653 ) ) ;
#2078 = CARTESIAN_POINT ( 'NONE',  ( 30.11258857373034914, -3.469446951953614978E-15, 33.58976296099364589 ) ) ;
#2079 = CARTESIAN_POINT ( 'NONE',  ( -18.16177241251888219, -4.684660172648054122, 17.03825500213266864 ) ) ;
#2080 = ORIENTED_EDGE ( 'NONE', *, *, #1267, .T. ) ;
#2081 = DIRECTION ( 'NONE',  ( 0.9649312920561907703, -6.938591668986786863E-18, 0.2625025744840808750 ) ) ;
#2082 = CARTESIAN_POINT ( 'NONE',  ( 28.87580553421001284, -5.519419166806768473, 43.69853289866723856 ) ) ;
#2083 = CYLINDRICAL_SURFACE ( 'NONE', #3374, 1.499999999999956257 ) ;
#2084 = CARTESIAN_POINT ( 'NONE',  ( -0.1219322952180233871, -2.692572111215184805, 44.07183087840034830 ) ) ;
#2085 = AXIS2_PLACEMENT_3D ( 'NONE', #3550, #2159, #3273 ) ;
#2086 = ORIENTED_EDGE ( 'NONE', *, *, #2217, .F. ) ;
#2087 = AXIS2_PLACEMENT_3D ( 'NONE', #2746, #3509, #990 ) ;
#2088 = CLOSED_SHELL ( 'NONE', ( #713, #647, #1341, #178, #3429, #1343, #262, #2642, #2609, #3084, #400, #2064, #827, #110, #2110, #2617, #1158, #2530, #3565, #1522, #281, #2306, #2283, #1202, #1892, #3037, #286, #3127, #2035, #357, #202, #473, #1130, #1950, #2707, #1361, #1364, #1478, #3586, #3606, #601, #2130, #2379, #2903, #2354, #534, #1685, #2790, #1873, #3340, #2157, #3148, #2857, #2441, #516, #2329, #3595, #908, #2731, #934, #2690, #3627, #3473, #1997, #491, #1868, #846, #628, #435, #2749 ) ) ;
#2089 = VERTEX_POINT ( 'NONE', #1282 ) ;
#2090 = EDGE_CURVE ( 'NONE', #1007, #215, #3389, .T. ) ;
#2091 = ORIENTED_EDGE ( 'NONE', *, *, #2485, .F. ) ;
#2092 = CARTESIAN_POINT ( 'NONE',  ( 32.35708869463745430, -3.987661370075695100, 42.90533114313065255 ) ) ;
#2093 = CARTESIAN_POINT ( 'NONE',  ( -32.58681391608048727, -9.704209465143556201, 45.58230704702314284 ) ) ;
#2094 = VECTOR ( 'NONE', #2629, 1000.000000000000000 ) ;
#2095 = CARTESIAN_POINT ( 'NONE',  ( 32.29182553246331366, -9.186832866444813561, 46.43793651683562729 ) ) ;
#2096 = CARTESIAN_POINT ( 'NONE',  ( 18.14751752025199139, -9.168986708484167636, 17.19288472411014013 ) ) ;
#2097 = CARTESIAN_POINT ( 'NONE',  ( 15.16313146100761600, -3.958268298377052297, 15.39053447203609970 ) ) ;
#2098 = LINE ( 'NONE', #2929, #3435 ) ;
#2099 = CARTESIAN_POINT ( 'NONE',  ( -17.39681884955808755, -4.002003278236478501, 16.54314854757513231 ) ) ;
#2100 = ORIENTED_EDGE ( 'NONE', *, *, #445, .T. ) ;
#2101 = DIRECTION ( 'NONE',  ( -1.000000000000000000, 0.000000000000000000, 0.000000000000000000 ) ) ;
#2102 = CARTESIAN_POINT ( 'NONE',  ( -20.12750985119059877, 47.55742788878480098, 45.49551154904440153 ) ) ;
#2103 = CARTESIAN_POINT ( 'NONE',  ( -30.87743161814375270, -6.942572111215190134, 45.45449577795140073 ) ) ;
#2104 = DIRECTION ( 'NONE',  ( -7.258656485343220329E-18, -1.000000000000000000, -2.769502879193380538E-20 ) ) ;
#2105 = VERTEX_POINT ( 'NONE', #3280 ) ;
#2106 = CIRCLE ( 'NONE', #521, 1.499999999999984457 ) ;
#2107 = EDGE_LOOP ( 'NONE', ( #1085, #1278, #2698, #895 ) ) ;
#2108 = AXIS2_PLACEMENT_3D ( 'NONE', #2692, #2111, #1299 ) ;
#2109 = VERTEX_POINT ( 'NONE', #2229 ) ;
#2110 = ADVANCED_FACE ( 'NONE', ( #1577 ), #145, .F. ) ;
#2111 = DIRECTION ( 'NONE',  ( -0.5033006117610763219, 3.872891753873427413E-18, 0.8641113899266265053 ) ) ;
#2112 =( LENGTH_UNIT ( ) NAMED_UNIT ( * ) SI_UNIT ( .MILLI., .METRE. ) );
#2113 = CARTESIAN_POINT ( 'NONE',  ( 32.33751333849918552, -9.627270437494638955, 42.44875021173292851 ) ) ;
#2114 = CARTESIAN_POINT ( 'NONE',  ( 15.53591231104701720, -10.08328289281714163, 15.59225244724981962 ) ) ;
#2115 = CARTESIAN_POINT ( 'NONE',  ( 13.67154973687524411, -5.768461495606359790, 14.64412313358591078 ) ) ;
#2116 = CARTESIAN_POINT ( 'NONE',  ( -14.93896054923987471, -4.263560117433432772, 72.99769597723624770 ) ) ;
#2117 = CARTESIAN_POINT ( 'NONE',  ( -15.80861255317414837, -6.942572111215190134, 19.68068366297299931 ) ) ;
#2118 = CARTESIAN_POINT ( 'NONE',  ( 14.71392120420590288, -9.795721389471271578, 72.98782103345372718 ) ) ;
#2119 = ORIENTED_EDGE ( 'NONE', *, *, #2664, .F. ) ;
#2120 = DIRECTION ( 'NONE',  ( 0.000000000000000000, 0.000000000000000000, -1.000000000000000000 ) ) ;
#2121 = CARTESIAN_POINT ( 'NONE',  ( -29.10410507156170112, -5.950846141116763022, 45.09087405956316985 ) ) ;
#2122 = CARTESIAN_POINT ( 'NONE',  ( 53.00000000000000000, 4.660910500941819912, 12.00000000000000000 ) ) ;
#2123 = CARTESIAN_POINT ( 'NONE',  ( -32.58011234644401810, -4.275971810347902746, 45.71998569252423295 ) ) ;
#2124 = VERTEX_POINT ( 'NONE', #3557 ) ;
#2125 = DIRECTION ( 'NONE',  ( 0.003815420562034336528, -2.812124136265255660E-19, -0.9999927212564774237 ) ) ;
#2126 = ORIENTED_EDGE ( 'NONE', *, *, #3626, .T. ) ;
#2127 = VERTEX_POINT ( 'NONE', #3503 ) ;
#2128 = DIRECTION ( 'NONE',  ( 0.000000000000000000, 1.000000000000000000, 0.000000000000000000 ) ) ;
#2129 = EDGE_CURVE ( 'NONE', #2411, #1769, #1639, .T. ) ;
#2130 = ADVANCED_FACE ( 'NONE', ( #434 ), #1558, .F. ) ;
#2131 = CARTESIAN_POINT ( 'NONE',  ( 32.29893312828990304, -9.020955574752894890, 41.79805153493587966 ) ) ;
#2132 = CARTESIAN_POINT ( 'NONE',  ( 15.89242083121576776, -10.17319579611216973, 15.79065290943882793 ) ) ;
#2133 = CARTESIAN_POINT ( 'NONE',  ( 30.11258857373034914, -23.03496852034945164, 33.58976296099370273 ) ) ;
#2134 = CARTESIAN_POINT ( 'NONE',  ( -17.16768595153551402, -3.801527994894823959, 71.74305727364402685 ) ) ;
#2135 = CARTESIAN_POINT ( 'NONE',  ( -7.400140256968580132, 6.938893903907229955E-15, 16.00000000000000000 ) ) ;
#2136 = CARTESIAN_POINT ( 'NONE',  ( -13.70839939331145274, -5.716775612667050588, 14.54797749977038990 ) ) ;
#2137 = EDGE_CURVE ( 'NONE', #3498, #192, #229, .T. ) ;
#2138 = ORIENTED_EDGE ( 'NONE', *, *, #3038, .T. ) ;
#2139 = CARTESIAN_POINT ( 'NONE',  ( -30.11258857373034914, 3.035766082959410049E-15, 32.91116172354549718 ) ) ;
#2140 = CARTESIAN_POINT ( 'NONE',  ( -18.90058682439083171, -8.157387458641307987, 70.59751913349327879 ) ) ;
#2141 = DIRECTION ( 'NONE',  ( -0.7044037245851506590, 9.152944100149073991E-17, -0.7097995440901376796 ) ) ;
#2142 = CARTESIAN_POINT ( 'NONE',  ( -32.59741961376197139, -4.035418921957981020, 45.33430685821603845 ) ) ;
#2143 = CARTESIAN_POINT ( 'NONE',  ( 15.75041486158979964, -6.942572111215190134, 19.80109550153600040 ) ) ;
#2144 = ORIENTED_EDGE ( 'NONE', *, *, #1065, .F. ) ;
#2145 = ORIENTED_EDGE ( 'NONE', *, *, #555, .T. ) ;
#2146 = AXIS2_PLACEMENT_3D ( 'NONE', #1292, #2684, #519 ) ;
#2147 = CARTESIAN_POINT ( 'NONE',  ( -0.1219322952180183911, -23.03496852034945164, 44.07183087840034830 ) ) ;
#2148 = CARTESIAN_POINT ( 'NONE',  ( 32.26243195789180618, -8.192473003628217398, 41.33263178275302607 ) ) ;
#2149 = AXIS2_PLACEMENT_3D ( 'NONE', #3383, #866, #2822 ) ;
#2150 = VECTOR ( 'NONE', #724, 1000.000000000000000 ) ;
#2151 = CARTESIAN_POINT ( 'NONE',  ( 14.29174672313047978, -9.226544352737237276, 14.94287838391289469 ) ) ;
#2152 = FACE_OUTER_BOUND ( 'NONE', #300, .T. ) ;
#2153 = DIRECTION ( 'NONE',  ( -0.8641113899266239518, 0.000000000000000000, -0.5033006117610806518 ) ) ;
#2154 = CARTESIAN_POINT ( 'NONE',  ( -13.73998332974971426, -5.631107843699330040, 14.56249896195719984 ) ) ;
#2155 = ORIENTED_EDGE ( 'NONE', *, *, #2856, .F. ) ;
#2156 = LINE ( 'NONE', #3003, #1713 ) ;
#2157 = ADVANCED_FACE ( 'NONE', ( #1000, #730, #748, #540, #1380 ), #1596, .F. ) ;
#2158 = CARTESIAN_POINT ( 'NONE',  ( -18.03063727980232755, -9.577641602384220576, 71.19251384378105740 ) ) ;
#2159 = DIRECTION ( 'NONE',  ( -7.258656485343220329E-18, -1.000000000000000000, -2.769502879193380538E-20 ) ) ;
#2160 = CARTESIAN_POINT ( 'NONE',  ( -22.61481136222149857, 16.91105094041014922, 12.00000000000000000 ) ) ;
#2161 = CARTESIAN_POINT ( 'NONE',  ( -32.62314933368782732, -3.693104049646891873, 44.34161350103623533 ) ) ;
#2162 = CARTESIAN_POINT ( 'NONE',  ( -56.00000000000000000, 2.927108592058569812E-15, 16.00000000000000000 ) ) ;
#2163 = EDGE_LOOP ( 'NONE', ( #1528, #2979, #1961, #3223, #2949, #2172, #2017, #3085, #1236 ) ) ;
#2164 = CARTESIAN_POINT ( 'NONE',  ( -20.12750985119059877, 47.55742788878480098, 45.49551154904440153 ) ) ;
#2165 = CARTESIAN_POINT ( 'NONE',  ( 32.36712398801711288, -10.11279291242298939, 45.00686823000263814 ) ) ;
#2166 = VECTOR ( 'NONE', #267, 1000.000000000000000 ) ;
#2167 = B_SPLINE_CURVE_WITH_KNOTS ( 'NONE', 3,
 ( #193, #209, #2461, #1641 ),
 .UNSPECIFIED., .F., .F.,
 ( 4, 4 ),
 ( 0.000000000000000000, 1.000000000000000000 ),
 .UNSPECIFIED. ) ;
#2168 = CARTESIAN_POINT ( 'NONE',  ( 14.60497260171545264, -9.547828515884514644, 15.09992838806210713 ) ) ;
#2169 = CARTESIAN_POINT ( 'NONE',  ( 17.11935863135417435, -3.877378807182330966, 16.52204547980469229 ) ) ;
#2170 = FACE_BOUND ( 'NONE', #312, .T. ) ;
#2171 = CARTESIAN_POINT ( 'NONE',  ( 13.57997343097575182, -8.468090712554294797, 73.54273220202260575 ) ) ;
#2172 = ORIENTED_EDGE ( 'NONE', *, *, #887, .T. ) ;
#2173 = CARTESIAN_POINT ( 'NONE',  ( 18.47976005018890788, -5.812566749248847309, 70.72192513456421636 ) ) ;
#2174 = CARTESIAN_POINT ( 'NONE',  ( -18.91302550798364024, -8.117338489286309411, 70.58871127145948776 ) ) ;
#2175 = CARTESIAN_POINT ( 'NONE',  ( -13.96437356552757691, -8.253009893943763942, 73.47657183359025623 ) ) ;
#2176 = DIRECTION ( 'NONE',  ( -0.9999927212564774237, 7.258709319626672568E-18, -0.003815420562027386792 ) ) ;
#2177 = CARTESIAN_POINT ( 'NONE',  ( -32.61155435970918859, -3.774612966565300098, 43.24866725924884747 ) ) ;
#2178 = EDGE_CURVE ( 'NONE', #3121, #1534, #2980, .T. ) ;
#2179 = EDGE_CURVE ( 'NONE', #1312, #2109, #1836, .T. ) ;
#2180 = FACE_OUTER_BOUND ( 'NONE', #123, .T. ) ;
#2181 = CARTESIAN_POINT ( 'NONE',  ( 13.66971191273926678, 1.756535932865959548, 18.56085870145787808 ) ) ;
#2182 = ORIENTED_EDGE ( 'NONE', *, *, #2137, .T. ) ;
#2183 = LINE ( 'NONE', #782, #1060 ) ;
#2184 = AXIS2_PLACEMENT_3D ( 'NONE', #2190, #2699, #3548 ) ;
#2185 = CARTESIAN_POINT ( 'NONE',  ( 13.70979821282406164, -8.224727437821409026, 14.66206677410192150 ) ) ;
#2186 = CARTESIAN_POINT ( 'NONE',  ( 18.62492581365995292, -5.631260636828815613, 17.52362406399606698 ) ) ;
#2187 = FACE_BOUND ( 'NONE', #729, .T. ) ;
#2188 = CARTESIAN_POINT ( 'NONE',  ( 15.31112174944972537, -10.11226717309672729, 72.67661934048180683 ) ) ;
#2189 = ORIENTED_EDGE ( 'NONE', *, *, #740, .T. ) ;
#2190 = CARTESIAN_POINT ( 'NONE',  ( -0.04562388397754599950, 52.55742788878480098, 24.07197645327079982 ) ) ;
#2191 = CARTESIAN_POINT ( 'NONE',  ( -18.49631918786086615, -9.019898423630998252, 70.87927523380959371 ) ) ;
#2192 = CARTESIAN_POINT ( 'NONE',  ( -15.43598455929020830, -9.941484860855100081, 72.73766071718401349 ) ) ;
#2193 = CARTESIAN_POINT ( 'NONE',  ( -32.46151987670410222, -6.942572111215190134, 40.84676110250539693 ) ) ;
#2194 = CARTESIAN_POINT ( 'NONE',  ( -32.56682634965495282, -4.471553554926762430, 45.96414611656531690 ) ) ;
#2195 = DIRECTION ( 'NONE',  ( -0.9999927212564774237, 7.258709319626672568E-18, -0.003815420562026961785 ) ) ;
#2196 = CARTESIAN_POINT ( 'NONE',  ( 13.29357121965405142, 1.223697279849366382, 18.36141047196730725 ) ) ;
#2197 = EDGE_CURVE ( 'NONE', #106, #2936, #2436, .T. ) ;
#2198 = AXIS2_PLACEMENT_3D ( 'NONE', #122, #429, #64 ) ;
#2199 = EDGE_LOOP ( 'NONE', ( #726, #3103, #1593, #2029 ) ) ;
#2200 = AXIS2_PLACEMENT_3D ( 'NONE', #1488, #1228, #2060 ) ;
#2201 = CARTESIAN_POINT ( 'NONE',  ( -56.00000000000000000, 2.927108592058569812E-15, 16.00000000000000000 ) ) ;
#2202 = AXIS2_PLACEMENT_3D ( 'NONE', #2492, #1671, #2221 ) ;
#2203 = CARTESIAN_POINT ( 'NONE',  ( -29.12117304015002617, -8.404673227426904702, 44.35075469079150423 ) ) ;
#2204 = CARTESIAN_POINT ( 'NONE',  ( 7.156275666532549984, 35.00000000000000000, 16.00000000000000000 ) ) ;
#2205 = DIRECTION ( 'NONE',  ( -0.003815420562034338263, 0.000000000000000000, 0.9999927212564774237 ) ) ;
#2206 = VERTEX_POINT ( 'NONE', #2841 ) ;
#2207 = CARTESIAN_POINT ( 'NONE',  ( 13.84945986335729984, -6.942572111215190134, 71.50561847796939219 ) ) ;
#2208 = VECTOR ( 'NONE', #3496, 1000.000000000000000 ) ;
#2209 = CARTESIAN_POINT ( 'NONE',  ( -18.39503469572333216, -9.164026576855887285, 70.94829481478083721 ) ) ;
#2210 = CARTESIAN_POINT ( 'NONE',  ( -14.87311028358288212, -9.569576366859479322, 73.03110282499504535 ) ) ;
#2211 = LINE ( 'NONE', #3584, #564 ) ;
#2212 = CARTESIAN_POINT ( 'NONE',  ( -32.54642036264365856, -4.542138760649534035, 41.85799357707711010 ) ) ;
#2213 = CARTESIAN_POINT ( 'NONE',  ( -15.05502092376245393, -8.404156883374131581, 68.93217349063873201 ) ) ;
#2214 = CARTESIAN_POINT ( 'NONE',  ( 15.75035397462538533, 0.7564997446730644670, 19.80105568325191001 ) ) ;
#2215 = EDGE_LOOP ( 'NONE', ( #3031, #432, #2634, #3142 ) ) ;
#2216 = FACE_OUTER_BOUND ( 'NONE', #3501, .T. ) ;
#2217 = EDGE_CURVE ( 'NONE', #3066, #671, #3100, .T. ) ;
#2218 = EDGE_CURVE ( 'NONE', #1741, #830, #684, .T. ) ;
#2219 = CARTESIAN_POINT ( 'NONE',  ( -29.09269353083113785, -7.857501726132100295, 42.76874983190464974 ) ) ;
#2220 = CARTESIAN_POINT ( 'NONE',  ( -0.1982407064586399759, 52.55742788878480098, 64.07168530352990388 ) ) ;
#2221 = DIRECTION ( 'NONE',  ( -1.000000000000000000, 0.000000000000000000, 0.000000000000000000 ) ) ;
#2222 = ORIENTED_EDGE ( 'NONE', *, *, #1500, .T. ) ;
#2223 = CARTESIAN_POINT ( 'NONE',  ( 15.03913935844430050, -3.911888780787516673, 72.81887481646462845 ) ) ;
#2224 = DIRECTION ( 'NONE',  ( -7.258656485343220329E-18, -1.000000000000000000, -2.769502879193380538E-20 ) ) ;
#2225 = CARTESIAN_POINT ( 'NONE',  ( -14.53371686120003936, -9.224346961732845074, 73.20172260255763774 ) ) ;
#2226 = FACE_OUTER_BOUND ( 'NONE', #738, .T. ) ;
#2227 = CARTESIAN_POINT ( 'NONE',  ( -18.69755413948540834, -5.727523261767538010, 17.40356740960566384 ) ) ;
#2228 = CARTESIAN_POINT ( 'NONE',  ( -20.11606358950449902, 47.55742788878480098, 42.49553338527494617 ) ) ;
#2229 = CARTESIAN_POINT ( 'NONE',  ( -30.11258857373034914, 2.927108592058569812E-15, 16.00000000000000000 ) ) ;
#2230 = CARTESIAN_POINT ( 'NONE',  ( -0.1219322952180219993, 35.00000000000000000, 44.07183087840034830 ) ) ;
#2231 = ORIENTED_EDGE ( 'NONE', *, *, #219, .T. ) ;
#2232 = ORIENTED_EDGE ( 'NONE', *, *, #2995, .T. ) ;
#2233 = DIRECTION ( 'NONE',  ( 0.9999927212564773127, -7.258709319626664864E-18, 0.003815420562034327421 ) ) ;
#2234 = AXIS2_PLACEMENT_3D ( 'NONE', #2558, #2264, #1456 ) ;
#2235 = DIRECTION ( 'NONE',  ( 0.000000000000000000, 0.000000000000000000, 1.000000000000000000 ) ) ;
#2236 = PLANE ( 'NONE',  #896 ) ;
#2237 = EDGE_CURVE ( 'NONE', #1510, #655, #612, .T. ) ;
#2238 = DIRECTION ( 'NONE',  ( -0.9999927212564774237, 7.258709319626672568E-18, -0.003815420562034481378 ) ) ;
#2239 = CARTESIAN_POINT ( 'NONE',  ( 17.07201821523459628, -3.957069768439570367, 71.65113630935199751 ) ) ;
#2240 = CARTESIAN_POINT ( 'NONE',  ( 18.05690780671991291, -9.022129696075946725, 71.01273799667025344 ) ) ;
#2241 = CARTESIAN_POINT ( 'NONE',  ( 13.67695117918381520, -8.136422974887885573, 18.56502005463621785 ) ) ;
#2242 = CARTESIAN_POINT ( 'NONE',  ( -18.14094408582436202, -9.227257748809128302, 17.02436832581415160 ) ) ;
#2243 = EDGE_CURVE ( 'NONE', #813, #425, #190, .T. ) ;
#2244 = CARTESIAN_POINT ( 'NONE',  ( -18.29101358899909968, -4.864928422981871670, 17.12481506728873981 ) ) ;
#2245 = ORIENTED_EDGE ( 'NONE', *, *, #219, .F. ) ;
#2246 = CARTESIAN_POINT ( 'NONE',  ( -17.95819218010766960, -4.252005401518440308, 71.24015498550451753 ) ) ;
#2247 = CARTESIAN_POINT ( 'NONE',  ( 15.58455961515951849, -0.1927718274337641979, 19.69337443313127523 ) ) ;
#2248 = CARTESIAN_POINT ( 'NONE',  ( -15.99427945202585022, -6.942572111215190134, 68.34256625526468554 ) ) ;
#2249 = CARTESIAN_POINT ( 'NONE',  ( 19.87792212991149654, 52.55742788878480098, 44.14813928964100143 ) ) ;
#2250 = AXIS2_PLACEMENT_3D ( 'NONE', #1369, #3560, #2999 ) ;
#2251 = EDGE_LOOP ( 'NONE', ( #1339, #377 ) ) ;
#2252 = DIRECTION ( 'NONE',  ( 0.5033006117610839825, -3.872891753873455917E-18, -0.8641113899266219534 ) ) ;
#2253 = CARTESIAN_POINT ( 'NONE',  ( 14.85570623840767013, -8.290716032305866179, 68.90484890933966255 ) ) ;
#2254 = FACE_OUTER_BOUND ( 'NONE', #358, .T. ) ;
#2255 = CARTESIAN_POINT ( 'NONE',  ( -19.31481136222150141, 16.91105094041014922, 12.00000000000000000 ) ) ;
#2256 = CARTESIAN_POINT ( 'NONE',  ( 17.24694084628847079, -4.059244703479907734, 71.54132857879231722 ) ) ;
#2257 = CARTESIAN_POINT ( 'NONE',  ( 18.44654937193715583, -8.179884543111244355, 70.74506799861279660 ) ) ;
#2258 = CARTESIAN_POINT ( 'NONE',  ( 13.33453710797070002, -7.694614591595300368, 18.38279693438679629 ) ) ;
#2259 = CARTESIAN_POINT ( 'NONE',  ( -16.87031911396268313, -10.10974064408195261, 16.21963739560119677 ) ) ;
#2260 = CARTESIAN_POINT ( 'NONE',  ( -18.65057299030490157, -5.580130415244799913, 17.37084689707101859 ) ) ;
#2261 = EDGE_CURVE ( 'NONE', #1760, #1196, #1437, .T. ) ;
#2262 = CARTESIAN_POINT ( 'NONE',  ( -18.00326830476400630, -4.290583112972344182, 71.21054121766242417 ) ) ;
#2263 = CARTESIAN_POINT ( 'NONE',  ( 13.60923148770222113, -0.5730884718701718672, 18.52853552475293952 ) ) ;
#2264 = DIRECTION ( 'NONE',  ( 0.9999927212564774237, -7.258709319626672568E-18, 0.003815420562033916725 ) ) ;
#2265 = FACE_OUTER_BOUND ( 'NONE', #1121, .T. ) ;
#2266 = EDGE_LOOP ( 'NONE', ( #669, #1875, #163, #1460 ) ) ;
#2267 = CARTESIAN_POINT ( 'NONE',  ( 13.42697557800249974, -6.942572111215190134, 14.35248372236496017 ) ) ;
#2268 = CARTESIAN_POINT ( 'NONE',  ( 14.92969917610156649, -8.244663128145464981, 68.86003318496128145 ) ) ;
#2269 = DIRECTION ( 'NONE',  ( -0.8641113899266237297, 0.000000000000000000, -0.5033006117610810959 ) ) ;
#2270 = CARTESIAN_POINT ( 'NONE',  ( 17.32245147911600114, -6.942572111215190134, 71.53441405503819794 ) ) ;
#2271 = CIRCLE ( 'NONE', #1153, 28.99999999999998934 ) ;
#2272 = CARTESIAN_POINT ( 'NONE',  ( 17.94125340606674612, -4.715322777886979289, 71.08982239383293233 ) ) ;
#2273 = CARTESIAN_POINT ( 'NONE',  ( 18.63889197619016969, -7.339181649097382909, 70.61013287113038928 ) ) ;
#2274 = CARTESIAN_POINT ( 'NONE',  ( 14.81115633332639625, -8.404156883374099607, 19.21148826616195038 ) ) ;
#2275 = CARTESIAN_POINT ( 'NONE',  ( -17.79657175649230894, -9.593744648752672077, 16.79805470800372902 ) ) ;
#2276 = AXIS2_PLACEMENT_3D ( 'NONE', #1883, #1621, #737 ) ;
#2277 = CARTESIAN_POINT ( 'NONE',  ( -32.46876965697511253, -6.129970578497329292, 40.91635656359791540 ) ) ;
#2278 = ORIENTED_EDGE ( 'NONE', *, *, #2768, .T. ) ;
#2279 = CARTESIAN_POINT ( 'NONE',  ( 53.00000000000000000, 4.660910500941819912, 0.000000000000000000 ) ) ;
#2280 = CYLINDRICAL_SURFACE ( 'NONE', #1504, 1.499999999999998224 ) ;
#2281 = CARTESIAN_POINT ( 'NONE',  ( -15.39521466657850013, -6.942572111215190134, 17.38308144822559953 ) ) ;
#2282 = CARTESIAN_POINT ( 'NONE',  ( -0.1219322952180229985, 52.55742788878480098, 44.07183087840034830 ) ) ;
#2283 = ADVANCED_FACE ( 'NONE', ( #353 ), #2280, .F. ) ;
#2284 = EDGE_CURVE ( 'NONE', #2939, #2105, #3028, .T. ) ;
#2285 = VERTEX_POINT ( 'NONE', #1976 ) ;
#2286 = ORIENTED_EDGE ( 'NONE', *, *, #3228, .F. ) ;
#2287 = CARTESIAN_POINT ( 'NONE',  ( 32.34594725706870832, -4.001767938603353336, 45.52098143614211523 ) ) ;
#2288 = CARTESIAN_POINT ( 'NONE',  ( -32.56416675051765708, -9.578921544744487093, 42.13527057069607196 ) ) ;
#2289 = DIRECTION ( 'NONE',  ( 0.5033006117610809849, -3.872891753873435117E-18, -0.8641113899266238407 ) ) ;
#2290 = DIRECTION ( 'NONE',  ( 0.003815420562034331324, 0.000000000000000000, -0.9999927212564773127 ) ) ;
#2291 = CARTESIAN_POINT ( 'NONE',  ( 18.21511266513067895, -5.147900554854685673, 70.90506368680574667 ) ) ;
#2292 = CARTESIAN_POINT ( 'NONE',  ( 18.17058518175387505, -8.828474471484547337, 70.93561150044833141 ) ) ;
#2293 = LINE ( 'NONE', #1710, #2607 ) ;
#2294 = CARTESIAN_POINT ( 'NONE',  ( -17.66278070346479367, -9.703980051840590093, 16.71184703796397386 ) ) ;
#2295 = CC_DESIGN_DATE_AND_TIME_ASSIGNMENT ( #1837, #362, ( #1968 ) ) ;
#2296 = CARTESIAN_POINT ( 'NONE',  ( -14.48130447674577859, -4.475151875846091087, 14.91609140035775027 ) ) ;
#2297 = ORIENTED_EDGE ( 'NONE', *, *, #1177, .F. ) ;
#2298 = VECTOR ( 'NONE', #1316, 1000.000000000000000 ) ;
#2299 = LINE ( 'NONE', #2228, #259 ) ;
#2300 = DIRECTION ( 'NONE',  ( 7.259729428968469839E-18, 1.000000000000000000, -2.535153379615575214E-19 ) ) ;
#2301 = CARTESIAN_POINT ( 'NONE',  ( -29.07717927851614803, -6.942572111215190134, 42.46134271135139926 ) ) ;
#2302 = PLANE ( 'NONE',  #2495 ) ;
#2303 = VERTEX_POINT ( 'NONE', #576 ) ;
#2304 = ORIENTED_EDGE ( 'NONE', *, *, #68, .T. ) ;
#2305 = CARTESIAN_POINT ( 'NONE',  ( 17.53150467190699757, -6.942572111215190134, 16.74316162342665137 ) ) ;
#2306 = ADVANCED_FACE ( 'NONE', ( #1994 ), #3262, .F. ) ;
#2307 = CARTESIAN_POINT ( 'NONE',  ( -32.48313245584277809, -8.156070387361586072, 41.07137632165380126 ) ) ;
#2308 = CARTESIAN_POINT ( 'NONE',  ( 28.87430026803617622, -8.404156883388104404, 44.57409368161817298 ) ) ;
#2309 = CARTESIAN_POINT ( 'NONE',  ( 32.23853198742907011, -8.135247836961507772, 47.08021761399631089 ) ) ;
#2310 = B_SPLINE_CURVE_WITH_KNOTS ( 'NONE', 3,
 ( #1356, #1043, #3532, #2477, #2430, #3549, #3306, #1870, #2174, #1025, #3288, #2140, #773, #1342, #1901, #3042, #1076, #2191, #2734, #3272, #2209, #2462, #741, #3327, #2158, #757, #807, #1886, #1953, #2719, #3328, #3006, #1625, #225, #3344, #793, #1044, #3056, #1344, #3567, #3600, #1393, #3583, #2735, #1375, #1887, #255, #2192, #758, #2989, #2463, #3617, #1325, #2210, #2498, #485, #1643, #1095, #1606, #1938, #2225, #536, #1656, #2478, #211, #2447, #1923, #2175, #1059, #3289, #774, #2783, #241, #1902, #503, #808 ),
 .UNSPECIFIED., .F., .F.,
 ( 4, 2, 2, 1, 1, 1, 2, 2, 2, 2, 2, 1, 2, 2, 2, 2, 2, 1, 1, 1, 2, 2, 2, 2, 2, 1, 1, 1, 1, 2, 2, 2, 2, 2, 1, 2, 2, 2, 2, 2, 1, 1, 2, 2, 4 ),
 ( 0.000000000000000000, 0.06249999999998677447, 0.09374999999998015476, 0.1093749999999771017, 0.1171874999999759359, 0.1210937499999753669, 0.1230468749999750755, 0.1249999999999747702, 0.1874999999999673317, 0.2187499999999638622, 0.2343749999999619471, 0.2421874999999599765, 0.2460937499999598377, 0.2499999999999596989, 0.3124999999999536482, 0.3437499999999512057, 0.3593749999999516498, 0.3671874999999500400, 0.3710937499999490963, 0.3730468749999510947, 0.3740234374999528710, 0.3749999999999546474, 0.5000000000001956213, 0.5625000000003149703, 0.5937500000003750333, 0.6093750000004052314, 0.6171875000004205525, 0.6210937500004271028, 0.6230468750004303224, 0.6240234375004314327, 0.6250000000004324319, 0.6875000000003749223, 0.7187500000003462786, 0.7343750000003318457, 0.7421875000003241851, 0.7460937500003204104, 0.7500000000003165246, 0.8125000000002589040, 0.8437500000002308154, 0.8593750000002164935, 0.8671875000002093881, 0.8710937500002052802, 0.8730468750002028377, 0.8750000000002003953, 1.000000000000000000 ),
 .UNSPECIFIED. ) ;
#2311 = CARTESIAN_POINT ( 'NONE',  ( 17.73079527894874019, -9.619051583994588484, 16.91432543730956084 ) ) ;
#2312 = CARTESIAN_POINT ( 'NONE',  ( 13.60923148771484215, -8.073088471891239237, 18.52853552475967547 ) ) ;
#2313 = CARTESIAN_POINT ( 'NONE',  ( -13.87255080042709032, -5.902356014149290786, 73.51961811350651033 ) ) ;
#2314 = CARTESIAN_POINT ( 'NONE',  ( -15.22712082504660103, -3.938580331969292025, 15.29539485099943086 ) ) ;
#2315 = VERTEX_POINT ( 'NONE', #864 ) ;
#2316 = CC_DESIGN_APPROVAL ( #921, ( #1968 ) ) ;
#2317 = CARTESIAN_POINT ( 'NONE',  ( -20.96481136222149999, 16.91105094041014922, 16.00000000000000000 ) ) ;
#2318 = CONICAL_SURFACE ( 'NONE', #2200, 3.249999991187499493, 0.7853981633974524978 ) ;
#2319 = CARTESIAN_POINT ( 'NONE',  ( 0.0001611627670713469923, -3.442572111215185249, 12.07206379819306186 ) ) ;
#2320 = DIRECTION ( 'NONE',  ( 0.003815420562033882031, 0.000000000000000000, -0.9999927212564774237 ) ) ;
#2321 = CARTESIAN_POINT ( 'NONE',  ( -13.33990507564101868, -7.606426672742967021, 18.25930303860054948 ) ) ;
#2322 = EDGE_LOOP ( 'NONE', ( #3293, #3135 ) ) ;
#2323 = AXIS2_PLACEMENT_3D ( 'NONE', #2282, #883, #2843 ) ;
#2324 = EDGE_LOOP ( 'NONE', ( #1653, #1101, #1927, #3517 ) ) ;
#2325 = ORIENTED_EDGE ( 'NONE', *, *, #2621, .T. ) ;
#2326 = CARTESIAN_POINT ( 'NONE',  ( 32.32448876818343564, -4.248891971533638845, 45.93228808100423777 ) ) ;
#2327 = CARTESIAN_POINT ( 'NONE',  ( -32.48841745629806610, -8.303751918533716747, 41.12841251026689804 ) ) ;
#2328 = DIRECTION ( 'NONE',  ( 1.000000000000000000, 0.000000000000000000, 0.000000000000000000 ) ) ;
#2329 = ADVANCED_FACE ( 'NONE', ( #2414 ), #2083, .F. ) ;
#2330 = CARTESIAN_POINT ( 'NONE',  ( 14.06999561853236891, -4.657488893760201698, 73.30946413341521861 ) ) ;
#2331 = CARTESIAN_POINT ( 'NONE',  ( 18.37002969804394681, -8.829227889716442235, 17.34513224555045952 ) ) ;
#2332 = CARTESIAN_POINT ( 'NONE',  ( 13.67807090812480730, -5.749386447362631714, 14.64718218381752912 ) ) ;
#2333 = DIRECTION ( 'NONE',  ( 0.000000000000000000, 0.000000000000000000, -1.000000000000000000 ) ) ;
#2334 = CARTESIAN_POINT ( 'NONE',  ( -13.87254427167054693, -5.325738340548407557, 14.62375089124475380 ) ) ;
#2335 = EDGE_LOOP ( 'NONE', ( #980, #3614 ) ) ;
#2336 = FACE_OUTER_BOUND ( 'NONE', #135, .T. ) ;
#2337 = DIRECTION ( 'NONE',  ( -0.8641113899266230636, 0.000000000000000000, -0.5033006117610822061 ) ) ;
#2338 = DIRECTION ( 'NONE',  ( 0.000000000000000000, 0.000000000000000000, -1.000000000000000000 ) ) ;
#2339 = CARTESIAN_POINT ( 'NONE',  ( -13.53291385890142173, -7.932170852908832615, 18.35898369791260976 ) ) ;
#2340 = ORIENTED_EDGE ( 'NONE', *, *, #1794, .T. ) ;
#2341 = CIRCLE ( 'NONE', #2512, 1.499999999999949818 ) ;
#2342 = ORIENTED_EDGE ( 'NONE', *, *, #1280, .F. ) ;
#2343 = ORIENTED_EDGE ( 'NONE', *, *, #1974, .T. ) ;
#2344 = CARTESIAN_POINT ( 'NONE',  ( 32.29677162203697094, -4.913715356533158385, 41.77252065913204859 ) ) ;
#2345 = CARTESIAN_POINT ( 'NONE',  ( -32.51400398460668839, -8.830812478832685386, 41.42172279727753903 ) ) ;
#2346 = APPROVAL_ROLE ( '' ) ;
#2347 = CARTESIAN_POINT ( 'NONE',  ( 32.21946385141306735, -7.343378131915189400, 47.27964694281482849 ) ) ;
#2348 = CARTESIAN_POINT ( 'NONE',  ( 17.28195894139303235, -9.928080010832278646, 16.62452514389570624 ) ) ;
#2349 = CARTESIAN_POINT ( 'NONE',  ( 13.65673469644332627, -5.813018737016669490, 14.63717753162110036 ) ) ;
#2350 = DIRECTION ( 'NONE',  ( 7.259729428968469839E-18, 1.000000000000000000, -2.535153379615575214E-19 ) ) ;
#2351 = CARTESIAN_POINT ( 'NONE',  ( -14.34386250227426096, -4.622652719670064414, 14.84878055781871353 ) ) ;
#2352 = ORIENTED_EDGE ( 'NONE', *, *, #2178, .T. ) ;
#2353 = DIRECTION ( 'NONE',  ( -1.000000000000000000, 0.000000000000000000, 0.000000000000000000 ) ) ;
#2354 = ADVANCED_FACE ( 'NONE', ( #705 ), #2915, .T. ) ;
#2355 = CARTESIAN_POINT ( 'NONE',  ( 28.83550938886733661, -6.552171844947067392, 45.64420712521162216 ) ) ;
#2356 = DIRECTION ( 'NONE',  ( -0.4966921094953961058, 3.385817565753230518E-18, -0.8679268104886572743 ) ) ;
#2357 = CARTESIAN_POINT ( 'NONE',  ( -15.77636558488608109, -7.334065544384334778, 19.65985473068120370 ) ) ;
#2358 = EDGE_LOOP ( 'NONE', ( #1451, #2756 ) ) ;
#2359 = ORIENTED_EDGE ( 'NONE', *, *, #1385, .T. ) ;
#2360 = VERTEX_POINT ( 'NONE', #3220 ) ;
#2361 = CARTESIAN_POINT ( 'NONE',  ( 32.35074299027666456, -3.949850282368804866, 45.40425831982803118 ) ) ;
#2362 = CARTESIAN_POINT ( 'NONE',  ( -32.60458928665283906, -9.945396762616658393, 45.13342671517381888 ) ) ;
#2363 = PERSON_AND_ORGANIZATION ( #1430, #1126 ) ;
#2364 = CARTESIAN_POINT ( 'NONE',  ( 13.77215696549303026, -5.057653026160937593, 73.45265737799047656 ) ) ;
#2365 = CARTESIAN_POINT ( 'NONE',  ( 18.70804916595283984, -7.982498787032173304, 17.58252212199662523 ) ) ;
#2366 = CARTESIAN_POINT ( 'NONE',  ( 14.45559487877047289, -4.462652241859307090, 15.02386169079055556 ) ) ;
#2367 = FACE_OUTER_BOUND ( 'NONE', #3607, .T. ) ;
#2368 = LINE ( 'NONE', #1175, #1680 ) ;
#2369 = AXIS2_PLACEMENT_3D ( 'NONE', #1706, #2830, #2811 ) ;
#2370 = CARTESIAN_POINT ( 'NONE',  ( -17.76545983868238210, -4.264851180483707260, 16.77794999058369996 ) ) ;
#2371 = EDGE_LOOP ( 'NONE', ( #3574, #1498, #3260, #2340 ) ) ;
#2372 = DIRECTION ( 'NONE',  ( -1.000000000000000000, 0.000000000000000000, 0.000000000000000000 ) ) ;
#2373 = CARTESIAN_POINT ( 'NONE',  ( 17.26215047350775222, 0.5574278887848129749, 17.20561294043794831 ) ) ;
#2374 = AXIS2_PLACEMENT_3D ( 'NONE', #2686, #2721, #1608 ) ;
#2375 = DIRECTION ( 'NONE',  ( 3.965082230804129727E-16, -1.000000000000000000, 0.000000000000000000 ) ) ;
#2376 = DIRECTION ( 'NONE',  ( -0.003815420562034331758, 0.000000000000000000, 0.9999927212564772017 ) ) ;
#2377 = VECTOR ( 'NONE', #2628, 1000.000000000000000 ) ;
#2378 = VERTEX_POINT ( 'NONE', #2667 ) ;
#2379 = ADVANCED_FACE ( 'NONE', ( #2685 ), #447, .T. ) ;
#2380 = EDGE_CURVE ( 'NONE', #2206, #3499, #121, .T. ) ;
#2381 = AXIS2_PLACEMENT_3D ( 'NONE', #568, #1406, #2205 ) ;
#2382 = ORIENTED_EDGE ( 'NONE', *, *, #3316, .F. ) ;
#2383 = VERTEX_POINT ( 'NONE', #176 ) ;
#2384 = CARTESIAN_POINT ( 'NONE',  ( 32.24519960340092695, -5.573784290906041328, 47.00838191645321729 ) ) ;
#2385 = CARTESIAN_POINT ( 'NONE',  ( -32.50630429246992747, -8.192703405641552195, 46.81093812930514275 ) ) ;
#2386 = CARTESIAN_POINT ( 'NONE',  ( -16.47920217745310012, -6.942572111215190134, 72.15545105101558931 ) ) ;
#2387 = CARTESIAN_POINT ( 'NONE',  ( 32.28559462117271295, -9.090643447903879348, 46.52237667105957541 ) ) ;
#2388 = CARTESIAN_POINT ( 'NONE',  ( 15.59074721496914151, -6.185001915847665899, 19.69730527155242683 ) ) ;
#2389 = CARTESIAN_POINT ( 'NONE',  ( 16.92362068438068690, -3.801454148160145596, 16.40048094866172335 ) ) ;
#2390 = CARTESIAN_POINT ( 'NONE',  ( -15.22794346821215150, -4.058530232964628226, 72.84785369794855114 ) ) ;
#2391 = CARTESIAN_POINT ( 'NONE',  ( 13.94300899343040001, -5.480446819878596720, 69.43344063606596706 ) ) ;
#2392 = CARTESIAN_POINT ( 'NONE',  ( 13.44634922136007660, -8.115964746378375949, 73.60404829691951534 ) ) ;
#2393 = ORIENTED_EDGE ( 'NONE', *, *, #561, .T. ) ;
#2394 = LINE ( 'NONE', #1472, #2849 ) ;
#2395 = LINE ( 'NONE', #1790, #1433 ) ;
#2396 = CARTESIAN_POINT ( 'NONE',  ( 0.000000000000000000, 0.000000000000000000, 16.00000000000000000 ) ) ;
#2397 = CARTESIAN_POINT ( 'NONE',  ( -32.55355305506635233, -4.685708034177512360, 46.17896898120608995 ) ) ;
#2398 = ORIENTED_EDGE ( 'NONE', *, *, #2137, .F. ) ;
#2399 = CIRCLE ( 'NONE', #1835, 1.649999999999998579 ) ;
#2400 = EDGE_CURVE ( 'NONE', #3453, #1160, #1142, .T. ) ;
#2401 = ORIENTED_EDGE ( 'NONE', *, *, #761, .T. ) ;
#2402 = EDGE_LOOP ( 'NONE', ( #2054, #2359, #2126, #1023 ) ) ;
#2403 = CARTESIAN_POINT ( 'NONE',  ( -0.1219322952180235953, -10.44257211121519902, 44.07183087840034830 ) ) ;
#2404 = DATE_AND_TIME ( #1502, #1373 ) ;
#2405 = CARTESIAN_POINT ( 'NONE',  ( 32.36042212439661370, -9.941370867569402137, 43.00099923928543433 ) ) ;
#2406 = CARTESIAN_POINT ( 'NONE',  ( 13.72051301789478828, -8.253020463170066989, 14.66709182139177869 ) ) ;
#2407 = DIRECTION ( 'NONE',  ( -1.000000000000000000, 0.000000000000000000, 0.000000000000000000 ) ) ;
#2408 = CARTESIAN_POINT ( 'NONE',  ( -15.40088032503794402, -3.961407740812775913, 72.75638685241715109 ) ) ;
#2409 = DIRECTION ( 'NONE',  ( 0.5033006117610809849, -3.872891753873435117E-18, -0.8641113899266238407 ) ) ;
#2410 = CARTESIAN_POINT ( 'NONE',  ( 13.34284671824127777, -7.752011606686700418, 73.65146052293795265 ) ) ;
#2411 = VERTEX_POINT ( 'NONE', #3533 ) ;
#2412 = LINE ( 'NONE', #1355, #775 ) ;
#2413 = CARTESIAN_POINT ( 'NONE',  ( 15.15135007909064946, -6.942572111215190134, 70.76058031372610913 ) ) ;
#2414 = FACE_OUTER_BOUND ( 'NONE', #3325, .T. ) ;
#2415 = CARTESIAN_POINT ( 'NONE',  ( -32.54930065925030647, -4.757888101916054602, 46.24388553974327465 ) ) ;
#2416 = PRODUCT_DEFINITION_SHAPE ( 'NONE', 'NONE',  #1466 ) ;
#2417 = AXIS2_PLACEMENT_3D ( 'NONE', #1063, #3571, #1347 ) ;
#2418 = DIRECTION ( 'NONE',  ( 0.000000000000000000, 0.000000000000000000, -1.000000000000000000 ) ) ;
#2419 = ORIENTED_EDGE ( 'NONE', *, *, #819, .T. ) ;
#2420 = EDGE_LOOP ( 'NONE', ( #2222, #2138, #2070, #3442 ) ) ;
#2421 = CARTESIAN_POINT ( 'NONE',  ( 15.35456152123859930, -6.942572111215190134, 17.50040562990974990 ) ) ;
#2422 = CARTESIAN_POINT ( 'NONE',  ( 32.32279572334201134, -9.410428376887843172, 42.17754517622247334 ) ) ;
#2423 = EDGE_CURVE ( 'NONE', #653, #499, #1829, .T. ) ;
#2424 = CARTESIAN_POINT ( 'NONE',  ( 13.69319823897911803, -8.178962420180656778, 14.65428072697625339 ) ) ;
#2425 = CARTESIAN_POINT ( 'NONE',  ( 17.79006739287268957, -4.316194692271133171, 16.95362375260604182 ) ) ;
#2426 = FACE_OUTER_BOUND ( 'NONE', #689, .T. ) ;
#2427 = CARTESIAN_POINT ( 'NONE',  ( 13.98681171291201686, -9.126122451935325230, 73.34972997034508069 ) ) ;
#2428 = EDGE_LOOP ( 'NONE', ( #238, #3049, #1515, #1014 ) ) ;
#2429 = CARTESIAN_POINT ( 'NONE',  ( -0.2459334634841394696, -10.44257211121519902, 76.57159431923579973 ) ) ;
#2430 = CARTESIAN_POINT ( 'NONE',  ( -19.00606881723810915, -7.752951253009515042, 70.52261873441932494 ) ) ;
#2431 = CARTESIAN_POINT ( 'NONE',  ( -13.67547779409542485, -8.071782280950722921, 14.53284164150193192 ) ) ;
#2432 = CARTESIAN_POINT ( 'NONE',  ( -32.61717317717126718, -3.772410541806999973, 44.75910245492239881 ) ) ;
#2433 = CARTESIAN_POINT ( 'NONE',  ( 0.000000000000000000, 0.000000000000000000, 0.000000000000000000 ) ) ;
#2434 = ORIENTED_EDGE ( 'NONE', *, *, #2708, .T. ) ;
#2435 = ORIENTED_EDGE ( 'NONE', *, *, #2549, .F. ) ;
#2436 = LINE ( 'NONE', #2164, #1206 ) ;
#2437 = CARTESIAN_POINT ( 'NONE',  ( 14.76508674539108057, 2.602936285880300068E-15, 15.74557690643040075 ) ) ;
#2438 = CARTESIAN_POINT ( 'NONE',  ( 13.68998761879336712, -8.169936403875658115, 14.65277430965836380 ) ) ;
#2439 = DIRECTION ( 'NONE',  ( -6.195440985631459015E-17, 1.000000000000000000, 0.000000000000000000 ) ) ;
#2440 = EDGE_CURVE ( 'NONE', #323, #12, #139, .T. ) ;
#2441 = ADVANCED_FACE ( 'NONE', ( #2896 ), #1810, .F. ) ;
#2442 = CARTESIAN_POINT ( 'NONE',  ( -13.86408227567293316, -5.632579336364029743, 18.53387604901125840 ) ) ;
#2443 = CARTESIAN_POINT ( 'NONE',  ( 13.87207674430557702, -8.970474322449868865, 73.40486463638788450 ) ) ;
#2444 = ORIENTED_EDGE ( 'NONE', *, *, #1842, .F. ) ;
#2445 = CARTESIAN_POINT ( 'NONE',  ( 18.63889197619016613, -6.744316238094219429, 70.61013287113037507 ) ) ;
#2446 = FACE_OUTER_BOUND ( 'NONE', #1220, .T. ) ;
#2447 = CARTESIAN_POINT ( 'NONE',  ( -14.00289294048719491, -8.350108079497532643, 73.45848854042353082 ) ) ;
#2448 = CARTESIAN_POINT ( 'NONE',  ( -14.29476234348030772, -9.205006831503339981, 14.82493474905080433 ) ) ;
#2449 = CARTESIAN_POINT ( 'NONE',  ( -32.48518812982032955, -6.744375729293872190, 47.05003029819788907 ) ) ;
#2450 = DIRECTION ( 'NONE',  ( 1.000000000000000000, 0.000000000000000000, 0.000000000000000000 ) ) ;
#2451 = CARTESIAN_POINT ( 'NONE',  ( 13.15808069181004036, 0.5574278887848110875, 18.29119366625279852 ) ) ;
#2452 = AXIS2_PLACEMENT_3D ( 'NONE', #1723, #2490, #2235 ) ;
#2453 = EDGE_CURVE ( 'NONE', #359, #2579, #391, .T. ) ;
#2454 = ORIENTED_EDGE ( 'NONE', *, *, #979, .F. ) ;
#2455 = CARTESIAN_POINT ( 'NONE',  ( 32.36017847084404764, -9.938131368662720178, 42.99363453587474027 ) ) ;
#2456 = CARTESIAN_POINT ( 'NONE',  ( 15.25579284420191328, -9.972208693733334073, 15.44009678991437085 ) ) ;
#2457 = CARTESIAN_POINT ( 'NONE',  ( 16.45324029482399908, -6.942572111215190134, 70.01554214948279764 ) ) ;
#2458 = CARTESIAN_POINT ( 'NONE',  ( -7.400140256968600561, 35.00000000000000000, 16.00000000000000000 ) ) ;
#2459 = CARTESIAN_POINT ( 'NONE',  ( -13.49873372718733933, -6.942572111215190134, 14.45239159522580152 ) ) ;
#2460 = ORIENTED_EDGE ( 'NONE', *, *, #421, .F. ) ;
#2461 = CARTESIAN_POINT ( 'NONE',  ( 17.26197558049382863, 0.3642117005123996498, 17.20549977398347608 ) ) ;
#2462 = CARTESIAN_POINT ( 'NONE',  ( -18.37699939436078722, -9.188094218625087350, 70.96054125549768798 ) ) ;
#2463 = CARTESIAN_POINT ( 'NONE',  ( -15.32302465113161460, -9.884790146110704612, 72.79795347654773252 ) ) ;
#2464 = LINE ( 'NONE', #794, #1860 ) ;
#2465 = CARTESIAN_POINT ( 'NONE',  ( -32.50381884733739923, -5.768364988199381038, 46.84014315758698643 ) ) ;
#2466 = EDGE_CURVE ( 'NONE', #323, #636, #650, .T. ) ;
#2467 = CARTESIAN_POINT ( 'NONE',  ( 32.23970347292522121, -5.716909564507350439, 47.06758402543777464 ) ) ;
#2468 = ORIENTED_EDGE ( 'NONE', *, *, #1384, .T. ) ;
#2469 = EDGE_LOOP ( 'NONE', ( #728, #2393 ) ) ;
#2470 = CARTESIAN_POINT ( 'NONE',  ( 32.31705560055377902, -9.319935059652701526, 42.08153891036948835 ) ) ;
#2471 = AXIS2_PLACEMENT_3D ( 'NONE', #2987, #1041, #1008 ) ;
#2472 = CARTESIAN_POINT ( 'NONE',  ( 13.74287793277751035, -8.310536875066540929, 14.67758671157632477 ) ) ;
#2473 = CARTESIAN_POINT ( 'NONE',  ( 18.64955109429759972, -5.705273983588624809, 17.54106571712055640 ) ) ;
#2474 = CARTESIAN_POINT ( 'NONE',  ( 32.37783114561749898, -6.942572111215190134, 44.19583204666644605 ) ) ;
#2475 = ORIENTED_EDGE ( 'NONE', *, *, #820, .T. ) ;
#2476 = CARTESIAN_POINT ( 'NONE',  ( -30.11258857373034914, -23.03496852034945164, 16.00000000000000000 ) ) ;
#2477 = CARTESIAN_POINT ( 'NONE',  ( -19.02525085967011620, -7.650382173619435733, 70.50892023091316219 ) ) ;
#2478 = CARTESIAN_POINT ( 'NONE',  ( -14.09629505944448979, -8.558265182282093875, 73.41439050881386663 ) ) ;
#2479 = DIRECTION ( 'NONE',  ( 0.000000000000000000, 0.000000000000000000, -1.000000000000000000 ) ) ;
#2480 = CARTESIAN_POINT ( 'NONE',  ( -32.49599255322705460, -5.412139691214512993, 41.21104922208026977 ) ) ;
#2481 = B_SPLINE_CURVE_WITH_KNOTS ( 'NONE', 3,
 ( #755, #2445, #174, #1604, #2716, #3564, #3326, #2173, #3287, #806, #3093, #253, #3342, #1986, #2291, #290, #1391, #890, #587, #1407, #2272, #3615, #605, #3393, #2494, #3373, #57, #823, #2513, #1446, #1093, #2548, #3041, #1708, #1166, #1949, #874, #2256, #1372, #1654, #1672, #3412, #1967, #2239, #2005, #1127, #328, #533, #37, #2762, #1147, #841, #2567, #2223, #3111, #3054, #3632, #1425, #549, #2779, #307, #271, #2814, #1728, #1110, #3357, #3072, #569, #2531, #2833, #1692, #2797, #17, #858, #3446, #3167, #927, #2074, #2330, #2655, #3505, #2364, #1184, #1782, #3186, #3209, #93, #695, #909, #1465, #1819, #2925, #2057, #945, #1539 ),
 .UNSPECIFIED., .F., .F.,
 ( 4, 2, 2, 1, 1, 1, 2, 2, 2, 2, 2, 1, 1, 2, 2, 2, 2, 1, 1, 1, 2, 2, 2, 2, 1, 1, 2, 2, 2, 2, 2, 1, 1, 1, 2, 2, 2, 2, 1, 1, 1, 2, 2, 2, 2, 2, 1, 2, 2, 2, 2, 2, 1, 1, 2, 2, 4 ),
 ( 0.000000000000000000, 0.06250000000001033895, 0.09375000000001529332, 0.1093750000000176525, 0.1171875000000190542, 0.1210937500000197342, 0.1230468750000200812, 0.1250000000000204003, 0.1875000000000361378, 0.2187500000000443257, 0.2343750000000486555, 0.2421875000000502653, 0.2460937500000516531, 0.2480468750000523193, 0.2500000000000530131, 0.2812500000000469624, 0.2968750000000442979, 0.3046875000000441314, 0.3085937500000435207, 0.3105468750000454636, 0.3115234375000470179, 0.3125000000000485723, 0.3437500000000628386, 0.3593750000000709433, 0.3671875000000745515, 0.3710937500000768274, 0.3730468750000774936, 0.3750000000000781597, 0.5000000000001142419, 0.5625000000001317835, 0.5937500000001415534, 0.6093750000001466605, 0.6171875000001489919, 0.6210937500001501022, 0.6230468750001506573, 0.6250000000001512124, 0.6562500000001750822, 0.6718750000001871836, 0.6796875000001940670, 0.6835937500001981748, 0.6855468750002002842, 0.6865234375002011724, 0.6875000000002019496, 0.7187500000001747491, 0.7343750000001610934, 0.7421875000001542100, 0.7460937500001504352, 0.7480468750001485478, 0.7500000000001466605, 0.8125000000001038059, 0.8437500000000828226, 0.8593750000000721645, 0.8671875000000672795, 0.8710937500000643929, 0.8730468750000630607, 0.8750000000000617284, 1.000000000000000000 ),
 .UNSPECIFIED. ) ;
#2482 = DIRECTION ( 'NONE',  ( 1.000000000000000000, 0.000000000000000000, 0.000000000000000000 ) ) ;
#2483 = DIRECTION ( 'NONE',  ( 7.258656485343220329E-18, 1.000000000000000000, 2.769502879193385353E-20 ) ) ;
#2484 = EDGE_CURVE ( 'NONE', #3493, #1413, #2067, .T. ) ;
#2485 = EDGE_CURVE ( 'NONE', #2767, #2919, #2877, .T. ) ;
#2486 = CIRCLE ( 'NONE', #1786, 28.99999999999998934 ) ;
#2487 = VERTEX_POINT ( 'NONE', #2103 ) ;
#2488 = AXIS2_PLACEMENT_3D ( 'NONE', #1841, #115, #132 ) ;
#2489 = FACE_OUTER_BOUND ( 'NONE', #2010, .T. ) ;
#2490 = DIRECTION ( 'NONE',  ( 0.000000000000000000, 1.000000000000000000, 0.000000000000000000 ) ) ;
#2491 = CARTESIAN_POINT ( 'NONE',  ( 17.26453026672250246, -3.947862401325746173, 16.61348193690510300 ) ) ;
#2492 = CARTESIAN_POINT ( 'NONE',  ( 29.03518863777850001, 18.08894905958980104, 12.00000000000000000 ) ) ;
#2493 = EDGE_LOOP ( 'NONE', ( #334, #3023, #1279, #1322 ) ) ;
#2494 = CARTESIAN_POINT ( 'NONE',  ( 17.82052748906311379, -4.559244857491767000, 71.17034482396229578 ) ) ;
#2495 = AXIS2_PLACEMENT_3D ( 'NONE', #338, #3141, #634 ) ;
#2496 = AXIS2_PLACEMENT_3D ( 'NONE', #3027, #759, #1309 ) ;
#2497 = CARTESIAN_POINT ( 'NONE',  ( 15.23945797827254900, 2.927108592058569812E-15, 16.00000000000000000 ) ) ;
#2498 = CARTESIAN_POINT ( 'NONE',  ( -14.74422979505130371, -9.450044317686794315, 73.09643975148937045 ) ) ;
#2499 = FACE_OUTER_BOUND ( 'NONE', #2371, .T. ) ;
#2500 = EDGE_CURVE ( 'NONE', #2523, #2732, #1550, .T. ) ;
#2501 = CARTESIAN_POINT ( 'NONE',  ( -18.86861025418514615, -6.541308528113230381, 17.52342067442888052 ) ) ;
#2502 = CARTESIAN_POINT ( 'NONE',  ( -32.56083966138993446, -9.318652867090412073, 46.06343467861168506 ) ) ;
#2503 = CARTESIAN_POINT ( 'NONE',  ( -13.91357650325913298, -5.743464067038837939, 69.58280305529805787 ) ) ;
#2504 = CARTESIAN_POINT ( 'NONE',  ( 30.62212076382705206, -6.942572111215190134, 45.68914414261050183 ) ) ;
#2505 = EDGE_CURVE ( 'NONE', #655, #1196, #1977, .T. ) ;
#2506 = EDGE_CURVE ( 'NONE', #1479, #3121, #2610, .T. ) ;
#2507 = ORIENTED_EDGE ( 'NONE', *, *, #2664, .T. ) ;
#2508 = DIRECTION ( 'NONE',  ( -7.259729428968469839E-18, -1.000000000000000000, 2.535153379615575214E-19 ) ) ;
#2509 = CARTESIAN_POINT ( 'NONE',  ( -29.10183757609496169, -7.859032122196907721, 45.15262858705710158 ) ) ;
#2510 = CARTESIAN_POINT ( 'NONE',  ( 28.85365840057581011, -7.694614591708902829, 42.88095825487899759 ) ) ;
#2511 = CARTESIAN_POINT ( 'NONE',  ( 14.78034456436230037, 2.927345865710859605E-15, 15.71938092166430145 ) ) ;
#2512 = AXIS2_PLACEMENT_3D ( 'NONE', #1667, #2775, #3353 ) ;
#2513 = CARTESIAN_POINT ( 'NONE',  ( 17.57148970594357351, -4.308672788497463380, 71.33337254926861704 ) ) ;
#2514 = DIRECTION ( 'NONE',  ( -0.9999927212564773127, 7.258709319626664864E-18, -0.003815420562027382455 ) ) ;
#2515 = DIRECTION ( 'NONE',  ( -7.258656485343220329E-18, -1.000000000000000000, -2.769502879193380538E-20 ) ) ;
#2516 = CARTESIAN_POINT ( 'NONE',  ( -18.68591857905177278, -8.193727197841653265, 17.39546171670960462 ) ) ;
#2517 =( BOUNDED_CURVE ( )  B_SPLINE_CURVE ( 3, ( #3000, #3021, #2984, #3284 ),
 .UNSPECIFIED., .F., .F. ) 
 B_SPLINE_CURVE_WITH_KNOTS ( ( 4, 4 ),
 ( 2.176991743778005084, 3.141592653589795336 ),
 .UNSPECIFIED. ) 
 CURVE ( )  GEOMETRIC_REPRESENTATION_ITEM ( )  RATIONAL_B_SPLINE_CURVE ( ( 1.000000000000000000, 0.9239535163451739752, 0.9239535163451739752, 1.000000000000000000 ) ) 
 REPRESENTATION_ITEM ( '' )  );
#2518 = CARTESIAN_POINT ( 'NONE',  ( -32.59506676838346095, -3.944884167343996495, 42.75063192125914924 ) ) ;
#2519 = EDGE_LOOP ( 'NONE', ( #1461, #1831 ) ) ;
#2520 = CARTESIAN_POINT ( 'NONE',  ( -0.2421180429221085062, 52.55742788878480098, 75.57160159797940935 ) ) ;
#2521 = CARTESIAN_POINT ( 'NONE',  ( 13.33453710797070002, -0.1946145915952987304, 18.38279693438678919 ) ) ;
#2522 = CARTESIAN_POINT ( 'NONE',  ( -13.92081576965319378, -8.136422974895538118, 69.57864170214645583 ) ) ;
#2523 = VERTEX_POINT ( 'NONE', #102 ) ;
#2524 = VERTEX_POINT ( 'NONE', #1849 ) ;
#2525 = DIRECTION ( 'NONE',  ( 0.5033006117610828722, -3.872891753873454376E-18, -0.8641113899266227305 ) ) ;
#2526 = AXIS2_PLACEMENT_3D ( 'NONE', #2281, #2788, #1382 ) ;
#2527 = CARTESIAN_POINT ( 'NONE',  ( -32.46876698536591732, -7.649630429874067161, 40.91946532252381985 ) ) ;
#2528 = CARTESIAN_POINT ( 'NONE',  ( 30.11258857373034914, 2.927108592058569812E-15, 16.00000000000000000 ) ) ;
#2529 = DIRECTION ( 'NONE',  ( -0.9669062990692463000, 9.367976354926770526E-17, 0.2551317479660520915 ) ) ;
#2530 = ADVANCED_FACE ( 'NONE', ( #3456 ), #1381, .F. ) ;
#2531 = CARTESIAN_POINT ( 'NONE',  ( 14.47999819135256949, -4.258698995763916528, 73.10687225505401443 ) ) ;
#2532 = CARTESIAN_POINT ( 'NONE',  ( 17.01967522076332529, -9.955087865334592223, 71.68370220522029967 ) ) ;
#2533 = CARTESIAN_POINT ( 'NONE',  ( 15.75038438921126982, -7.042020554082069062, 19.80107557349661818 ) ) ;
#2534 = CARTESIAN_POINT ( 'NONE',  ( -17.60408308016661749, -9.748371211284872828, 16.67428128528629117 ) ) ;
#2535 = CARTESIAN_POINT ( 'NONE',  ( -18.70414590565337321, -5.748491934251275914, 17.40815940065701639 ) ) ;
#2536 = VERTEX_POINT ( 'NONE', #1924 ) ;
#2537 = CARTESIAN_POINT ( 'NONE',  ( -18.61899542486844439, -5.056877378885619834, 70.79517960122812781 ) ) ;
#2538 = DIRECTION ( 'NONE',  ( 0.9999927212564774237, -7.258709319626672568E-18, 0.003815420562034441479 ) ) ;
#2539 = CARTESIAN_POINT ( 'NONE',  ( -15.99427945202585022, -6.942572111215190134, 68.34256625526468554 ) ) ;
#2540 = CARTESIAN_POINT ( 'NONE',  ( 14.61960945323559891, -5.491038467529469003, 69.04574506777007059 ) ) ;
#2541 = AXIS2_PLACEMENT_3D ( 'NONE', #2852, #860, #3095 ) ;
#2542 = ORIENTED_EDGE ( 'NONE', *, *, #3520, .T. ) ;
#2543 = DIRECTION ( 'NONE',  ( 0.9999927212564774237, -7.258709319626672568E-18, 0.003815420562034336528 ) ) ;
#2544 = VECTOR ( 'NONE', #103, 1000.000000000000000 ) ;
#2545 = CARTESIAN_POINT ( 'NONE',  ( -29.07717927851614803, -6.942572111215190134, 42.46134271135139926 ) ) ;
#2546 = CARTESIAN_POINT ( 'NONE',  ( 16.23533758701709573, -6.942572111215190134, 15.98821070578505044 ) ) ;
#2547 = CARTESIAN_POINT ( 'NONE',  ( 56.00000000000000000, 2.927108592058569812E-15, 16.00000000000000000 ) ) ;
#2548 = CARTESIAN_POINT ( 'NONE',  ( 17.52740715396315707, -4.269844290892473637, 71.36195328282150285 ) ) ;
#2549 = EDGE_CURVE ( 'NONE', #2955, #84, #450, .T. ) ;
#2550 = CARTESIAN_POINT ( 'NONE',  ( 18.44946201415851306, -8.170857927234171925, 70.74303885367119449 ) ) ;
#2551 = EDGE_CURVE ( 'NONE', #12, #1479, #2211, .T. ) ;
#2552 = DIRECTION ( 'NONE',  ( -0.003815420562034331758, 0.000000000000000000, 0.9999927212564772017 ) ) ;
#2553 = CARTESIAN_POINT ( 'NONE',  ( -15.92813775639819340, -10.19272959540117895, 15.67174474439948462 ) ) ;
#2554 = CARTESIAN_POINT ( 'NONE',  ( -32.56798047391109918, -4.258705159665871598, 42.19994432348218538 ) ) ;
#2555 = ORIENTED_EDGE ( 'NONE', *, *, #3339, .F. ) ;
#2556 = CARTESIAN_POINT ( 'NONE',  ( -18.74916451228218151, -5.325195644384127291, 70.70442241014990259 ) ) ;
#2557 = CARTESIAN_POINT ( 'NONE',  ( 13.81946488071924151, -0.7446631281269184832, 18.64263450253782750 ) ) ;
#2558 = CARTESIAN_POINT ( 'NONE',  ( 30.62784389467010016, -6.942572111215190134, 44.18915506072580257 ) ) ;
#2559 = CARTESIAN_POINT ( 'NONE',  ( -56.00000000000000000, 29.66091050094179593, 12.00000000000000000 ) ) ;
#2560 = ORIENTED_EDGE ( 'NONE', *, *, #3201, .F. ) ;
#2561 = EDGE_LOOP ( 'NONE', ( #2594, #835, #2670, #2278 ) ) ;
#2562 = CARTESIAN_POINT ( 'NONE',  ( 32.24802266721087562, -6.235146226488967436, 41.16646525829132486 ) ) ;
#2563 = FACE_BOUND ( 'NONE', #1554, .T. ) ;
#2564 = CARTESIAN_POINT ( 'NONE',  ( 28.86560638424637659, -8.251519891724907296, 44.94152743029379593 ) ) ;
#2565 = CARTESIAN_POINT ( 'NONE',  ( -20.96481136222149999, 16.91105094041014922, 16.00000000000000000 ) ) ;
#2566 = CIRCLE ( 'NONE', #1453, 31.99999999999998579 ) ;
#2567 = CARTESIAN_POINT ( 'NONE',  ( 15.11784795482149768, -3.876706344115411706, 72.77726395091991662 ) ) ;
#2568 = CARTESIAN_POINT ( 'NONE',  ( 18.30169029642874179, -8.559614443034570641, 70.84567979233241886 ) ) ;
#2569 = CARTESIAN_POINT ( 'NONE',  ( 13.29412136921630605, -7.610115864895842464, 18.36169728603280049 ) ) ;
#2570 = CARTESIAN_POINT ( 'NONE',  ( -18.64529663304298879, -8.311609816305685072, 17.36715840917399589 ) ) ;
#2571 = CIRCLE ( 'NONE', #2452, 29.00000000000000355 ) ;
#2572 = CARTESIAN_POINT ( 'NONE',  ( -16.60504387574397711, -3.693024938911127375, 16.05918451755113807 ) ) ;
#2573 = ORIENTED_EDGE ( 'NONE', *, *, #2879, .T. ) ;
#2574 = CARTESIAN_POINT ( 'NONE',  ( -17.86975074059962054, -4.180158440866692082, 71.29801349545800804 ) ) ;
#2575 = CARTESIAN_POINT ( 'NONE',  ( 15.75038438921142969, 0.4579794459179339361, 19.80107557349672120 ) ) ;
#2576 = CARTESIAN_POINT ( 'NONE',  ( -15.36888094251868075, -8.251519891739071966, 68.74092749202638686 ) ) ;
#2577 = CARTESIAN_POINT ( 'NONE',  ( 19.04369959603170059, -6.942572111215190134, 17.62393768920514958 ) ) ;
#2578 = EDGE_LOOP ( 'NONE', ( #2343, #2062, #2597, #2938, #98, #3537, #3252, #3162 ) ) ;
#2579 = VERTEX_POINT ( 'NONE', #2193 ) ;
#2580 = CARTESIAN_POINT ( 'NONE',  ( 32.30217961607378641, -4.547001403497573868, 46.29071195478746858 ) ) ;
#2581 = CARTESIAN_POINT ( 'NONE',  ( -32.60417492758408287, -9.939885650655446270, 45.14604816208274229 ) ) ;
#2582 = CARTESIAN_POINT ( 'NONE',  ( 28.85153734855536101, -7.932170852947067807, 45.31400374475471438 ) ) ;
#2583 = CARTESIAN_POINT ( 'NONE',  ( 32.27825392310278119, -8.970958425495487276, 46.61881268853887406 ) ) ;
#2584 = CARTESIAN_POINT ( 'NONE',  ( 14.80939539153946249, -5.480446819915735013, 19.21042954090764709 ) ) ;
#2585 = CARTESIAN_POINT ( 'NONE',  ( 15.58455961523779187, -7.692771827333667822, 19.69337443318149639 ) ) ;
#2586 = LINE ( 'NONE', #826, #2954 ) ;
#2587 = CARTESIAN_POINT ( 'NONE',  ( -14.72763250113359668, -4.255686986758359325, 15.03868553536765162 ) ) ;
#2588 = VERTEX_POINT ( 'NONE', #2160 ) ;
#2589 = CARTESIAN_POINT ( 'NONE',  ( -0.05134701482059749605, 47.55742788878480098, 25.57196553515549908 ) ) ;
#2590 = DIRECTION ( 'NONE',  ( 0.003815420562034331324, 0.000000000000000000, -0.9999927212564773127 ) ) ;
#2591 = CARTESIAN_POINT ( 'NONE',  ( -17.77536926234304815, -6.942572111215190134, 71.40050013337399548 ) ) ;
#2592 = FACE_OUTER_BOUND ( 'NONE', #182, .T. ) ;
#2593 = DIRECTION ( 'NONE',  ( 0.8641113899266242848, 0.000000000000000000, 0.5033006117610802077 ) ) ;
#2594 = ORIENTED_EDGE ( 'NONE', *, *, #452, .F. ) ;
#2595 = EDGE_CURVE ( 'NONE', #1013, #3498, #2464, .T. ) ;
#2596 = ORIENTED_EDGE ( 'NONE', *, *, #3157, .F. ) ;
#2597 = ORIENTED_EDGE ( 'NONE', *, *, #306, .F. ) ;
#2598 = CARTESIAN_POINT ( 'NONE',  ( 32.33351756893901552, -4.307940690643794923, 42.36981289774630000 ) ) ;
#2599 = CARTESIAN_POINT ( 'NONE',  ( -32.48284007579498223, -8.147847855868494804, 41.06822287302259866 ) ) ;
#2600 = CARTESIAN_POINT ( 'NONE',  ( 32.34087247510695562, -9.825957269972841246, 45.62661911366641476 ) ) ;
#2601 = CARTESIAN_POINT ( 'NONE',  ( 17.45569234137023784, -9.826128494131697977, 16.73544170979783985 ) ) ;
#2602 = CARTESIAN_POINT ( 'NONE',  ( 14.09615241031247734, -4.913724361449680167, 14.84675160964808249 ) ) ;
#2603 = CARTESIAN_POINT ( 'NONE',  ( -0.1219322952180229985, 52.05742788878480098, 44.07183087840034830 ) ) ;
#2604 = CARTESIAN_POINT ( 'NONE',  ( -14.30755689860692215, -4.664921634161124153, 14.83113857315762019 ) ) ;
#2605 = ORIENTED_EDGE ( 'NONE', *, *, #1777, .T. ) ;
#2606 = DIRECTION ( 'NONE',  ( -7.259729428968469839E-18, -1.000000000000000000, 2.535153379615575214E-19 ) ) ;
#2607 = VECTOR ( 'NONE', #2835, 1000.000000000000000 ) ;
#2608 = CARTESIAN_POINT ( 'NONE',  ( 28.87433668010982046, -5.480446819915805179, 44.57203929861597658 ) ) ;
#2609 = ADVANCED_FACE ( 'NONE', ( #742 ), #3568, .F. ) ;
#2610 = LINE ( 'NONE', #3515, #2150 ) ;
#2611 = CARTESIAN_POINT ( 'NONE',  ( 15.15135007909064946, -6.942572111215190134, 70.76058031372610913 ) ) ;
#2612 = ORIENTED_EDGE ( 'NONE', *, *, #1002, .T. ) ;
#2613 = AXIS2_PLACEMENT_3D ( 'NONE', #1319, #2409, #2153 ) ;
#2614 = EDGE_LOOP ( 'NONE', ( #3222, #3181 ) ) ;
#2615 = EDGE_LOOP ( 'NONE', ( #1684, #981, #1832, #3116 ) ) ;
#2616 = CARTESIAN_POINT ( 'NONE',  ( 32.25011350865754878, -6.132634808207191313, 41.18991671174919844 ) ) ;
#2617 = ADVANCED_FACE ( 'NONE', ( #2499 ), #1561, .F. ) ;
#2618 = CARTESIAN_POINT ( 'NONE',  ( -32.53703754454176078, -9.207020887300073397, 41.72427983552208275 ) ) ;
#2619 = PERSON_AND_ORGANIZATION_ROLE ( 'design_supplier' ) ;
#2620 = CARTESIAN_POINT ( 'NONE',  ( 32.28788078429856512, -9.126689308437432757, 46.49175942160974984 ) ) ;
#2621 = EDGE_CURVE ( 'NONE', #2901, #746, #2968, .T. ) ;
#2622 = CARTESIAN_POINT ( 'NONE',  ( 17.29084833688407841, -9.923311695002803745, 16.63016411226795910 ) ) ;
#2623 = CARTESIAN_POINT ( 'NONE',  ( 30.11258857373034914, 35.00000000000000000, 16.00000000000000000 ) ) ;
#2624 = CARTESIAN_POINT ( 'NONE',  ( -13.72436384672354492, -6.744401136593918267, 73.58833229517740904 ) ) ;
#2625 = CARTESIAN_POINT ( 'NONE',  ( -14.74083260821333496, -4.245213931059957702, 15.04532927994189961 ) ) ;
#2626 = ORIENTED_EDGE ( 'NONE', *, *, #3038, .F. ) ;
#2627 = CARTESIAN_POINT ( 'NONE',  ( 56.00000000000000000, 35.00000000000000000, 16.00000000000000000 ) ) ;
#2628 = DIRECTION ( 'NONE',  ( 1.000000000000000000, 0.000000000000000000, 0.000000000000000000 ) ) ;
#2629 = DIRECTION ( 'NONE',  ( 0.000000000000000000, 0.000000000000000000, -1.000000000000000000 ) ) ;
#2630 = DIRECTION ( 'NONE',  ( 0.4966921094954038773, -3.385817565753304088E-18, 0.8679268104886528334 ) ) ;
#2631 = EDGE_LOOP ( 'NONE', ( #1702, #2672, #645 ) ) ;
#2632 = CIRCLE ( 'NONE', #579, 29.00000000000000355 ) ;
#2633 = ORIENTED_EDGE ( 'NONE', *, *, #956, .T. ) ;
#2634 = ORIENTED_EDGE ( 'NONE', *, *, #2075, .T. ) ;
#2635 = CARTESIAN_POINT ( 'NONE',  ( 32.35157152702004879, -3.940896275394761172, 45.38392236629682230 ) ) ;
#2636 = CARTESIAN_POINT ( 'NONE',  ( -32.60924555981198836, -10.00742260390250316, 44.98136850297949252 ) ) ;
#2637 = DATE_AND_TIME ( #984, #3307 ) ;
#2638 = CARTESIAN_POINT ( 'NONE',  ( 32.34736772082035827, -9.898512677722303366, 45.48432378339766302 ) ) ;
#2639 = CARTESIAN_POINT ( 'NONE',  ( 18.76234441828329480, -7.752238462290081067, 17.62114343317711374 ) ) ;
#2640 = LINE ( 'NONE', #1487, #1668 ) ;
#2641 = CARTESIAN_POINT ( 'NONE',  ( -14.92410812704117440, -4.275619916679137766, 73.00529691697144585 ) ) ;
#2642 = ADVANCED_FACE ( 'NONE', ( #2226 ), #590, .F. ) ;
#2643 = CARTESIAN_POINT ( 'NONE',  ( -14.93073765072698578, -4.107601053472428099, 15.14173705970020301 ) ) ;
#2644 = EDGE_LOOP ( 'NONE', ( #3173, #2542, #2325, #959 ) ) ;
#2645 = CARTESIAN_POINT ( 'NONE',  ( 53.00000000000000000, 4.660910500941819912, 0.000000000000000000 ) ) ;
#2646 = DIRECTION ( 'NONE',  ( -0.000000000000000000, 1.000000000000000000, 0.000000000000000000 ) ) ;
#2647 = DIRECTION ( 'NONE',  ( -1.000000000000000000, 0.000000000000000000, 0.000000000000000000 ) ) ;
#2648 = CARTESIAN_POINT ( 'NONE',  ( -13.27330308922177338, -7.425934664920840866, 18.22530608021775222 ) ) ;
#2649 = ORIENTED_EDGE ( 'NONE', *, *, #263, .T. ) ;
#2650 = AXIS2_PLACEMENT_3D ( 'NONE', #1024, #1074, #2748 ) ;
#2651 = ORIENTED_EDGE ( 'NONE', *, *, #1777, .F. ) ;
#2652 = ORIENTED_EDGE ( 'NONE', *, *, #330, .T. ) ;
#2653 = CARTESIAN_POINT ( 'NONE',  ( 32.24291786404916849, -5.631271578496602537, 47.03298744377665486 ) ) ;
#2654 = CARTESIAN_POINT ( 'NONE',  ( -32.55604690641528265, -9.240764083178737209, 46.14019488575802797 ) ) ;
#2655 = CARTESIAN_POINT ( 'NONE',  ( 14.06309898990828700, -4.665623253092287648, 73.31281101148856294 ) ) ;
#2656 = CARTESIAN_POINT ( 'NONE',  ( 18.84085385333269613, -6.942572111215190134, 17.67746137495635139 ) ) ;
#2657 = CARTESIAN_POINT ( 'NONE',  ( 14.63180024731524576, -4.307941808892103097, 15.11357702460436059 ) ) ;
#2658 = CARTESIAN_POINT ( 'NONE',  ( -15.02512398045963415, -4.194137129241678252, 72.95355097264663868 ) ) ;
#2659 = CARTESIAN_POINT ( 'NONE',  ( 19.87219899906844844, 47.55742788878480098, 45.64812837152570069 ) ) ;
#2660 = VECTOR ( 'NONE', #1947, 1000.000000000000000 ) ;
#2661 = CARTESIAN_POINT ( 'NONE',  ( -13.70932857091886170, -5.714170342764648858, 14.54840486304637182 ) ) ;
#2662 = ORIENTED_EDGE ( 'NONE', *, *, #1480, .T. ) ;
#2663 = DIRECTION ( 'NONE',  ( -1.000000000000000000, -6.195440985631459015E-17, -1.972423937518264982E-16 ) ) ;
#2664 = EDGE_CURVE ( 'NONE', #978, #3580, #1030, .T. ) ;
#2665 = LINE ( 'NONE', #935, #3486 ) ;
#2666 = CIRCLE ( 'NONE', #1072, 28.99999999999998934 ) ;
#2667 = CARTESIAN_POINT ( 'NONE',  ( 18.84085385333269613, -6.942572111215190134, 17.67746137495635139 ) ) ;
#2668 = CARTESIAN_POINT ( 'NONE',  ( -32.50511014528031950, -5.728338843898670874, 46.82497374674429835 ) ) ;
#2669 = VECTOR ( 'NONE', #3254, 1000.000000000000000 ) ;
#2670 = ORIENTED_EDGE ( 'NONE', *, *, #3587, .T. ) ;
#2671 = CONICAL_SURFACE ( 'NONE', #1078, 3.249999985252986168, 0.7853981633974518317 ) ;
#2672 = ORIENTED_EDGE ( 'NONE', *, *, #2923, .F. ) ;
#2673 = ORIENTED_EDGE ( 'NONE', *, *, #1869, .F. ) ;
#2674 = CARTESIAN_POINT ( 'NONE',  ( -32.56232833929516346, -9.342349610079876854, 46.03886413167581537 ) ) ;
#2675 = CARTESIAN_POINT ( 'NONE',  ( 32.36746982537042783, -10.03537809031035266, 43.24230587044065999 ) ) ;
#2676 = CARTESIAN_POINT ( 'NONE',  ( 13.61865773696098714, -8.251519891725232370, 69.61062404396352576 ) ) ;
#2677 = CYLINDRICAL_SURFACE ( 'NONE', #3005, 1.649999999999998579 ) ;
#2678 = DIRECTION ( 'NONE',  ( -7.258656485343220329E-18, -1.000000000000000000, -2.769502879193385353E-20 ) ) ;
#2679 = DIRECTION ( 'NONE',  ( 0.003815420562033882031, 0.000000000000000000, -0.9999927212564774237 ) ) ;
#2680 = CARTESIAN_POINT ( 'NONE',  ( 14.64176839464520796, -9.748365667669160572, 73.02466729519495914 ) ) ;
#2681 = B_SPLINE_CURVE_WITH_KNOTS ( 'NONE', 3,
 ( #1115, #243, #2501, #829, #538, #3378, #3619, #257, #1377, #2535, #1097, #2227, #2260, #1955, #1678, #2785, #275, #2244, #3362, #845, #1972, #3193, #2079, #949, #3491, #1248, #3154, #3172, #913, #350, #1768, #3433, #405, #2370, #2046, #61, #972, #133, #1752, #2099, #681, #663, #609, #2028, #1805, #3452, #2572, #2838, #2854, #3134, #1509, #1732, #3416, #386, #77, #2314, #931, #1470, #644, #333, #2643, #2873, #2910, #1527, #1188, #2625, #1450, #2587, #117, #1787, #367, #1170, #2296, #894, #2891, #1489, #2351, #2061, #629, #2604, #97, #1212, #2334, #1230, #3470, #1320, #2154, #221, #1055, #1006, #2661, #2136, #154, #1272, #2459 ),
 .UNSPECIFIED., .F., .F.,
 ( 4, 2, 2, 1, 1, 1, 2, 2, 2, 2, 2, 1, 1, 2, 2, 2, 2, 1, 1, 1, 2, 2, 2, 2, 1, 1, 2, 2, 2, 2, 2, 1, 1, 1, 2, 2, 2, 2, 1, 1, 1, 2, 2, 2, 2, 2, 1, 2, 2, 2, 2, 2, 1, 1, 2, 2, 4 ),
 ( 0.000000000000000000, 0.06249999999996172506, 0.09374999999994258759, 0.1093749999999331368, 0.1171874999999283073, 0.1210937499999259898, 0.1230468749999248379, 0.1249999999999236999, 0.1874999999998942790, 0.2187499999998791800, 0.2343749999998716582, 0.2421874999998679390, 0.2460937499998661071, 0.2480468749998654965, 0.2499999999998648859, 0.2812499999998575029, 0.2968749999998532840, 0.3046874999998515077, 0.3085937499998510081, 0.3105468749998507305, 0.3115234374998508970, 0.3124999999998510636, 0.3437499999998582800, 0.3593749999998624989, 0.3671874999998643863, 0.3710937499998652744, 0.3730468749998653299, 0.3749999999998653299, 0.4999999999998833156, 0.5624999999998929745, 0.5937499999998979705, 0.6093749999999005240, 0.6171874999999018563, 0.6210937499999021894, 0.6230468749999025224, 0.6249999999999028555, 0.6562499999999089617, 0.6718749999999117373, 0.6796874999999130695, 0.6835937499999136246, 0.6855468749999141798, 0.6865234374999142908, 0.6874999999999145128, 0.7187499999999200639, 0.7343749999999228395, 0.7421874999999242828, 0.7460937499999250599, 0.7480468749999255040, 0.7499999999999259481, 0.8124999999999438227, 0.8437499999999529265, 0.8593749999999572564, 0.8671874999999596989, 0.8710937499999611422, 0.8730468749999616973, 0.8749999999999622524, 1.000000000000000000 ),
 .UNSPECIFIED. ) ;
#2682 = EDGE_LOOP ( 'NONE', ( #105, #50, #2855, #2245 ) ) ;
#2683 = CYLINDRICAL_SURFACE ( 'NONE', #3411, 1.499999999999998224 ) ;
#2684 = DIRECTION ( 'NONE',  ( 0.000000000000000000, 1.000000000000000000, 0.000000000000000000 ) ) ;
#2685 = FACE_OUTER_BOUND ( 'NONE', #2163, .T. ) ;
#2686 = CARTESIAN_POINT ( 'NONE',  ( -0.04562388397754599950, 47.55742788878480098, 24.07197645327079982 ) ) ;
#2687 = CARTESIAN_POINT ( 'NONE',  ( 32.23979789229797888, -5.714305689911057584, 47.06656632408078167 ) ) ;
#2688 = EDGE_LOOP ( 'NONE', ( #2507, #1032, #1812, #482 ) ) ;
#2689 = EDGE_CURVE ( 'NONE', #499, #1534, #2586, .T. ) ;
#2690 = ADVANCED_FACE ( 'NONE', ( #1113 ), #3067, .F. ) ;
#2691 = ORIENTED_EDGE ( 'NONE', *, *, #44, .T. ) ;
#2692 = CARTESIAN_POINT ( 'NONE',  ( -16.47920217745310012, -6.942572111215190134, 72.15545105101558931 ) ) ;
#2693 = CARTESIAN_POINT ( 'NONE',  ( 32.26454017293795573, -8.252980121606967145, 41.35735325917507765 ) ) ;
#2694 = CARTESIAN_POINT ( 'NONE',  ( 14.71639774220719055, -9.638633051686857911, 15.15688659297238061 ) ) ;
#2695 = LINE ( 'NONE', #205, #1727 ) ;
#2696 = DIRECTION ( 'NONE',  ( 0.000000000000000000, 0.000000000000000000, -1.000000000000000000 ) ) ;
#2697 = CARTESIAN_POINT ( 'NONE',  ( 13.32144406577578089, -7.649565419770838481, 73.66119974188512742 ) ) ;
#2698 = ORIENTED_EDGE ( 'NONE', *, *, #1080, .T. ) ;
#2699 = DIRECTION ( 'NONE',  ( 7.258656485343220329E-18, 1.000000000000000000, 2.769502879193385353E-20 ) ) ;
#2700 = PLANE ( 'NONE',  #3188 ) ;
#2701 = CARTESIAN_POINT ( 'NONE',  ( -13.82408398907577407, -8.468676118316636803, 14.60104073473226549 ) ) ;
#2702 = CARTESIAN_POINT ( 'NONE',  ( -32.58093813528486038, -4.264165948555139529, 45.70368515768736017 ) ) ;
#2703 = AXIS2_PLACEMENT_3D ( 'NONE', #2230, #316, #1416 ) ;
#2704 = CARTESIAN_POINT ( 'NONE',  ( -30.87170848730070105, -6.942572111215190134, 43.95450669606670147 ) ) ;
#2705 = EDGE_LOOP ( 'NONE', ( #2791, #2774, #1648, #3180 ) ) ;
#2706 = VERTEX_POINT ( 'NONE', #1246 ) ;
#2707 = ADVANCED_FACE ( 'NONE', ( #2945 ), #2044, .T. ) ;
#2708 = EDGE_CURVE ( 'NONE', #2303, #3499, #1017, .T. ) ;
#2709 = CARTESIAN_POINT ( 'NONE',  ( -56.00000000000000000, 2.927108592058569812E-15, 16.00000000000000000 ) ) ;
#2710 = CARTESIAN_POINT ( 'NONE',  ( 32.33803517662629901, -9.634723321597356005, 42.45922018929247344 ) ) ;
#2711 = CARTESIAN_POINT ( 'NONE',  ( 14.73475162897989144, -9.653093538509523341, 15.16631040570792521 ) ) ;
#2712 = CARTESIAN_POINT ( 'NONE',  ( 18.78420121672110454, -6.129921076495928212, 17.63638058575138601 ) ) ;
#2713 = CARTESIAN_POINT ( 'NONE',  ( 14.49258361276572060, 0.5574278887848119757, 16.00000000000000000 ) ) ;
#2714 = DIRECTION ( 'NONE',  ( -7.258656485343231114E-18, -1.000000000000000000, -2.769502879193055538E-20 ) ) ;
#2715 = VERTEX_POINT ( 'NONE', #2078 ) ;
#2716 = CARTESIAN_POINT ( 'NONE',  ( 18.55983914571312710, -6.132319672169439073, 70.66593176022389855 ) ) ;
#2717 = CARTESIAN_POINT ( 'NONE',  ( -29.11820127054722107, -5.480446819897471400, 43.57162245824213187 ) ) ;
#2718 = AXIS2_PLACEMENT_3D ( 'NONE', #1525, #679, #2944 ) ;
#2719 = CARTESIAN_POINT ( 'NONE',  ( -17.58074095316270657, -9.897826142154249496, 71.48419179415142821 ) ) ;
#2720 = CARTESIAN_POINT ( 'NONE',  ( -14.29069942761395318, -9.200125731063243606, 14.82296604052594446 ) ) ;
#2721 = DIRECTION ( 'NONE',  ( -7.258656485343220329E-18, -1.000000000000000000, -2.769502879193385353E-20 ) ) ;
#2722 = AXIS2_PLACEMENT_3D ( 'NONE', #2933, #101, #2337 ) ;
#2723 = CARTESIAN_POINT ( 'NONE',  ( -56.00000000000000000, 35.00000000000000000, 0.000000000000000000 ) ) ;
#2724 = ORIENTED_EDGE ( 'NONE', *, *, #820, .F. ) ;
#2725 = CARTESIAN_POINT ( 'NONE',  ( 32.32532885448394211, -9.449069622186645034, 42.22177011232574984 ) ) ;
#2726 = VECTOR ( 'NONE', #3139, 1000.000000000000000 ) ;
#2727 = CARTESIAN_POINT ( 'NONE',  ( 14.11853320132099654, -9.019717246938327548, 14.85725383183168447 ) ) ;
#2728 = CARTESIAN_POINT ( 'NONE',  ( -16.47920217745310012, -6.942572111215190134, 72.15545105101558931 ) ) ;
#2729 = CARTESIAN_POINT ( 'NONE',  ( -14.35389377035488856, -5.442494688748332088, 18.80345521561019595 ) ) ;
#2730 = CYLINDRICAL_SURFACE ( 'NONE', #788, 1.499999999999998224 ) ;
#2731 = ADVANCED_FACE ( 'NONE', ( #930 ), #2318, .F. ) ;
#2732 = VERTEX_POINT ( 'NONE', #3231 ) ;
#2733 = CYLINDRICAL_SURFACE ( 'NONE', #2471, 1.499999999999998224 ) ;
#2734 = CARTESIAN_POINT ( 'NONE',  ( -18.44708065270990005, -9.091864211641684790, 70.91288008764551876 ) ) ;
#2735 = CARTESIAN_POINT ( 'NONE',  ( -15.58124811246082508, -10.00882826590515151, 72.65963149055860981 ) ) ;
#2736 = CARTESIAN_POINT ( 'NONE',  ( -14.68502408039309870, -9.594898330090737559, 15.01729711162977132 ) ) ;
#2737 = CARTESIAN_POINT ( 'NONE',  ( -32.51641961217045917, -5.416259201234379539, 46.69357119962734259 ) ) ;
#2738 = DIRECTION ( 'NONE',  ( -1.000000000000000000, 0.000000000000000000, 0.000000000000000000 ) ) ;
#2739 = DIRECTION ( 'NONE',  ( 0.000000000000000000, 1.000000000000000000, 0.000000000000000000 ) ) ;
#2740 = VECTOR ( 'NONE', #1491, 1000.000000000000000 ) ;
#2741 = AXIS2_PLACEMENT_3D ( 'NONE', #1129, #329, #1969 ) ;
#2742 = ORIENTED_EDGE ( 'NONE', *, *, #282, .F. ) ;
#2743 = CARTESIAN_POINT ( 'NONE',  ( 32.36083538136271898, -9.946866525074458565, 43.01362735973786044 ) ) ;
#2744 = CARTESIAN_POINT ( 'NONE',  ( 15.62555790144256207, -10.11001355674728508, 15.64174643317870306 ) ) ;
#2745 = CARTESIAN_POINT ( 'NONE',  ( 18.54258552042039909, -5.412087966026919439, 17.46544781134267410 ) ) ;
#2746 = CARTESIAN_POINT ( 'NONE',  ( -0.1219322952180233871, 3.035766082959410049E-15, 44.07183087840034830 ) ) ;
#2747 = EDGE_LOOP ( 'NONE', ( #1490, #560, #764, #932 ) ) ;
#2748 = DIRECTION ( 'NONE',  ( -1.000000000000000000, 0.000000000000000000, 0.000000000000000000 ) ) ;
#2749 = ADVANCED_FACE ( 'NONE', ( #2367 ), #732, .T. ) ;
#2750 = CARTESIAN_POINT ( 'NONE',  ( 53.00000000000000000, 29.66091050094179593, 12.00000000000000000 ) ) ;
#2751 = FACE_BOUND ( 'NONE', #3216, .T. ) ;
#2752 = CARTESIAN_POINT ( 'NONE',  ( -14.20430864343418875, -9.091759629048315361, 14.78122366289795053 ) ) ;
#2753 = CARTESIAN_POINT ( 'NONE',  ( -0.01128509891902761998, 47.55742788878480098, 15.07204196196249946 ) ) ;
#2754 = FACE_OUTER_BOUND ( 'NONE', #1040, .T. ) ;
#2755 = CARTESIAN_POINT ( 'NONE',  ( 14.13534095043716832, 2.008961532470122435, 18.81832413858025888 ) ) ;
#2756 = ORIENTED_EDGE ( 'NONE', *, *, #1020, .F. ) ;
#2757 = CARTESIAN_POINT ( 'NONE',  ( 17.12523186120249363, -0.1380547112524115605, 17.11745483004462898 ) ) ;
#2758 = CARTESIAN_POINT ( 'NONE',  ( -32.47733136667180531, -7.982302875455723701, 41.00918011865873325 ) ) ;
#2759 = CARTESIAN_POINT ( 'NONE',  ( 14.53452704136554452, 0.1778183165723142001, 16.00000000000001066 ) ) ;
#2760 = CYLINDRICAL_SURFACE ( 'NONE', #2381, 1.499999999999998224 ) ;
#2761 = ORIENTED_EDGE ( 'NONE', *, *, #3179, .F. ) ;
#2762 = CARTESIAN_POINT ( 'NONE',  ( 15.41088198037170720, -3.774372961599591125, 72.61977016841615296 ) ) ;
#2763 = CARTESIAN_POINT ( 'NONE',  ( 18.45030257332827972, -8.168248050039393249, 70.74245326701594649 ) ) ;
#2764 = FACE_BOUND ( 'NONE', #2519, .T. ) ;
#2765 = CARTESIAN_POINT ( 'NONE',  ( -15.17010159782108047, -9.917860839343472179, 15.26553407967263531 ) ) ;
#2766 = CARTESIAN_POINT ( 'NONE',  ( -32.48568450594721924, -5.659609520551385664, 41.09886293894706455 ) ) ;
#2767 = VERTEX_POINT ( 'NONE', #3469 ) ;
#2768 = EDGE_CURVE ( 'NONE', #2053, #754, #1845, .T. ) ;
#2769 = CARTESIAN_POINT ( 'NONE',  ( -32.51050516369307530, -8.310685609744089319, 46.76160928929328264 ) ) ;
#2770 = CARTESIAN_POINT ( 'NONE',  ( -15.99421856506123163, -6.743500255390136644, 68.34260607354893580 ) ) ;
#2771 = CARTESIAN_POINT ( 'NONE',  ( 14.30426162358569009, 2.047688765893068474, 18.91443888168326382 ) ) ;
#2772 = CONICAL_SURFACE ( 'NONE', #1367, 3.249999990456165389, 0.7853981633974503884 ) ;
#2773 = EDGE_CURVE ( 'NONE', #3443, #1402, #2299, .T. ) ;
#2774 = ORIENTED_EDGE ( 'NONE', *, *, #1704, .T. ) ;
#2775 = DIRECTION ( 'NONE',  ( 0.5033006117610808738, -3.872891753873434347E-18, -0.8641113899266237297 ) ) ;
#2776 = CARTESIAN_POINT ( 'NONE',  ( 15.06817211045276039, -8.136422974895930693, 68.77541992299532581 ) ) ;
#2777 = CARTESIAN_POINT ( 'NONE',  ( 28.87291143902471902, -8.290716032281332915, 43.51732443501260406 ) ) ;
#2778 = FACE_OUTER_BOUND ( 'NONE', #3512, .T. ) ;
#2779 = CARTESIAN_POINT ( 'NONE',  ( 14.80804107638247835, -4.030694414966689010, 72.93968776718099889 ) ) ;
#2780 = AXIS2_PLACEMENT_3D ( 'NONE', #1665, #2015, #2593 ) ;
#2781 = VECTOR ( 'NONE', #2300, 1000.000000000000000 ) ;
#2782 = CARTESIAN_POINT ( 'NONE',  ( 17.50299665043980468, -9.637639055741368921, 71.37739014532384374 ) ) ;
#2783 = CARTESIAN_POINT ( 'NONE',  ( -13.93384964587485619, -8.169929189644342671, 73.49088865046280716 ) ) ;
#2784 = CARTESIAN_POINT ( 'NONE',  ( -18.82576719143585464, -7.755407121270829762, 17.49286375521971593 ) ) ;
#2785 = CARTESIAN_POINT ( 'NONE',  ( -18.40871105130785779, -5.054668741697941670, 17.20432493639381377 ) ) ;
#2786 = CARTESIAN_POINT ( 'NONE',  ( -18.87812923654746200, -5.658585361363274835, 70.61342229453347841 ) ) ;
#2787 = CARTESIAN_POINT ( 'NONE',  ( 13.89527290537800219, -0.7907160322933686203, 18.68430640409809840 ) ) ;
#2788 = DIRECTION ( 'NONE',  ( -0.4966921094953961058, 3.385817565753230518E-18, -0.8679268104886572743 ) ) ;
#2789 = ORIENTED_EDGE ( 'NONE', *, *, #867, .F. ) ;
#2790 = ADVANCED_FACE ( 'NONE', ( #1398 ), #3117, .T. ) ;
#2791 = ORIENTED_EDGE ( 'NONE', *, *, #581, .F. ) ;
#2792 = CARTESIAN_POINT ( 'NONE',  ( -0.001746547513941729872, 52.05742788878480098, 12.57206015882129968 ) ) ;
#2793 = CARTESIAN_POINT ( 'NONE',  ( -29.11677602946108934, -8.290716032288800719, 44.62633732176774970 ) ) ;
#2794 = LINE ( 'NONE', #3126, #1553 ) ;
#2795 = CARTESIAN_POINT ( 'NONE',  ( -0.1219322952180229985, 52.55742788878480098, 44.07183087840034830 ) ) ;
#2796 = AXIS2_PLACEMENT_3D ( 'NONE', #3034, #1087, #1442 ) ;
#2797 = CARTESIAN_POINT ( 'NONE',  ( 14.27707609668813937, -4.436569073293654242, 73.20799449589011942 ) ) ;
#2798 = CARTESIAN_POINT ( 'NONE',  ( 17.28297788956881575, -9.809455896228389093, 71.51862901646643422 ) ) ;
#2799 = CARTESIAN_POINT ( 'NONE',  ( 30.11258857373034914, 3.469446951953614978E-15, 16.00000000000000000 ) ) ;
#2800 = CARTESIAN_POINT ( 'NONE',  ( -17.72682964136788542, -9.652826276254868887, 16.75301391189287159 ) ) ;
#2801 = B_SPLINE_CURVE_WITH_KNOTS ( 'NONE', 3,
 ( #3107, #1404, #602, #2527, #802, #1932, #2758, #1368, #1798, #344, #2599, #2307, #2327, #54, #89, #2345, #675, #694, #3184, #1483, #1501, #71, #108, #2618, #415, #1163, #1781, #3462, #2288, #3408, #1223, #943, #888, #3145, #1538, #638, #3206, #2073, #2904, #2040, #2021, #905, #3445, #1203, #1182, #1818, #3125, #397, #925, #1521, #2847, #2056, #2636, #1241, #1762, #2362, #2581, #621, #3482, #127, #965, #2865, #2093, #2921, #3165, #657, #1744, #1463, #3425, #361, #2885, #380, #832, #2674, #2502, #475, #1263, #2654, #3539, #1663, #3242, #1958, #165, #557, #1034, #2769, #1015, #1893, #2385, #1857, #3063, #3521, #1315, #1099, #2961 ),
 .UNSPECIFIED., .F., .F.,
 ( 4, 2, 2, 1, 1, 1, 2, 2, 2, 2, 2, 1, 1, 2, 2, 2, 2, 1, 1, 1, 2, 2, 2, 2, 1, 1, 2, 2, 2, 2, 2, 1, 1, 1, 2, 2, 2, 2, 1, 1, 1, 2, 2, 2, 2, 2, 1, 2, 2, 2, 2, 2, 1, 1, 2, 2, 4 ),
 ( 0.000000000000000000, 0.06249999999996397326, 0.09374999999994593214, 0.1093749999999366895, 0.1171874999999323458, 0.1210937499999304723, 0.1230468749999291955, 0.1249999999999279188, 0.1874999999999028000, 0.2187499999998902822, 0.2343749999998840094, 0.2421874999998807065, 0.2460937499998796518, 0.2480468749998798184, 0.2499999999998799294, 0.2812499999998830935, 0.2968749999998857025, 0.3046874999998880895, 0.3085937499998893108, 0.3105468749998901434, 0.3115234374998889222, 0.3124999999998877009, 0.3437499999998642197, 0.3593749999998523958, 0.3671874999998453459, 0.3710937499998416822, 0.3730468749998407385, 0.3749999999998398503, 0.4999999999997439826, 0.5624999999996960209, 0.5937499999996731503, 0.6093749999996617150, 0.6171874999996561639, 0.6210937499996531663, 0.6230468749996526112, 0.6249999999996520561, 0.6562499999996176392, 0.6718749999996006528, 0.6796874999995911049, 0.6835937499995869970, 0.6855468749995856648, 0.6865234374995856648, 0.6874999999995856648, 0.7187499999996227462, 0.7343749999996407318, 0.7421874999996503908, 0.7460937499996551647, 0.7480468749996576072, 0.7499999999996600497, 0.8124999999997523092, 0.8437499999997990496, 0.8593749999998221423, 0.8671874999998343547, 0.8710937499998394618, 0.8730468749998421263, 0.8749999999998447908, 1.000000000000000000 ),
 .UNSPECIFIED. ) ;
#2802 = CARTESIAN_POINT ( 'NONE',  ( -32.59476454223862163, -3.948151264320352460, 42.74322525109123916 ) ) ;
#2803 = CARTESIAN_POINT ( 'NONE',  ( -17.50878242286859177, -3.948061137915992891, 71.52993477820162127 ) ) ;
#2804 = DIRECTION ( 'NONE',  ( 0.9999927212564774237, -7.258709319626672568E-18, 0.003815420562033901546 ) ) ;
#2805 = CARTESIAN_POINT ( 'NONE',  ( -13.40201035732348700, -7.142223217707602601, 69.85243456934880157 ) ) ;
#2806 = DIRECTION ( 'NONE',  ( -7.259729428968469839E-18, -1.000000000000000000, 2.535153379615575214E-19 ) ) ;
#2807 = ORIENTED_EDGE ( 'NONE', *, *, #1909, .F. ) ;
#2808 = CARTESIAN_POINT ( 'NONE',  ( 30.11258857373034914, 35.00000000000000000, 16.00000000000000000 ) ) ;
#2809 = EDGE_CURVE ( 'NONE', #1640, #359, #352, .T. ) ;
#2810 = CARTESIAN_POINT ( 'NONE',  ( 15.56474796273880123, -6.942572111215190134, 68.46297809382718924 ) ) ;
#2811 = DIRECTION ( 'NONE',  ( -0.8679268104886576074, 0.000000000000000000, 0.4966921094953953841 ) ) ;
#2812 = DIRECTION ( 'NONE',  ( -0.003815420562034333926, 0.000000000000000000, 0.9999927212564774237 ) ) ;
#2813 = AXIS2_PLACEMENT_3D ( 'NONE', #790, #1623, #1586 ) ;
#2814 = CARTESIAN_POINT ( 'NONE',  ( 14.58374498179049716, -4.179416119722305645, 73.05446595283515876 ) ) ;
#2815 = CARTESIAN_POINT ( 'NONE',  ( 15.67749449529528327, -10.19181605923645506, 72.47570070238252526 ) ) ;
#2816 = CARTESIAN_POINT ( 'NONE',  ( -0.001746547513941729872, 52.55742788878480098, 12.57206015882129968 ) ) ;
#2817 = CARTESIAN_POINT ( 'NONE',  ( -16.60802275224838098, -10.17302789790918460, 16.06302278827076080 ) ) ;
#2818 = CARTESIAN_POINT ( 'NONE',  ( -32.59110856084551955, -3.987726759270092458, 42.65421713208481691 ) ) ;
#2819 = CARTESIAN_POINT ( 'NONE',  ( 28.85790772443506924, -6.027725598108846228, 42.98932688023508319 ) ) ;
#2820 = CARTESIAN_POINT ( 'NONE',  ( 15.26242026609321378, -0.6431227438251317929, 19.48847385004555477 ) ) ;
#2821 = CARTESIAN_POINT ( 'NONE',  ( -15.05325998198512139, -5.480446819953000315, 68.93323221588718752 ) ) ;
#2822 = DIRECTION ( 'NONE',  ( -0.003815420562034338263, 0.000000000000000000, 0.9999927212564774237 ) ) ;
#2823 = CC_DESIGN_PERSON_AND_ORGANIZATION_ASSIGNMENT ( #3522, #658, ( #1466 ) ) ;
#2824 = VECTOR ( 'NONE', #603, 999.9999999999998863 ) ;
#2825 = ORIENTED_EDGE ( 'NONE', *, *, #1998, .F. ) ;
#2826 = VERTEX_POINT ( 'NONE', #2520 ) ;
#2827 = CARTESIAN_POINT ( 'NONE',  ( -0.2440257532031220034, -2.692572111215184805, 76.07159795860759743 ) ) ;
#2828 = CIRCLE ( 'NONE', #2198, 1.499999999999998224 ) ;
#2829 = CARTESIAN_POINT ( 'NONE',  ( 15.43566969824641610, -7.610115864930734553, 68.54554096651979478 ) ) ;
#2830 = DIRECTION ( 'NONE',  ( -0.4966921094953948845, 3.385817565753223970E-18, -0.8679268104886578294 ) ) ;
#2831 = LINE ( 'NONE', #2511, #1617 ) ;
#2832 = VECTOR ( 'NONE', #1071, 1000.000000000000000 ) ;
#2833 = CARTESIAN_POINT ( 'NONE',  ( 14.44115359340887572, -4.289802166220876956, 73.12640554143507643 ) ) ;
#2834 = PLANE ( 'NONE',  #2741 ) ;
#2835 = DIRECTION ( 'NONE',  ( 0.000000000000000000, 0.000000000000000000, -1.000000000000000000 ) ) ;
#2836 = CARTESIAN_POINT ( 'NONE',  ( -18.06602063276330128, -9.318821617052050144, 16.97461890856795108 ) ) ;
#2837 = EDGE_CURVE ( 'NONE', #636, #1479, #3380, .T. ) ;
#2838 = CARTESIAN_POINT ( 'NONE',  ( -16.09856793245358020, -3.692348678018223751, 15.76926960199907413 ) ) ;
#2839 = EDGE_LOOP ( 'NONE', ( #2444, #1884 ) ) ;
#2840 = CARTESIAN_POINT ( 'NONE',  ( -18.78607356796323558, -5.411186840710200840, 70.67847893160433159 ) ) ;
#2841 = CARTESIAN_POINT ( 'NONE',  ( -0.1925175756155884932, 52.55742788878480098, 62.57169622164519751 ) ) ;
#2842 = CARTESIAN_POINT ( 'NONE',  ( -15.50628485647053445, -8.143122743853998813, 68.65518790679230676 ) ) ;
#2843 = DIRECTION ( 'NONE',  ( 0.003815420562034330890, 0.000000000000000000, -0.9999927212564773127 ) ) ;
#2844 = ORIENTED_EDGE ( 'NONE', *, *, #956, .F. ) ;
#2845 = ORIENTED_EDGE ( 'NONE', *, *, #762, .F. ) ;
#2846 = CARTESIAN_POINT ( 'NONE',  ( 32.30707860044934421, -4.478003381486703738, 46.21724067892284893 ) ) ;
#2847 = CARTESIAN_POINT ( 'NONE',  ( -32.61488919633698202, -10.08322949198807628, 44.75171158341171207 ) ) ;
#2848 = LINE ( 'NONE', #1670, #313 ) ;
#2849 = VECTOR ( 'NONE', #993, 999.9999999999998863 ) ;
#2850 = CARTESIAN_POINT ( 'NONE',  ( 32.32327484805348661, -9.615991627104053308, 45.95822860039152147 ) ) ;
#2851 = CARTESIAN_POINT ( 'NONE',  ( 17.77814111195815627, -9.577250613214523867, 16.94553021129113901 ) ) ;
#2852 = CARTESIAN_POINT ( 'NONE',  ( -30.87170848730070105, -6.942572111215190134, 43.95450669606670147 ) ) ;
#2853 = CARTESIAN_POINT ( 'NONE',  ( -17.94923505164880595, -9.447542603203192613, 16.89767458306693726 ) ) ;
#2854 = CARTESIAN_POINT ( 'NONE',  ( -15.92266926402055560, -3.711536551941176487, 15.67075192338930556 ) ) ;
#2855 = ORIENTED_EDGE ( 'NONE', *, *, #490, .T. ) ;
#2856 = EDGE_CURVE ( 'NONE', #2285, #1103, #3628, .T. ) ;
#2857 = ADVANCED_FACE ( 'NONE', ( #2951 ), #427, .F. ) ;
#2858 = CARTESIAN_POINT ( 'NONE',  ( -19.08471845044515902, -6.545661780115059614, 70.46620037704764172 ) ) ;
#2859 = CARTESIAN_POINT ( 'NONE',  ( 13.19224256045037613, 0.1659344556372634172, 18.30870589383834002 ) ) ;
#2860 = CARTESIAN_POINT ( 'NONE',  ( -15.17356376655983752, -8.244663128123422169, 19.28362857185290480 ) ) ;
#2861 = DIRECTION ( 'NONE',  ( 0.000000000000000000, 0.000000000000000000, -1.000000000000000000 ) ) ;
#2862 = ORIENTED_EDGE ( 'NONE', *, *, #3202, .F. ) ;
#2863 = ORIENTED_EDGE ( 'NONE', *, *, #111, .F. ) ;
#2864 = CARTESIAN_POINT ( 'NONE',  ( 32.36011624574910428, -3.850554974787918194, 45.15158124439894749 ) ) ;
#2865 = CARTESIAN_POINT ( 'NONE',  ( -32.59000205479492962, -9.748654491073827089, 45.51258304934217591 ) ) ;
#2866 = SECURITY_CLASSIFICATION_LEVEL ( 'unclassified' ) ;
#2867 = CARTESIAN_POINT ( 'NONE',  ( 32.21765528606839979, -6.942572111215190134, 47.29690065629729645 ) ) ;
#2868 = AXIS2_PLACEMENT_3D ( 'NONE', #2433, #2993, #488 ) ;
#2869 = CC_DESIGN_PERSON_AND_ORGANIZATION_ASSIGNMENT ( #1242, #2922, ( #1265 ) ) ;
#2870 = CARTESIAN_POINT ( 'NONE',  ( 17.41822788128197530, -9.849857858177241354, 16.71138672581472662 ) ) ;
#2871 = CARTESIAN_POINT ( 'NONE',  ( 15.74241050290698141, -7.139545488650223426, 19.79585531546483779 ) ) ;
#2872 = CARTESIAN_POINT ( 'NONE',  ( -14.50310369644162378, -4.697603966701532130, 73.21684866790481294 ) ) ;
#2873 = CARTESIAN_POINT ( 'NONE',  ( -14.88968770921304952, -4.135153477896273522, 15.12075618494431595 ) ) ;
#2874 = ORIENTED_EDGE ( 'NONE', *, *, #3546, .T. ) ;
#2875 = CARTESIAN_POINT ( 'NONE',  ( 15.56474796273880123, -6.942572111215190134, 68.46297809382718924 ) ) ;
#2876 = CARTESIAN_POINT ( 'NONE',  ( -29.12074728937138346, -5.491038467529876677, 44.35142342887333911 ) ) ;
#2877 = LINE ( 'NONE', #409, #2208 ) ;
#2878 = CARTESIAN_POINT ( 'NONE',  ( 19.87792212991149654, 47.55742788878480098, 44.14813928964100143 ) ) ;
#2879 = EDGE_CURVE ( 'NONE', #1814, #671, #3427, .T. ) ;
#2880 = ORIENTED_EDGE ( 'NONE', *, *, #3276, .T. ) ;
#2881 = ORIENTED_EDGE ( 'NONE', *, *, #1794, .F. ) ;
#2882 = EDGE_CURVE ( 'NONE', #1481, #1943, #2049, .T. ) ;
#2883 = ORIENTED_EDGE ( 'NONE', *, *, #2237, .F. ) ;
#2884 = CARTESIAN_POINT ( 'NONE',  ( 32.30543119400162055, -4.757971640565992644, 41.89970386021232684 ) ) ;
#2885 = CARTESIAN_POINT ( 'NONE',  ( -32.57577931765989376, -9.547690992185815517, 45.80407766958482796 ) ) ;
#2886 = PERSON_AND_ORGANIZATION ( #1430, #1126 ) ;
#2887 = CARTESIAN_POINT ( 'NONE',  ( 32.22490367280715873, -7.649692020118652458, 47.22418365285356145 ) ) ;
#2888 = CARTESIAN_POINT ( 'NONE',  ( 18.28380421864383010, -8.971129583234326077, 17.28586339729006482 ) ) ;
#2889 = CARTESIAN_POINT ( 'NONE',  ( 13.94754173893033666, -5.148365369879250864, 14.77474114128936478 ) ) ;
#2890 = CARTESIAN_POINT ( 'NONE',  ( -14.42706754652927970, -4.793835856846751398, 73.25429289243842845 ) ) ;
#2891 = CARTESIAN_POINT ( 'NONE',  ( -14.39526315840007520, -4.565354344849921198, 14.87386461876766752 ) ) ;
#2892 = EDGE_LOOP ( 'NONE', ( #708, #2957 ) ) ;
#2893 = LOCAL_TIME ( 15, 57, 46.00000000000000000, #798 ) ;
#2894 = DIRECTION ( 'NONE',  ( 0.9999927212564774237, -7.258709319626672568E-18, 0.003815420562033916725 ) ) ;
#2895 = CARTESIAN_POINT ( 'NONE',  ( -29.09556126660261555, -6.276302720150602532, 45.30887423318506535 ) ) ;
#2896 = FACE_OUTER_BOUND ( 'NONE', #2324, .T. ) ;
#2897 = CARTESIAN_POINT ( 'NONE',  ( -0.03990075313449469724, 47.55742788878480098, 22.57198737138609701 ) ) ;
#2898 = ORIENTED_EDGE ( 'NONE', *, *, #452, .T. ) ;
#2899 = VECTOR ( 'NONE', #200, 1000.000000000000000 ) ;
#2900 = ORIENTED_EDGE ( 'NONE', *, *, #3061, .F. ) ;
#2901 = VERTEX_POINT ( 'NONE', #1192 ) ;
#2902 = CARTESIAN_POINT ( 'NONE',  ( 32.37331256909912724, -3.772357452920440224, 43.38467415467036403 ) ) ;
#2903 = ADVANCED_FACE ( 'NONE', ( #975 ), #1492, .F. ) ;
#2904 = CARTESIAN_POINT ( 'NONE',  ( -32.58706346013094901, -9.852240137263283515, 42.56637713261270761 ) ) ;
#2905 = APPROVAL_DATE_TIME ( #1799, #1809 ) ;
#2906 = CARTESIAN_POINT ( 'NONE',  ( 32.29062981588175063, -9.168789807240690592, 46.45434214003878992 ) ) ;
#2907 = CYLINDRICAL_SURFACE ( 'NONE', #524, 1.500000000000421663 ) ;
#2908 = CARTESIAN_POINT ( 'NONE',  ( 16.40066779719288803, -3.692338902724423999, 16.08448225480294980 ) ) ;
#2909 = CARTESIAN_POINT ( 'NONE',  ( -14.84466208177695989, -4.342828302051755962, 73.04577325875904137 ) ) ;
#2910 = CARTESIAN_POINT ( 'NONE',  ( -14.82739942697020119, -4.179568552765604572, 15.08908920824895894 ) ) ;
#2911 = VECTOR ( 'NONE', #1445, 1000.000000000000000 ) ;
#2912 = ORIENTED_EDGE ( 'NONE', *, *, #2400, .T. ) ;
#2913 = DIRECTION ( 'NONE',  ( 0.003815420562034336962, 0.000000000000000000, -0.9999927212564774237 ) ) ;
#2914 = CARTESIAN_POINT ( 'NONE',  ( 28.87710367869534167, -5.442494688734103470, 44.38077852659025524 ) ) ;
#2915 = PLANE ( 'NONE',  #1328 ) ;
#2916 = CARTESIAN_POINT ( 'NONE',  ( 13.19979914209385896, -6.942572111215190134, 73.89370156781690469 ) ) ;
#2917 = ORIENTED_EDGE ( 'NONE', *, *, #2975, .F. ) ;
#2918 = ORIENTED_EDGE ( 'NONE', *, *, #305, .F. ) ;
#2919 = VERTEX_POINT ( 'NONE', #2319 ) ;
#2920 = CARTESIAN_POINT ( 'NONE',  ( 32.28482912938240901, -5.148356378463025962, 41.60781361746137463 ) ) ;
#2921 = CARTESIAN_POINT ( 'NONE',  ( -32.58517443622373833, -9.681215257831805587, 45.61734858013514327 ) ) ;
#2922 = PERSON_AND_ORGANIZATION_ROLE ( 'creator' ) ;
#2923 = EDGE_CURVE ( 'NONE', #321, #1013, #2665, .T. ) ;
#2924 = EDGE_CURVE ( 'NONE', #252, #323, #138, .T. ) ;
#2925 = CARTESIAN_POINT ( 'NONE',  ( 13.46446510571863264, -5.716971995846126475, 73.59571633032673788 ) ) ;
#2926 = CARTESIAN_POINT ( 'NONE',  ( 17.72885466343737804, -9.620726316866427652, 16.91304936145858662 ) ) ;
#2927 = CARTESIAN_POINT ( 'NONE',  ( 17.05422166732070366, -3.850570374143579055, 16.48145079327584739 ) ) ;
#2928 = CARTESIAN_POINT ( 'NONE',  ( -14.81281631515684083, -4.371049654980572186, 73.06192864370760276 ) ) ;
#2929 = CARTESIAN_POINT ( 'NONE',  ( -30.11258857373034914, -2.692572111215184805, 32.91116172354549718 ) ) ;
#2930 = CARTESIAN_POINT ( 'NONE',  ( 13.45288491617116300, -8.135028010706337298, 73.60104313629146588 ) ) ;
#2931 = ORIENTED_EDGE ( 'NONE', *, *, #1208, .F. ) ;
#2932 = FACE_OUTER_BOUND ( 'NONE', #1826, .T. ) ;
#2933 = CARTESIAN_POINT ( 'NONE',  ( 15.98368728113664794, 0.5574278887848119757, 16.42026640074840316 ) ) ;
#2934 = CARTESIAN_POINT ( 'NONE',  ( 32.37783114561749898, -6.942572111215190134, 44.19583204666644605 ) ) ;
#2935 = DIRECTION ( 'NONE',  ( -1.000000000000000000, 0.000000000000000000, 0.000000000000000000 ) ) ;
#2936 = VERTEX_POINT ( 'NONE', #2102 ) ;
#2937 = CIRCLE ( 'NONE', #3296, 32.00000000000000711 ) ;
#2938 = ORIENTED_EDGE ( 'NONE', *, *, #232, .T. ) ;
#2939 = VERTEX_POINT ( 'NONE', #2373 ) ;
#2940 = DIRECTION ( 'NONE',  ( -1.000000000000000000, -1.084202172485504434E-16, 0.000000000000000000 ) ) ;
#2941 = CALENDAR_DATE ( 2025, 4, 11 ) ;
#2942 = CARTESIAN_POINT ( 'NONE',  ( 32.35392308883853474, -9.854964019066040137, 42.81640974511596198 ) ) ;
#2943 = CARTESIAN_POINT ( 'NONE',  ( 13.23494703317502008, -7.857501726166633560, 69.81278659864102565 ) ) ;
#2944 = DIRECTION ( 'NONE',  ( 0.8641113899266241738, 0.000000000000000000, 0.5033006117610804298 ) ) ;
#2945 = FACE_OUTER_BOUND ( 'NONE', #1866, .T. ) ;
#2946 = DIRECTION ( 'NONE',  ( -1.000000000000000000, 0.000000000000000000, 0.000000000000000000 ) ) ;
#2947 = AXIS2_PLACEMENT_3D ( 'NONE', #839, #1183, #288 ) ;
#2948 = CARTESIAN_POINT ( 'NONE',  ( 13.27071035014072464, -7.343308888035250170, 73.68421181793274854 ) ) ;
#2949 = ORIENTED_EDGE ( 'NONE', *, *, #1193, .T. ) ;
#2950 = DIRECTION ( 'NONE',  ( 1.000000000000000000, -3.965082230804129727E-16, 0.000000000000000000 ) ) ;
#2951 = FACE_OUTER_BOUND ( 'NONE', #3406, .T. ) ;
#2952 = CARTESIAN_POINT ( 'NONE',  ( -56.00000000000000000, 35.00000000000000000, 16.00000000000000000 ) ) ;
#2953 = CARTESIAN_POINT ( 'NONE',  ( -32.59987893469226350, -4.002472391851741307, 45.26892888243476420 ) ) ;
#2954 = VECTOR ( 'NONE', #1954, 1000.000000000000000 ) ;
#2955 = VERTEX_POINT ( 'NONE', #1275 ) ;
#2956 = DIRECTION ( 'NONE',  ( -0.4966921094953956617, 3.385817565753227436E-18, -0.8679268104886574964 ) ) ;
#2957 = ORIENTED_EDGE ( 'NONE', *, *, #330, .F. ) ;
#2958 = ORIENTED_EDGE ( 'NONE', *, *, #762, .T. ) ;
#2959 = AXIS2_PLACEMENT_3D ( 'NONE', #496, #736, #2946 ) ;
#2960 = AXIS2_PLACEMENT_3D ( 'NONE', #1626, #3255, #486 ) ;
#2961 = CARTESIAN_POINT ( 'NONE',  ( -32.48518812982030113, -6.942572111215190134, 47.05003029819790328 ) ) ;
#2962 = CARTESIAN_POINT ( 'NONE',  ( 32.24803151339874319, -7.754536809742516468, 41.16317697712101875 ) ) ;
#2963 = CARTESIAN_POINT ( 'NONE',  ( 16.93117874710173254, -10.11334696773136876, 16.40225759094913371 ) ) ;
#2964 = DIRECTION ( 'NONE',  ( 0.003815420562034331324, 0.000000000000000000, -0.9999927212564773127 ) ) ;
#2965 = CARTESIAN_POINT ( 'NONE',  ( -15.41017352109554928, -3.956642354118619753, 72.75143517338867127 ) ) ;
#2966 = CARTESIAN_POINT ( 'NONE',  ( -0.1219322952180219993, 35.00000000000000000, 44.07183087840034830 ) ) ;
#2967 = CARTESIAN_POINT ( 'NONE',  ( 13.25486914170962827, -7.140639686317472368, 73.69127015933554503 ) ) ;
#2968 = B_SPLINE_CURVE_WITH_KNOTS ( 'NONE', 3,
 ( #2972, #468, #1045, #1061, #242, #1359, #522, #2431, #3551, #506, #1027, #3290, #195, #2701, #3618, #1644, #1588, #3274, #2752, #1888, #2990, #1607, #2720, #2448, #1096, #212, #3601, #1657, #776, #2736, #1326, #1903, #3007, #227, #1079, #1345, #3329, #810, #1939, #3044, #537, #2765, #1376, #76, #3361, #1971, #2553, #20, #2817, #2259, #310, #861, #1394, #2008, #1695, #293, #41, #844, #1410, #349, #627, #2534, #2294, #1169, #2800, #608, #1751, #3077, #3114, #2275, #572, #2853, #1731, #1711, #2836, #3345, #332, #1150, #2242, #3415, #1132, #3057, #3377, #3396, #1449, #2570, #877, #274, #2516, #3096, #3, #1989, #2784, #1677, #1469 ),
 .UNSPECIFIED., .F., .F.,
 ( 4, 2, 2, 1, 1, 1, 2, 2, 2, 2, 2, 1, 1, 2, 2, 2, 2, 1, 1, 1, 2, 2, 2, 2, 1, 1, 2, 2, 2, 2, 2, 1, 1, 1, 2, 2, 2, 2, 1, 1, 1, 2, 2, 2, 2, 2, 1, 2, 2, 2, 2, 2, 1, 1, 2, 2, 4 ),
 ( 0.000000000000000000, 0.06250000000001704192, 0.09375000000002542411, 0.1093750000000295736, 0.1171875000000314054, 0.1210937500000323352, 0.1230468750000326544, 0.1250000000000329459, 0.1875000000000509592, 0.2187500000000597300, 0.2343750000000640599, 0.2421875000000663636, 0.2460937500000674738, 0.2480468750000681677, 0.2500000000000688893, 0.2812500000000795475, 0.2968750000000849876, 0.3046875000000875411, 0.3085937500000885958, 0.3105468750000885958, 0.3115234375000882627, 0.3125000000000879297, 0.3437500000000861533, 0.3593750000000853206, 0.3671875000000850431, 0.3710937500000846545, 0.3730468750000846545, 0.3750000000000847100, 0.5000000000000717204, 0.5625000000000649480, 0.5937500000000613953, 0.6093750000000599520, 0.6171875000000593969, 0.6210937500000593969, 0.6230468750000590639, 0.6250000000000587308, 0.6562500000000551781, 0.6718750000000535127, 0.6796875000000524025, 0.6835937500000526246, 0.6855468750000534017, 0.6865234375000532907, 0.6875000000000531797, 0.7187500000000558442, 0.7343750000000572875, 0.7421875000000577316, 0.7460937500000581757, 0.7480468750000582867, 0.7500000000000583977, 0.8125000000000477396, 0.8437500000000420775, 0.8593750000000390799, 0.8671875000000368594, 0.8710937500000353051, 0.8730468750000344169, 0.8750000000000335287, 1.000000000000000000 ),
 .UNSPECIFIED. ) ;
#2969 = EDGE_LOOP ( 'NONE', ( #1363, #3334 ) ) ;
#2970 = DIRECTION ( 'NONE',  ( 1.000000000000000000, 6.195440985631459015E-17, 0.000000000000000000 ) ) ;
#2971 = CARTESIAN_POINT ( 'NONE',  ( -29.10396925464222662, -5.740969557777899190, 43.04159838324127207 ) ) ;
#2972 = CARTESIAN_POINT ( 'NONE',  ( -13.49873372718733933, -6.942572111215190134, 14.45239159522580152 ) ) ;
#2973 = CARTESIAN_POINT ( 'NONE',  ( -32.60341107507812808, -3.955415565869270011, 45.16890683386650096 ) ) ;
#2974 = EDGE_CURVE ( 'NONE', #284, #321, #916, .T. ) ;
#2975 = EDGE_CURVE ( 'NONE', #797, #2124, #2395, .T. ) ;
#2976 = CARTESIAN_POINT ( 'NONE',  ( 18.63889197619020166, -6.942572111215190134, 70.61013287113038928 ) ) ;
#2977 = VERTEX_POINT ( 'NONE', #952 ) ;
#2978 = AXIS2_PLACEMENT_3D ( 'NONE', #230, #1048, #2125 ) ;
#2979 = ORIENTED_EDGE ( 'NONE', *, *, #2975, .T. ) ;
#2980 = LINE ( 'NONE', #983, #3074 ) ;
#2981 = LINE ( 'NONE', #1598, #2298 ) ;
#2982 = CARTESIAN_POINT ( 'NONE',  ( 15.20000205965583007, -9.945384390904264293, 15.41021336459981761 ) ) ;
#2983 = DIRECTION ( 'NONE',  ( 7.258656485343220329E-18, 1.000000000000000000, 2.769502879193385353E-20 ) ) ;
#2984 = CARTESIAN_POINT ( 'NONE',  ( 14.49258361276572771, 1.059421155187937114, 15.99999999999999645 ) ) ;
#2985 = CARTESIAN_POINT ( 'NONE',  ( 13.25486914170962116, -6.942572111215190134, 73.69127015933560187 ) ) ;
#2986 = ORIENTED_EDGE ( 'NONE', *, *, #2995, .F. ) ;
#2987 = CARTESIAN_POINT ( 'NONE',  ( -32.62169573605355311, -6.942572111215190134, 43.94782971013444950 ) ) ;
#2988 = DIRECTION ( 'NONE',  ( 0.4966921094954038773, -3.385817565753304088E-18, 0.8679268104886528334 ) ) ;
#2989 = CARTESIAN_POINT ( 'NONE',  ( -15.42643628755531537, -9.936721685723044928, 72.74275972074448759 ) ) ;
#2990 = CARTESIAN_POINT ( 'NONE',  ( -14.26589005867281834, -9.170013910848812344, 14.81095248422030330 ) ) ;
#2991 = CARTESIAN_POINT ( 'NONE',  ( -32.55176497624522369, -4.715782410776848899, 46.20642576032579996 ) ) ;
#2992 = VECTOR ( 'NONE', #1890, 1000.000000000000000 ) ;
#2993 = DIRECTION ( 'NONE',  ( 0.000000000000000000, 0.000000000000000000, 1.000000000000000000 ) ) ;
#2994 = DIRECTION ( 'NONE',  ( -1.000000000000000000, 0.000000000000000000, 0.000000000000000000 ) ) ;
#2995 = EDGE_CURVE ( 'NONE', #652, #1640, #45, .T. ) ;
#2996 = CARTESIAN_POINT ( 'NONE',  ( -0.1219322952180231928, 35.00000000000000000, 44.07183087840034830 ) ) ;
#2997 = CARTESIAN_POINT ( 'NONE',  ( 32.31141685367004612, -9.228142113766127252, 41.99147525116568147 ) ) ;
#2998 = CARTESIAN_POINT ( 'NONE',  ( 14.70326727059480199, -9.628159088232191465, 15.15015276582852977 ) ) ;
#2999 = DIRECTION ( 'NONE',  ( 1.000000000000000000, 6.195440985631459015E-17, 0.000000000000000000 ) ) ;
#3000 = CARTESIAN_POINT ( 'NONE',  ( 15.23945797827254900, 1.790160292178385015, 16.00000000000000000 ) ) ;
#3001 = CARTESIAN_POINT ( 'NONE',  ( 13.38203808047389387, -7.905503728473510350, 73.63354845784503766 ) ) ;
#3002 = ORIENTED_EDGE ( 'NONE', *, *, #1590, .T. ) ;
#3003 = CARTESIAN_POINT ( 'NONE',  ( -56.00000000000000000, 35.00000000000000000, 16.00000000000000000 ) ) ;
#3004 = DIRECTION ( 'NONE',  ( 0.8679268104886530555, 0.000000000000000000, -0.4966921094954033777 ) ) ;
#3005 = AXIS2_PLACEMENT_3D ( 'NONE', #439, #3525, #1840 ) ;
#3006 = CARTESIAN_POINT ( 'NONE',  ( -17.53828521013874209, -9.921390523299139730, 71.51122615733913790 ) ) ;
#3007 = CARTESIAN_POINT ( 'NONE',  ( -14.71703266447581093, -9.620964867250796360, 15.03335590504529762 ) ) ;
#3008 = CARTESIAN_POINT ( 'NONE',  ( -19.31481136222150141, 16.91105094041014922, 12.00000000000000000 ) ) ;
#3009 = VECTOR ( 'NONE', #3029, 1000.000000000000000 ) ;
#3010 = AXIS2_PLACEMENT_3D ( 'NONE', #3152, #3489, #2333 ) ;
#3011 = DIRECTION ( 'NONE',  ( 0.000000000000000000, 0.000000000000000000, 1.000000000000000000 ) ) ;
#3012 = CARTESIAN_POINT ( 'NONE',  ( 56.00000000000000000, 35.00000000000000000, 0.000000000000000000 ) ) ;
#3013 = CIRCLE ( 'NONE', #617, 1.499999999999998224 ) ;
#3014 = AXIS2_PLACEMENT_3D ( 'NONE', #834, #2483, #1610 ) ;
#3015 = CC_DESIGN_SECURITY_CLASSIFICATION ( #1968, ( #1265 ) ) ;
#3016 = VERTEX_POINT ( 'NONE', #502 ) ;
#3017 = CARTESIAN_POINT ( 'NONE',  ( 32.37109999356403733, -10.08424191452479590, 43.39555300014340844 ) ) ;
#3018 = EDGE_CURVE ( 'NONE', #3379, #919, #1136, .T. ) ;
#3019 = CARTESIAN_POINT ( 'NONE',  ( 12.96100002564969245, -7.042020554075000938, 69.95303799647967935 ) ) ;
#3020 = DIRECTION ( 'NONE',  ( 0.8641113899266242848, 0.000000000000000000, 0.5033006117610802077 ) ) ;
#3021 = CARTESIAN_POINT ( 'NONE',  ( 14.76203236471202374, 1.504152187498525306, 15.99999999999999645 ) ) ;
#3022 = CARTESIAN_POINT ( 'NONE',  ( 14.95022741649408005, -9.930125733873744309, 72.86558017317524616 ) ) ;
#3023 = ORIENTED_EDGE ( 'NONE', *, *, #179, .F. ) ;
#3024 = DIRECTION ( 'NONE',  ( -0.003815420562034333926, 0.000000000000000000, 0.9999927212564774237 ) ) ;
#3025 = CARTESIAN_POINT ( 'NONE',  ( -20.12178672034754712, 47.55742788878480098, 43.99552246715965254 ) ) ;
#3026 = CARTESIAN_POINT ( 'NONE',  ( -56.00000000000000000, 2.927108592058569812E-15, 0.000000000000000000 ) ) ;
#3027 = CARTESIAN_POINT ( 'NONE',  ( -0.1219322952180233871, -3.442572111215185249, 44.07183087840034830 ) ) ;
#3028 = B_SPLINE_CURVE_WITH_KNOTS ( 'NONE', 3,
 ( #881, #1194, #7, #1118, #917, #1138, #2013, #3081, #2050, #3381, #3365, #849 ),
 .UNSPECIFIED., .F., .F.,
 ( 4, 2, 2, 2, 2, 4 ),
 ( 0.000000000000000000, 0.1250000000000004718, 0.2500000000000009437, 0.5000000000000006661, 0.7500000000000003331, 1.000000000000000000 ),
 .UNSPECIFIED. ) ;
#3029 = DIRECTION ( 'NONE',  ( 0.000000000000000000, -1.000000000000000000, 0.000000000000000000 ) ) ;
#3030 = CARTESIAN_POINT ( 'NONE',  ( -56.00000000000000000, 4.660910500941819912, 0.000000000000000000 ) ) ;
#3031 = ORIENTED_EDGE ( 'NONE', *, *, #3248, .F. ) ;
#3032 = AXIS2_PLACEMENT_3D ( 'NONE', #1847, #1511, #951 ) ;
#3033 = ORIENTED_EDGE ( 'NONE', *, *, #2505, .T. ) ;
#3034 = CARTESIAN_POINT ( 'NONE',  ( -20.96481136222149999, 16.91105094041014922, 12.00000000000000000 ) ) ;
#3035 = DIRECTION ( 'NONE',  ( 7.258656485343220329E-18, 1.000000000000000000, 2.769502879193380538E-20 ) ) ;
#3036 = CARTESIAN_POINT ( 'NONE',  ( 18.59018077318459916, -5.534205080087315487, 17.49903365568653157 ) ) ;
#3037 = ADVANCED_FACE ( 'NONE', ( #3598, #484 ), #2700, .T. ) ;
#3038 = EDGE_CURVE ( 'NONE', #1555, #1741, #210, .T. ) ;
#3039 = DIRECTION ( 'NONE',  ( 7.258656485343220329E-18, 1.000000000000000000, 2.769502879193380538E-20 ) ) ;
#3040 = ORIENTED_EDGE ( 'NONE', *, *, #2243, .F. ) ;
#3041 = CARTESIAN_POINT ( 'NONE',  ( 17.52400383163212183, -4.266918184378605261, 71.36415438076205930 ) ) ;
#3042 = CARTESIAN_POINT ( 'NONE',  ( -18.61335331385737746, -8.830197324791724256, 70.79890473963308750 ) ) ;
#3043 = DIRECTION ( 'NONE',  ( 7.259729428968469839E-18, 1.000000000000000000, -2.535153379615575214E-19 ) ) ;
#3044 = CARTESIAN_POINT ( 'NONE',  ( -15.10811976070272955, -9.884654484416383724, 15.23324132158261790 ) ) ;
#3045 = EDGE_CURVE ( 'NONE', #3596, #1160, #194, .T. ) ;
#3046 = CARTESIAN_POINT ( 'NONE',  ( -32.46151987670413774, -6.545987564787519197, 40.84676110250541825 ) ) ;
#3047 = CARTESIAN_POINT ( 'NONE',  ( -15.98627509334601626, -7.139545488641585003, 68.34780644133390126 ) ) ;
#3048 = CARTESIAN_POINT ( 'NONE',  ( -20.12750985119059877, 52.55742788878480098, 45.49551154904440153 ) ) ;
#3049 = ORIENTED_EDGE ( 'NONE', *, *, #2809, .T. ) ;
#3050 = LINE ( 'NONE', #800, #1879 ) ;
#3051 = CARTESIAN_POINT ( 'NONE',  ( -29.09558795311725277, -7.610115864901577432, 45.30825438264673011 ) ) ;
#3052 = CYLINDRICAL_SURFACE ( 'NONE', #2369, 1.499999999999912736 ) ;
#3053 = CARTESIAN_POINT ( 'NONE',  ( -19.28756419421694801, -6.942572111215190134, 70.51972406308200902 ) ) ;
#3054 = CARTESIAN_POINT ( 'NONE',  ( 14.98305697597081831, -3.938677691039643047, 72.84837149697828806 ) ) ;
#3055 = CARTESIAN_POINT ( 'NONE',  ( 17.15538531325354299, -9.884616154900943030, 71.59922924508281028 ) ) ;
#3056 = CARTESIAN_POINT ( 'NONE',  ( -16.81912873325077840, -10.19199531869936237, 71.95739993226328579 ) ) ;
#3057 = CARTESIAN_POINT ( 'NONE',  ( -18.41499914900673218, -8.827426897753650081, 17.20842978685512392 ) ) ;
#3058 = CARTESIAN_POINT ( 'NONE',  ( -32.54074383161714223, -4.623486060959209887, 41.77604696861617839 ) ) ;
#3059 = ORIENTED_EDGE ( 'NONE', *, *, #21, .T. ) ;
#3060 = EDGE_CURVE ( 'NONE', #252, #43, #224, .T. ) ;
#3061 = EDGE_CURVE ( 'NONE', #2715, #1141, #791, .T. ) ;
#3062 = CARTESIAN_POINT ( 'NONE',  ( -19.02797878605316839, -6.129261922278402608, 70.50734491666820247 ) ) ;
#3063 = CARTESIAN_POINT ( 'NONE',  ( -32.50554722449808054, -8.170076238592066886, 46.81983110827937367 ) ) ;
#3064 = DIRECTION ( 'NONE',  ( -0.8641113899266237297, 0.000000000000000000, -0.5033006117610810959 ) ) ;
#3065 = CARTESIAN_POINT ( 'NONE',  ( 15.12351035750328521, 1.867420663667267888, 19.40180247801500713 ) ) ;
#3066 = VERTEX_POINT ( 'NONE', #1324 ) ;
#3067 = CONICAL_SURFACE ( 'NONE', #2488, 3.249999986553925080, 0.7853981633974560506 ) ;
#3068 = CARTESIAN_POINT ( 'NONE',  ( -0.2459334634841394696, -3.442572111215190134, 76.57159431923579973 ) ) ;
#3069 = CARTESIAN_POINT ( 'NONE',  ( -29.07771523343281928, -7.139545488669777562, 42.47089478234546078 ) ) ;
#3070 = CARTESIAN_POINT ( 'NONE',  ( 28.83592625106184215, -7.330748341169823767, 45.63477373158109174 ) ) ;
#3071 = CARTESIAN_POINT ( 'NONE',  ( -0.1219322952180235953, -10.44257211121519902, 44.07183087840034830 ) ) ;
#3072 = CARTESIAN_POINT ( 'NONE',  ( 14.48937448883009438, -4.251229621188188368, 73.10215494722626772 ) ) ;
#3073 = CIRCLE ( 'NONE', #2959, 1.649999999999998579 ) ;
#3074 = VECTOR ( 'NONE', #710, 1000.000000000000000 ) ;
#3075 = CARTESIAN_POINT ( 'NONE',  ( 17.70150622820688469, -9.451549289230701589, 71.24837880837154103 ) ) ;
#3076 = CARTESIAN_POINT ( 'NONE',  ( 15.26242026607263647, -8.143122743835197852, 19.48847385003254828 ) ) ;
#3077 = CARTESIAN_POINT ( 'NONE',  ( -17.75653159787028201, -9.627911892665427018, 16.77218043229959221 ) ) ;
#3078 = CARTESIAN_POINT ( 'NONE',  ( -32.52447280078499858, -4.864717446447850868, 41.55036492312302698 ) ) ;
#3079 = ORIENTED_EDGE ( 'NONE', *, *, #179, .T. ) ;
#3080 = CARTESIAN_POINT ( 'NONE',  ( -17.43833150737582471, -3.912496288417421475, 71.57442975580295297 ) ) ;
#3081 = CARTESIAN_POINT ( 'NONE',  ( 16.37490735614937165, 2.013022017021067978, 16.65079745672399980 ) ) ;
#3082 = CARTESIAN_POINT ( 'NONE',  ( -13.57840169845583311, -7.694614591697899186, 69.76086482238805786 ) ) ;
#3083 = LINE ( 'NONE', #2577, #1859 ) ;
#3084 = ADVANCED_FACE ( 'NONE', ( #2446 ), #1308, .F. ) ;
#3085 = ORIENTED_EDGE ( 'NONE', *, *, #1480, .F. ) ;
#3086 = DIRECTION ( 'NONE',  ( 0.003815420562034339564, 0.000000000000000000, -0.9999927212564774237 ) ) ;
#3087 = B_SPLINE_CURVE_WITH_KNOTS ( 'NONE', 3,
 ( #567, #1464, #3371, #3070, #3108, #35, #1389, #872, #2582, #3090, #2564, #2308, #3426, #3391, #3409, #2777, #1164, #326, #1422, #1690, #1145, #2510, #345, #72, #2003, #55 ),
 .UNSPECIFIED., .F., .F.,
 ( 4, 2, 2, 2, 2, 2, 2, 2, 2, 2, 2, 2, 4 ),
 ( 0.000000000000000000, 0.06250000000000159595, 0.1250000000000031919, 0.1875000000000047740, 0.2500000000000068279, 0.3750000000000077161, 0.5000000000000086597, 0.6250000000000095479, 0.6875000000000079936, 0.7500000000000064393, 0.8125000000000049960, 0.8750000000000028866, 1.000000000000000000 ),
 .UNSPECIFIED. ) ;
#3088 = AXIS2_PLACEMENT_3D ( 'NONE', #2403, #184, #457 ) ;
#3089 = DIRECTION ( 'NONE',  ( 0.8679268104886527224, 0.000000000000000000, -0.4966921094954039884 ) ) ;
#3090 = CARTESIAN_POINT ( 'NONE',  ( 28.86005568229212415, -8.143122743753664849, 45.10339250318014592 ) ) ;
#3091 = CYLINDRICAL_SURFACE ( 'NONE', #2202, 1.649999999999998579 ) ;
#3092 = CIRCLE ( 'NONE', #1042, 0.4999999999999994449 ) ;
#3093 = CARTESIAN_POINT ( 'NONE',  ( 18.45643264643884507, -5.736192187084236060, 70.73818363580677726 ) ) ;
#3094 = CARTESIAN_POINT ( 'NONE',  ( 18.42176812631768357, -8.253966468714159177, 70.76233801593120631 ) ) ;
#3095 = DIRECTION ( 'NONE',  ( -0.003815420562026943137, 0.000000000000000000, 0.9999927212564774237 ) ) ;
#3096 = CARTESIAN_POINT ( 'NONE',  ( -18.69033167453575572, -8.180138253733661102, 17.39853649212264486 ) ) ;
#3097 = EDGE_CURVE ( 'NONE', #754, #2053, #2310, .T. ) ;
#3098 = CARTESIAN_POINT ( 'NONE',  ( -32.56858141487333569, -4.251259292781596422, 42.21038989608086212 ) ) ;
#3099 = CARTESIAN_POINT ( 'NONE',  ( -18.19205980007333778, -4.475372603495991974, 71.08514636480596494 ) ) ;
#3100 = LINE ( 'NONE', #315, #2781 ) ;
#3101 = CARTESIAN_POINT ( 'NONE',  ( -13.73050140095967286, -5.950846141111829191, 69.68065035015976605 ) ) ;
#3102 = CARTESIAN_POINT ( 'NONE',  ( 13.47687867189898014, -5.740969557745333240, 69.68612738625188285 ) ) ;
#3103 = ORIENTED_EDGE ( 'NONE', *, *, #600, .F. ) ;
#3104 = ORIENTED_EDGE ( 'NONE', *, *, #545, .F. ) ;
#3105 = CARTESIAN_POINT ( 'NONE',  ( 15.72395179603795690, -0.9423990196173678280, 16.26899220431356596 ) ) ;
#3106 = EDGE_CURVE ( 'NONE', #1759, #746, #825, .T. ) ;
#3107 = CARTESIAN_POINT ( 'NONE',  ( -32.46151987670410222, -6.942572111215190134, 40.84676110250539693 ) ) ;
#3108 = CARTESIAN_POINT ( 'NONE',  ( 28.83750017655671627, -7.425934664996838741, 45.60567207525154743 ) ) ;
#3109 = CARTESIAN_POINT ( 'NONE',  ( -0.1982407064586399759, 47.55742788878480098, 64.07168530352990388 ) ) ;
#3110 = CIRCLE ( 'NONE', #2011, 1.499999999999998224 ) ;
#3111 = CARTESIAN_POINT ( 'NONE',  ( 14.99986710702768100, -3.930489100912657463, 72.83954420268592855 ) ) ;
#3112 = LINE ( 'NONE', #3413, #696 ) ;
#3113 = CARTESIAN_POINT ( 'NONE',  ( 15.44055578486962510, -7.932170852906304859, 19.60115656432183684 ) ) ;
#3114 = CARTESIAN_POINT ( 'NONE',  ( -17.76039132843736112, -9.624625549075153330, 16.77467416598340222 ) ) ;
#3115 = CARTESIAN_POINT ( 'NONE',  ( -32.55409008724564757, -4.436621928060661801, 41.97359439412811355 ) ) ;
#3116 = ORIENTED_EDGE ( 'NONE', *, *, #2197, .F. ) ;
#3117 = CYLINDRICAL_SURFACE ( 'NONE', #1912, 31.99999999999998579 ) ;
#3118 = CARTESIAN_POINT ( 'NONE',  ( -0.04562388397754599950, 47.55742788878480098, 24.07197645327079982 ) ) ;
#3119 = CARTESIAN_POINT ( 'NONE',  ( -15.74327082933218591, -6.022385106066439064, 68.50528392364401498 ) ) ;
#3120 = CARTESIAN_POINT ( 'NONE',  ( 15.30546367672222274, -6.027725598082750658, 68.62785653394348628 ) ) ;
#3121 = VERTEX_POINT ( 'NONE', #3026 ) ;
#3122 = ORIENTED_EDGE ( 'NONE', *, *, #2551, .F. ) ;
#3123 = CARTESIAN_POINT ( 'NONE',  ( 32.24132353919993221, -6.744389683984349126, 41.09363145659974492 ) ) ;
#3124 = AXIS2_PLACEMENT_3D ( 'NONE', #3198, #3177, #2376 ) ;
#3125 = CARTESIAN_POINT ( 'NONE',  ( -32.62021984016188014, -10.19263358254935170, 43.55969099131658595 ) ) ;
#3126 = CARTESIAN_POINT ( 'NONE',  ( 30.68518863777849859, 18.08894905958980104, 12.00000000000000000 ) ) ;
#3127 = ADVANCED_FACE ( 'NONE', ( #551, #2764, #520, #2751, #1676 ), #1077, .F. ) ;
#3128 = EDGE_CURVE ( 'NONE', #215, #1007, #1556, .T. ) ;
#3129 = AXIS2_PLACEMENT_3D ( 'NONE', #873, #2004, #270 ) ;
#3130 = CARTESIAN_POINT ( 'NONE',  ( 32.23125631220355558, -7.905679371954426493, 47.15785646105722861 ) ) ;
#3131 = CARTESIAN_POINT ( 'NONE',  ( 18.54951499601424203, -8.468469008384365893, 17.47007584631151289 ) ) ;
#3132 = CARTESIAN_POINT ( 'NONE',  ( 13.48707420137949065, -7.934874136614566531, 18.46324367542066724 ) ) ;
#3133 = DIRECTION ( 'NONE',  ( 0.003815420562033882031, 0.000000000000000000, -0.9999927212564774237 ) ) ;
#3134 = CARTESIAN_POINT ( 'NONE',  ( -15.65457335213753964, -3.774423611757932839, 15.52379722339746060 ) ) ;
#3135 = ORIENTED_EDGE ( 'NONE', *, *, #490, .F. ) ;
#3136 = AXIS2_PLACEMENT_3D ( 'NONE', #2249, #220, #2679 ) ;
#3137 = AXIS2_PLACEMENT_3D ( 'NONE', #60, #1428, #893 ) ;
#3138 = CARTESIAN_POINT ( 'NONE',  ( -17.95079320822986091, -4.245738446928398524, 71.24501177496000537 ) ) ;
#3139 = DIRECTION ( 'NONE',  ( -0.5033006117610789865, 3.872891753873425102E-18, 0.8641113899266249510 ) ) ;
#3140 = CYLINDRICAL_SURFACE ( 'NONE', #498, 31.99999999999998579 ) ;
#3141 = DIRECTION ( 'NONE',  ( -0.000000000000000000, 1.000000000000000000, 0.000000000000000000 ) ) ;
#3142 = ORIENTED_EDGE ( 'NONE', *, *, #672, .F. ) ;
#3143 = ORIENTED_EDGE ( 'NONE', *, *, #2237, .T. ) ;
#3144 = CARTESIAN_POINT ( 'NONE',  ( 32.35387742172401460, -4.029461217924754202, 42.82129057443525255 ) ) ;
#3145 = CARTESIAN_POINT ( 'NONE',  ( -32.56771387574092103, -9.623129834821545714, 42.19532994231349932 ) ) ;
#3146 = APPROVAL_STATUS ( 'not_yet_approved' ) ;
#3147 = CARTESIAN_POINT ( 'NONE',  ( 32.29262658161555777, -9.198860433927153579, 46.42691663593959106 ) ) ;
#3148 = ADVANCED_FACE ( 'NONE', ( #1131, #3395, #3360, #1988 ), #40, .T. ) ;
#3149 = CARTESIAN_POINT ( 'NONE',  ( 18.61035431847252752, -8.303818345227488962, 17.51331989078505913 ) ) ;
#3150 = EDGE_CURVE ( 'NONE', #1365, #3423, #1658, .T. ) ;
#3151 = CARTESIAN_POINT ( 'NONE',  ( 30.11258857373034914, -23.03496852034945164, 16.00000000000000000 ) ) ;
#3152 = CARTESIAN_POINT ( 'NONE',  ( 53.00000000000000000, 29.66091050094179593, 12.00000000000000000 ) ) ;
#3153 = VECTOR ( 'NONE', #2508, 1000.000000000000000 ) ;
#3154 = CARTESIAN_POINT ( 'NONE',  ( -17.88361141766819529, -4.371981378072092639, 16.85472866886706811 ) ) ;
#3155 = ORIENTED_EDGE ( 'NONE', *, *, #3451, .T. ) ;
#3156 = CARTESIAN_POINT ( 'NONE',  ( -15.23945797827254900, -23.03496852034945164, 16.00000000000000000 ) ) ;
#3157 = EDGE_CURVE ( 'NONE', #2936, #1402, #3312, .T. ) ;
#3158 = DIRECTION ( 'NONE',  ( -1.972423937518264982E-16, 0.000000000000000000, 1.000000000000000000 ) ) ;
#3159 = CARTESIAN_POINT ( 'NONE',  ( 15.68612938252621980, 0.07406533503308955491, 19.75914727709721319 ) ) ;
#3160 = CARTESIAN_POINT ( 'NONE',  ( -0.1219322952180231928, 47.55742788878480098, 44.07183087840034830 ) ) ;
#3161 = ORIENTED_EDGE ( 'NONE', *, *, #2549, .T. ) ;
#3162 = ORIENTED_EDGE ( 'NONE', *, *, #1229, .F. ) ;
#3163 = ORIENTED_EDGE ( 'NONE', *, *, #21, .F. ) ;
#3164 = CARTESIAN_POINT ( 'NONE',  ( 32.29439305608943300, -4.660007423275920324, 46.40249114465472502 ) ) ;
#3165 = CARTESIAN_POINT ( 'NONE',  ( -32.58318197659797733, -9.652989787733032401, 45.65847516423079355 ) ) ;
#3166 = APPROVAL_ROLE ( '' ) ;
#3167 = CARTESIAN_POINT ( 'NONE',  ( 14.11689115348929491, -4.603615807963471696, 73.28664541607162164 ) ) ;
#3168 = CIRCLE ( 'NONE', #481, 1.500000000000426326 ) ;
#3169 = CARTESIAN_POINT ( 'NONE',  ( 18.68281763574432119, -8.071756115599468373, 17.56462691994489234 ) ) ;
#3170 = DIRECTION ( 'NONE',  ( -6.195440985631459015E-17, 1.000000000000000000, 0.000000000000000000 ) ) ;
#3171 = DIRECTION ( 'NONE',  ( 0.003815420562034336528, -2.812124136265255660E-19, -0.9999927212564774237 ) ) ;
#3172 = CARTESIAN_POINT ( 'NONE',  ( -17.85386302456401708, -4.343884288710425423, 16.83533351175393378 ) ) ;
#3173 = ORIENTED_EDGE ( 'NONE', *, *, #3626, .F. ) ;
#3174 = CARTESIAN_POINT ( 'NONE',  ( 30.62784389467010016, -6.942572111215190134, 44.18915506072580257 ) ) ;
#3175 = DIRECTION ( 'NONE',  ( 1.000000000000000000, 0.000000000000000000, 0.000000000000000000 ) ) ;
#3176 = CARTESIAN_POINT ( 'NONE',  ( -16.26442585381840189, -6.942572111215190134, 15.86420953751895091 ) ) ;
#3177 = DIRECTION ( 'NONE',  ( -7.258656485343220329E-18, -1.000000000000000000, -2.769502879193380538E-20 ) ) ;
#3178 = EDGE_LOOP ( 'NONE', ( #1440, #3155, #1092, #562, #2352, #1981, #2673, #510, #950, #3059, #1120, #3104, #2844 ) ) ;
#3179 = EDGE_CURVE ( 'NONE', #192, #284, #1734, .T. ) ;
#3180 = ORIENTED_EDGE ( 'NONE', *, *, #3128, .F. ) ;
#3181 = ORIENTED_EDGE ( 'NONE', *, *, #3128, .T. ) ;
#3182 = CARTESIAN_POINT ( 'NONE',  ( 32.30896452757703230, -4.697822633737601450, 41.95354118381764152 ) ) ;
#3183 = AXIS2_PLACEMENT_3D ( 'NONE', #2728, #218, #3020 ) ;
#3184 = CARTESIAN_POINT ( 'NONE',  ( -32.52963573602369252, -9.093408643473749109, 41.62360975701692212 ) ) ;
#3185 = APPLICATION_PROTOCOL_DEFINITION ( 'international standard', 'config_control_design', 1994, #401 ) ;
#3186 = CARTESIAN_POINT ( 'NONE',  ( 13.53471891867733667, -5.534227505614702558, 73.56339950220377943 ) ) ;
#3187 = CIRCLE ( 'NONE', #147, 1.499999999999998224 ) ;
#3188 = AXIS2_PLACEMENT_3D ( 'NONE', #1587, #1937, #1569 ) ;
#3189 = CARTESIAN_POINT ( 'NONE',  ( 17.84639163702380316, -9.513677076091381579, 16.99070888149611491 ) ) ;
#3190 = CARTESIAN_POINT ( 'NONE',  ( 15.53061612101197575, -3.772347616280642413, 15.58655632209596753 ) ) ;
#3191 = CARTESIAN_POINT ( 'NONE',  ( -14.24596734571404433, -5.055514883857792796, 73.34264819700992177 ) ) ;
#3192 = CIRCLE ( 'NONE', #320, 0.4999999999999994449 ) ;
#3193 = CARTESIAN_POINT ( 'NONE',  ( -18.17098137804564217, -4.696695534208525480, 17.04440073949604084 ) ) ;
#3194 = ORIENTED_EDGE ( 'NONE', *, *, #1572, .F. ) ;
#3195 = CARTESIAN_POINT ( 'NONE',  ( 15.75041486158989734, 0.5574278887848129749, 19.80109550153605014 ) ) ;
#3196 = CARTESIAN_POINT ( 'NONE',  ( -29.10177231487103100, -6.027725598090599490, 45.15433487656802214 ) ) ;
#3197 = DIRECTION ( 'NONE',  ( 1.000000000000000000, 0.000000000000000000, 0.000000000000000000 ) ) ;
#3198 = CARTESIAN_POINT ( 'NONE',  ( -0.1219322952180233871, -3.442572111215185249, 44.07183087840034830 ) ) ;
#3199 = ORIENTED_EDGE ( 'NONE', *, *, #3157, .T. ) ;
#3200 = AXIS2_PLACEMENT_3D ( 'NONE', #995, #428, #2647 ) ;
#3201 = EDGE_CURVE ( 'NONE', #653, #5, #2293, .T. ) ;
#3202 = EDGE_CURVE ( 'NONE', #252, #2524, #75, .T. ) ;
#3203 = ORIENTED_EDGE ( 'NONE', *, *, #161, .F. ) ;
#3204 = ORIENTED_EDGE ( 'NONE', *, *, #1662, .T. ) ;
#3205 = CARTESIAN_POINT ( 'NONE',  ( 32.34937085868904916, -4.088669906724925696, 42.71111324211288007 ) ) ;
#3206 = CARTESIAN_POINT ( 'NONE',  ( -32.57827613739767969, -9.751592780637835745, 42.38572432100856702 ) ) ;
#3207 = CARTESIAN_POINT ( 'NONE',  ( 0.000000000000000000, 0.000000000000000000, 0.000000000000000000 ) ) ;
#3208 = B_SPLINE_CURVE_WITH_KNOTS ( 'NONE', 3,
 ( #1195, #1811, #392, #82, #2648, #2321, #651, #918, #2339, #1217, #3440, #706, #1174, #3476, #3457, #410, #2860, #937, #1235, #1255, #1775, #899, #2033, #2357, #3419, #1757 ),
 .UNSPECIFIED., .F., .F.,
 ( 4, 2, 2, 2, 2, 2, 2, 2, 2, 2, 2, 2, 4 ),
 ( 0.000000000000000000, 0.06249999999999908407, 0.1249999999999981681, 0.1874999999999972522, 0.2499999999999967804, 0.3749999999999973910, 0.4999999999999980016, 0.6249999999999985567, 0.6874999999999986677, 0.7499999999999987788, 0.8124999999999988898, 0.8749999999999990008, 1.000000000000000000 ),
 .UNSPECIFIED. ) ;
#3209 = CARTESIAN_POINT ( 'NONE',  ( 13.51849550664438659, -5.573809391079235454, 73.57086981897194278 ) ) ;
#3210 = CARTESIAN_POINT ( 'NONE',  ( 17.81666611155530333, -9.541874106769885344, 16.97100452254924008 ) ) ;
#3211 = CARTESIAN_POINT ( 'NONE',  ( 15.89543743017899224, -3.693045006092721572, 15.79028661314160686 ) ) ;
#3212 = DIRECTION ( 'NONE',  ( -0.003815420562034333926, 0.000000000000000000, 0.9999927212564774237 ) ) ;
#3213 = CARTESIAN_POINT ( 'NONE',  ( -22.61481136222149857, 16.91105094041014922, 16.00000000000000000 ) ) ;
#3214 = FACE_OUTER_BOUND ( 'NONE', #2615, .T. ) ;
#3215 = CIRCLE ( 'NONE', #1633, 1.649999999999998579 ) ;
#3216 = EDGE_LOOP ( 'NONE', ( #2596, #1306 ) ) ;
#3217 = FACE_OUTER_BOUND ( 'NONE', #2493, .T. ) ;
#3218 = AXIS2_PLACEMENT_3D ( 'NONE', #1669, #1144, #3089 ) ;
#3219 = CARTESIAN_POINT ( 'NONE',  ( 28.87688269893547854, -5.491038467529877565, 43.79223832794977511 ) ) ;
#3220 = CARTESIAN_POINT ( 'NONE',  ( -56.00000000000000000, 29.66091050094179593, 0.000000000000000000 ) ) ;
#3221 = LINE ( 'NONE', #1830, #1133 ) ;
#3222 = ORIENTED_EDGE ( 'NONE', *, *, #2090, .T. ) ;
#3223 = ORIENTED_EDGE ( 'NONE', *, *, #1573, .T. ) ;
#3224 = ORIENTED_EDGE ( 'NONE', *, *, #375, .F. ) ;
#3225 = DIRECTION ( 'NONE',  ( -0.8641113899266240628, 0.000000000000000000, -0.5033006117610804298 ) ) ;
#3226 = PERSON_AND_ORGANIZATION ( #1430, #1126 ) ;
#3227 = CARTESIAN_POINT ( 'NONE',  ( 32.34828676529842539, -9.778210365284744299, 42.68045643863779048 ) ) ;
#3228 = EDGE_CURVE ( 'NONE', #3596, #2715, #3414, .T. ) ;
#3229 = CARTESIAN_POINT ( 'NONE',  ( 13.09604048519793551, -7.606426672755699059, 69.88435871820377088 ) ) ;
#3230 = LINE ( 'NONE', #2133, #203 ) ;
#3231 = CARTESIAN_POINT ( 'NONE',  ( 32.24132353919990379, -6.942572111215190134, 41.09363145659975203 ) ) ;
#3232 = CARTESIAN_POINT ( 'NONE',  ( -15.49553596579664294, -5.950846141084059404, 19.48205458777750110 ) ) ;
#3233 = CARTESIAN_POINT ( 'NONE',  ( 14.81183646350235250, -9.854917915665929229, 72.93746098503643793 ) ) ;
#3234 = ORIENTED_EDGE ( 'NONE', *, *, #1251, .T. ) ;
#3235 = CARTESIAN_POINT ( 'NONE',  ( -14.09332445084559993, -6.942572111215190134, 16.63804328398255095 ) ) ;
#3236 = CARTESIAN_POINT ( 'NONE',  ( -29.11534069329166741, -5.631633486458309079, 44.71593637145157629 ) ) ;
#3237 = CARTESIAN_POINT ( 'NONE',  ( 32.39023126240114436, -6.942572111215190134, 40.94585571383434797 ) ) ;
#3238 = CARTESIAN_POINT ( 'NONE',  ( -32.48686669541235972, -6.541566836813248464, 47.03274661528918443 ) ) ;
#3239 = ORIENTED_EDGE ( 'NONE', *, *, #3276, .F. ) ;
#3240 = ORIENTED_EDGE ( 'NONE', *, *, #692, .T. ) ;
#3241 = VERTEX_POINT ( 'NONE', #1409 ) ;
#3242 = CARTESIAN_POINT ( 'NONE',  ( -32.54274959505920606, -9.020060340327070492, 46.34625811282591457 ) ) ;
#3243 = CARTESIAN_POINT ( 'NONE',  ( 32.26663608609913325, -8.310553434214169144, 41.38199287822352090 ) ) ;
#3244 = CARTESIAN_POINT ( 'NONE',  ( 14.45848654548597167, -9.408976320284388351, 15.02600397482008709 ) ) ;
#3245 = CARTESIAN_POINT ( 'NONE',  ( 13.49630415402202921, -6.541599271431016938, 14.56251650079166460 ) ) ;
#3246 = CARTESIAN_POINT ( 'NONE',  ( -15.41385534476326669, -3.954764969622842408, 72.74947249805997274 ) ) ;
#3247 = EDGE_CURVE ( 'NONE', #2089, #919, #2026, .T. ) ;
#3248 = EDGE_CURVE ( 'NONE', #359, #2487, #2023, .T. ) ;
#3249 = CARTESIAN_POINT ( 'NONE',  ( 30.11258857373034914, -23.03496852034945164, 16.00000000000000000 ) ) ;
#3250 = CIRCLE ( 'NONE', #2947, 1.499999999999911182 ) ;
#3251 = CARTESIAN_POINT ( 'NONE',  ( -56.00000000000000000, 2.927108592058569812E-15, 16.00000000000000000 ) ) ;
#3252 = ORIENTED_EDGE ( 'NONE', *, *, #867, .T. ) ;
#3253 = DIRECTION ( 'NONE',  ( 0.003815420562034336962, 0.000000000000000000, -0.9999927212564774237 ) ) ;
#3254 = DIRECTION ( 'NONE',  ( 0.000000000000000000, 0.000000000000000000, -1.000000000000000000 ) ) ;
#3255 = DIRECTION ( 'NONE',  ( -7.258656485343220329E-18, -1.000000000000000000, -2.769502879193385353E-20 ) ) ;
#3256 = CARTESIAN_POINT ( 'NONE',  ( -32.52869739111299907, -5.148282320831140346, 46.53580152537008985 ) ) ;
#3257 = AXIS2_PLACEMENT_3D ( 'NONE', #1530, #446, #2590 ) ;
#3258 = DIRECTION ( 'NONE',  ( 0.000000000000000000, -1.000000000000000000, 0.000000000000000000 ) ) ;
#3259 = VERTEX_POINT ( 'NONE', #2816 ) ;
#3260 = ORIENTED_EDGE ( 'NONE', *, *, #672, .T. ) ;
#3261 = AXIS2_PLACEMENT_3D ( 'NONE', #1021, #1353, #1918 ) ;
#3262 = CONICAL_SURFACE ( 'NONE', #3556, 3.249999988748470514, 0.7853981633974532750 ) ;
#3263 = DIRECTION ( 'NONE',  ( 0.5033006117610808738, -3.872891753873434347E-18, -0.8641113899266237297 ) ) ;
#3264 = DIRECTION ( 'NONE',  ( 0.000000000000000000, -1.000000000000000000, 0.000000000000000000 ) ) ;
#3265 = CARTESIAN_POINT ( 'NONE',  ( 16.06748329169383993, -10.19258299843025029, 15.89044271805986597 ) ) ;
#3266 = CARTESIAN_POINT ( 'NONE',  ( 30.68518863777849859, 18.08894905958980104, 16.00000000000000000 ) ) ;
#3267 = CARTESIAN_POINT ( 'NONE',  ( -13.47125406751719900, -6.022385106062135840, 18.32662834411944885 ) ) ;
#3268 = FACE_OUTER_BOUND ( 'NONE', #3590, .T. ) ;
#3269 = EDGE_LOOP ( 'NONE', ( #941, #1199, #1073, #1237 ) ) ;
#3270 = CARTESIAN_POINT ( 'NONE',  ( 7.156275666532540214, 6.938893903907229955E-15, 16.00000000000000000 ) ) ;
#3271 = EDGE_CURVE ( 'NONE', #1103, #9, #309, .T. ) ;
#3272 = CARTESIAN_POINT ( 'NONE',  ( -18.42167152272800124, -9.127925110594203417, 70.93019248149478528 ) ) ;
#3273 = DIRECTION ( 'NONE',  ( -0.003815420562034335227, 0.000000000000000000, 0.9999927212564772017 ) ) ;
#3274 = CARTESIAN_POINT ( 'NONE',  ( -14.15053979427884201, -9.019723616810688682, 14.75536180069051717 ) ) ;
#3275 = CARTESIAN_POINT ( 'NONE',  ( -32.62099150034192974, -3.692310238319089333, 43.75694855449413012 ) ) ;
#3276 = EDGE_CURVE ( 'NONE', #1189, #3319, #1468, .T. ) ;
#3277 = DIRECTION ( 'NONE',  ( 0.000000000000000000, 1.000000000000000000, 0.000000000000000000 ) ) ;
#3278 = ORIENTED_EDGE ( 'NONE', *, *, #1615, .T. ) ;
#3279 = AXIS2_PLACEMENT_3D ( 'NONE', #1012, #3011, #2482 ) ;
#3280 = CARTESIAN_POINT ( 'NONE',  ( 15.23945797827254900, 1.790160292178385015, 16.00000000000000000 ) ) ;
#3281 = CARTESIAN_POINT ( 'NONE',  ( 32.27299585423084238, -8.472506785285752073, 41.45791280586351490 ) ) ;
#3282 = CARTESIAN_POINT ( 'NONE',  ( 15.18885837250458515, -9.939870133760004833, 15.40425828585928869 ) ) ;
#3283 = CARTESIAN_POINT ( 'NONE',  ( 18.26298339444710450, -4.864707385233337789, 17.27113513980259896 ) ) ;
#3284 = CARTESIAN_POINT ( 'NONE',  ( 14.49258361276572060, 0.5574278887848119757, 16.00000000000000000 ) ) ;
#3285 = DIRECTION ( 'NONE',  ( 1.000000000000000000, 0.000000000000000000, 0.000000000000000000 ) ) ;
#3286 = VERTEX_POINT ( 'NONE', #642 ) ;
#3287 = CARTESIAN_POINT ( 'NONE',  ( 18.46632589379985845, -5.767991680137328991, 70.73129049580958849 ) ) ;
#3288 = CARTESIAN_POINT ( 'NONE',  ( -18.90318174499379822, -8.149143106878831588, 70.59568207820159103 ) ) ;
#3289 = CARTESIAN_POINT ( 'NONE',  ( -13.94192817015134445, -8.192555124908352582, 73.48709854174381917 ) ) ;
#3290 = CARTESIAN_POINT ( 'NONE',  ( -13.70415420943811036, -8.156331711819731822, 14.54602434923310916 ) ) ;
#3291 = CARTESIAN_POINT ( 'NONE',  ( -32.60399342703875192, -3.850426527619744022, 42.99245850205209507 ) ) ;
#3292 = CARTESIAN_POINT ( 'NONE',  ( 29.03518863777850001, 18.08894905958980104, 16.00000000000000000 ) ) ;
#3293 = ORIENTED_EDGE ( 'NONE', *, *, #2708, .F. ) ;
#3294 = EDGE_CURVE ( 'NONE', #1160, #3493, #1907, .T. ) ;
#3295 = EDGE_CURVE ( 'NONE', #1196, #655, #3363, .T. ) ;
#3296 = AXIS2_PLACEMENT_3D ( 'NONE', #3305, #483, #1340 ) ;
#3297 = DATE_AND_TIME ( #3318, #2893 ) ;
#3298 = ORIENTED_EDGE ( 'NONE', *, *, #2882, .T. ) ;
#3299 = CARTESIAN_POINT ( 'NONE',  ( 28.83331468808009745, -6.942572111215190134, 45.68231904544949629 ) ) ;
#3300 = CARTESIAN_POINT ( 'NONE',  ( 15.18235439125678354, -9.936617882734932294, 15.40078561955647274 ) ) ;
#3301 = CARTESIAN_POINT ( 'NONE',  ( 14.49258361276571883, 0.3658928873104221324, 16.00000000000001066 ) ) ;
#3302 = CYLINDRICAL_SURFACE ( 'NONE', #3261, 32.49999999999999289 ) ;
#3303 = CARTESIAN_POINT ( 'NONE',  ( 14.94704009877199624, -9.928508579975350301, 72.86724793193619121 ) ) ;
#3304 = ORIENTED_EDGE ( 'NONE', *, *, #1020, .T. ) ;
#3305 = CARTESIAN_POINT ( 'NONE',  ( -0.1219322952180233871, 3.035766082959410049E-15, 44.07183087840034830 ) ) ;
#3306 = CARTESIAN_POINT ( 'NONE',  ( -18.95167192288151981, -7.983419173318702988, 70.56131164012064971 ) ) ;
#3307 = LOCAL_TIME ( 15, 57, 46.00000000000000000, #398 ) ;
#3308 = DIRECTION ( 'NONE',  ( -0.9649312920561877727, 6.938591668986766833E-18, -0.2625025744840914221 ) ) ;
#3309 = DIRECTION ( 'NONE',  ( -0.003815420562027385925, 0.000000000000000000, 0.9999927212564774237 ) ) ;
#3310 = CARTESIAN_POINT ( 'NONE',  ( -32.57351800524928365, -4.371309205268448572, 45.84452055886681876 ) ) ;
#3311 = VECTOR ( 'NONE', #3285, 1000.000000000000000 ) ;
#3312 = CIRCLE ( 'NONE', #2030, 1.499999999999998224 ) ;
#3313 = CARTESIAN_POINT ( 'NONE',  ( -56.00000000000000000, 35.00000000000000000, 16.00000000000000000 ) ) ;
#3314 = CARTESIAN_POINT ( 'NONE',  ( 14.05365108588684109, 1.980580833203298141, 18.77240427597984151 ) ) ;
#3315 = AXIS2_PLACEMENT_3D ( 'NONE', #2795, #3356, #289 ) ;
#3316 = EDGE_CURVE ( 'NONE', #173, #3066, #2486, .T. ) ;
#3317 = B_SPLINE_CURVE_WITH_KNOTS ( 'NONE', 3,
 ( #2867, #659, #2347, #2887, #967, #3130, #1801, #382, #3484, #2309, #1505, #677, #417, #1207, #146, #2041, #2583, #1266, #2387, #2620, #2906, #2095, #3147, #2024, #1764, #624, #399, #73, #1746, #112, #1225, #2850, #3428, #640, #363, #1485, #346, #2600, #3464, #1523, #2638, #129, #1243, #3523, #3541, #2165, #715, #1559, #1913, #458, #3017, #2675, #492, #985, #3558, #2743, #2405, #2455, #201, #2942, #3227, #1001, #1350, #1016, #185, #1332, #2710, #511, #2113, #1614, #1632, #2725, #2422, #234, #2470, #216, #1838, #1578, #2997, #437, #2131, #166, #1284, #3281, #766, #3243, #2693, #731, #2148, #476, #3575, #1051, #2962, #1858, #1301 ),
 .UNSPECIFIED., .F., .F.,
 ( 4, 2, 2, 1, 1, 1, 2, 2, 2, 2, 2, 1, 1, 2, 2, 2, 2, 1, 1, 1, 2, 2, 2, 2, 1, 1, 2, 2, 2, 2, 2, 1, 1, 1, 2, 2, 2, 2, 1, 1, 1, 2, 2, 2, 2, 2, 1, 2, 2, 2, 2, 2, 1, 1, 2, 2, 4 ),
 ( 0.000000000000000000, 0.06249999999981374621, 0.09374999999972051523, 0.1093749999996738581, 0.1171874999996506128, 0.1210937499996390943, 0.1230468749996336403, 0.1249999999996282141, 0.1874999999994901301, 0.2187499999994210464, 0.2343749999993870181, 0.2421874999993693101, 0.2460937499993605948, 0.2480468749993562372, 0.2499999999993518518, 0.2812499999992891797, 0.2968749999992572608, 0.3046874999992425503, 0.3085937499992349453, 0.3105468749992324473, 0.3115234374992324473, 0.3124999999992325028, 0.3437499999992396638, 0.3593749999992431610, 0.3671874999992448818, 0.3710937499992458810, 0.3730468749992475463, 0.3749999999992492117, 0.4999999999993630651, 0.5624999999994199085, 0.5937499999994494404, 0.6093749999994650945, 0.6171874999994718669, 0.6210937499994753086, 0.6230468749994779731, 0.6249999999994807487, 0.6562499999995196065, 0.6718749999995400346, 0.6796874999995503597, 0.6835937499995556887, 0.6855468749995584643, 0.6865234374995599076, 0.6874999999995614619, 0.7187499999995932143, 0.7343749999996097566, 0.7421874999996186384, 0.7460937499996235234, 0.7480468749996259659, 0.7499999999996282973, 0.8124999999997055689, 0.8437499999997438715, 0.8593749999997634115, 0.8671874999997728484, 0.8710937499997774003, 0.8730468749997802869, 0.8749999999997830624, 1.000000000000000000 ),
 .UNSPECIFIED. ) ;
#3318 = CALENDAR_DATE ( 2025, 4, 11 ) ;
#3319 = VERTEX_POINT ( 'NONE', #2623 ) ;
#3320 = VECTOR ( 'NONE', #1415, 1000.000000000000000 ) ;
#3321 = CARTESIAN_POINT ( 'NONE',  ( 16.48459704029815853, -0.8329285520765150608, 16.71778676518474782 ) ) ;
#3322 = CARTESIAN_POINT ( 'NONE',  ( -29.08862554020219804, -6.942572111215190134, 45.46132087512080489 ) ) ;
#3323 = CARTESIAN_POINT ( 'NONE',  ( -0.1925175756155884932, 47.55742788878480098, 62.57169622164519751 ) ) ;
#3324 = LINE ( 'NONE', #3053, #504 ) ;
#3325 = EDGE_LOOP ( 'NONE', ( #1441, #1920, #1033, #815 ) ) ;
#3326 = CARTESIAN_POINT ( 'NONE',  ( 18.50516693423639936, -5.901889304045903728, 70.70419573430585558 ) ) ;
#3327 = CARTESIAN_POINT ( 'NONE',  ( -18.19554650066914547, -9.423052075912966785, 71.08355517454049277 ) ) ;
#3328 = CARTESIAN_POINT ( 'NONE',  ( -17.56061570802577521, -9.909195514809535865, 71.49702827287789830 ) ) ;
#3329 = CARTESIAN_POINT ( 'NONE',  ( -14.88927396942666803, -9.751161313589841839, 15.12044390749340117 ) ) ;
#3330 = CARTESIAN_POINT ( 'NONE',  ( -32.57025483943942845, -4.230618119052937942, 42.23974589444362948 ) ) ;
#3331 = EDGE_CURVE ( 'NONE', #2127, #2360, #2640, .T. ) ;
#3332 = CARTESIAN_POINT ( 'NONE',  ( -14.89068462847137475, -8.442401280058424717, 69.03026756268489805 ) ) ;
#3333 = CARTESIAN_POINT ( 'NONE',  ( 15.26129369709007833, 1.759030442254366333, 19.48776686568890781 ) ) ;
#3334 = ORIENTED_EDGE ( 'NONE', *, *, #2218, .F. ) ;
#3335 = CARTESIAN_POINT ( 'NONE',  ( 17.17177217893980057, -1.402512490832965972E-14, 17.14734786459865035 ) ) ;
#3336 = CARTESIAN_POINT ( 'NONE',  ( -29.10392027273737625, -8.143122743914666728, 43.04026925384837199 ) ) ;
#3337 = CARTESIAN_POINT ( 'NONE',  ( 18.07308561461093177, -4.620359261366950854, 17.14246535943075500 ) ) ;
#3338 = DIRECTION ( 'NONE',  ( -7.258656485343220329E-18, -1.000000000000000000, -2.769502879193385353E-20 ) ) ;
#3339 = EDGE_CURVE ( 'NONE', #2715, #3241, #3230, .T. ) ;
#3340 = ADVANCED_FACE ( 'NONE', ( #1227 ), #2677, .F. ) ;
#3341 = ORIENTED_EDGE ( 'NONE', *, *, #2856, .T. ) ;
#3342 = CARTESIAN_POINT ( 'NONE',  ( 18.40685157295877517, -5.580521095669627840, 70.77271550845223658 ) ) ;
#3343 = DIRECTION ( 'NONE',  ( 0.003815420562034336962, 0.000000000000000000, -0.9999927212564774237 ) ) ;
#3344 = CARTESIAN_POINT ( 'NONE',  ( -17.51976380066179217, -9.931296603334601514, 71.52297758859232601 ) ) ;
#3345 = CARTESIAN_POINT ( 'NONE',  ( -18.09764732272564203, -9.280986878959184949, 16.99558379770700256 ) ) ;
#3346 = CARTESIAN_POINT ( 'NONE',  ( -32.58716443571677956, -4.031283460650469053, 42.56653012607161202 ) ) ;
#3347 = CARTESIAN_POINT ( 'NONE',  ( 28.84476436665667975, -6.743363343506799445, 42.68241211358456155 ) ) ;
#3348 = DIRECTION ( 'NONE',  ( -1.000000000000000000, 0.000000000000000000, 0.000000000000000000 ) ) ;
#3349 = CARTESIAN_POINT ( 'NONE',  ( -15.68442037532462940, -7.932170852896906155, 68.54250519246687645 ) ) ;
#3350 = CARTESIAN_POINT ( 'NONE',  ( 14.80939539149562023, 2.019553180083927924, 19.21042954088093424 ) ) ;
#3351 = VECTOR ( 'NONE', #214, 1000.000000000000000 ) ;
#3352 = ORIENTED_EDGE ( 'NONE', *, *, #3150, .T. ) ;
#3353 = DIRECTION ( 'NONE',  ( -0.8641113899266240628, 0.000000000000000000, -0.5033006117610804298 ) ) ;
#3354 = CARTESIAN_POINT ( 'NONE',  ( -29.09540193898681082, -7.932170852866569533, 42.82965801193244459 ) ) ;
#3355 = DIRECTION ( 'NONE',  ( -3.965082230804129727E-16, 1.000000000000000000, 0.000000000000000000 ) ) ;
#3356 = DIRECTION ( 'NONE',  ( 7.259729428968469839E-18, 1.000000000000000000, -2.535153379615575214E-19 ) ) ;
#3357 = CARTESIAN_POINT ( 'NONE',  ( 14.49728349282978002, -4.244965584549002635, 73.09817359140423321 ) ) ;
#3358 = EDGE_CURVE ( 'NONE', #3398, #2378, #1258, .T. ) ;
#3359 = CARTESIAN_POINT ( 'NONE',  ( 17.74226343605485212, -9.408906975804262274, 71.22167604612566549 ) ) ;
#3360 = FACE_BOUND ( 'NONE', #2251, .T. ) ;
#3361 = CARTESIAN_POINT ( 'NONE',  ( -15.19724529764989285, -9.931727740321495190, 15.27973166198241017 ) ) ;
#3362 = CARTESIAN_POINT ( 'NONE',  ( -18.24149557485243278, -4.792946878552240442, 17.09157113690003271 ) ) ;
#3363 = CIRCLE ( 'NONE', #2718, 1.499999999999998002 ) ;
#3364 = CARTESIAN_POINT ( 'NONE',  ( -18.35227088507686233, -4.664881216004526543, 70.97730962797091081 ) ) ;
#3365 = CARTESIAN_POINT ( 'NONE',  ( 15.43799378317264370, 1.947003616908734802, 16.10864221844111199 ) ) ;
#3366 = CARTESIAN_POINT ( 'NONE',  ( -13.85309607808046906, -8.073088471791836085, 69.61512623207867989 ) ) ;
#3367 = DIRECTION ( 'NONE',  ( 0.000000000000000000, 0.000000000000000000, 1.000000000000000000 ) ) ;
#3368 = ORIENTED_EDGE ( 'NONE', *, *, #1193, .F. ) ;
#3369 = FACE_OUTER_BOUND ( 'NONE', #2199, .T. ) ;
#3370 = CARTESIAN_POINT ( 'NONE',  ( -29.08754083706077509, -7.692771827375296745, 42.65883810228088890 ) ) ;
#3371 = CARTESIAN_POINT ( 'NONE',  ( 28.83385064299666922, -7.139545488630924197, 45.67276697445723244 ) ) ;
#3372 = DIRECTION ( 'NONE',  ( 0.4966921094954057092, -3.385817565753302933E-18, 0.8679268104886517232 ) ) ;
#3373 = CARTESIAN_POINT ( 'NONE',  ( 17.73966939732091319, -4.471957943175265626, 71.22353795283075328 ) ) ;
#3374 = AXIS2_PLACEMENT_3D ( 'NONE', #1254, #1216, #1791 ) ;
#3375 = CARTESIAN_POINT ( 'NONE',  ( 13.33450343429928608, -6.189859812910857073, 18.38278107253752935 ) ) ;
#3376 = CARTESIAN_POINT ( 'NONE',  ( 14.71867104764930012, -6.942572111215190134, 73.02449038352479249 ) ) ;
#3377 = CARTESIAN_POINT ( 'NONE',  ( -18.54571874860232938, -8.559225202047690217, 17.29809872057194653 ) ) ;
#3378 = CARTESIAN_POINT ( 'NONE',  ( -18.76824926942397909, -5.978333666246816946, 17.45290449794810073 ) ) ;
#3379 = VERTEX_POINT ( 'NONE', #2457 ) ;
#3380 = LINE ( 'NONE', #2279, #1496 ) ;
#3381 = CARTESIAN_POINT ( 'NONE',  ( 15.66857469841111516, 2.038033344175818051, 16.23778022210618133 ) ) ;
#3382 = CARTESIAN_POINT ( 'NONE',  ( -0.03990075313449469724, 52.55742788878480098, 22.57198737138609701 ) ) ;
#3383 = CARTESIAN_POINT ( 'NONE',  ( -0.04562388397754599950, 47.55742788878480098, 24.07197645327079982 ) ) ;
#3384 = EDGE_CURVE ( 'NONE', #2069, #2206, #433, .T. ) ;
#3385 =( BOUNDED_CURVE ( )  B_SPLINE_CURVE ( 3, ( #1580, #3301, #2759, #1037 ),
 .UNSPECIFIED., .F., .F. ) 
 B_SPLINE_CURVE_WITH_KNOTS ( ( 4, 4 ),
 ( 3.141592653589795336, 3.522344515983800051 ),
 .UNSPECIFIED. ) 
 CURVE ( )  GEOMETRIC_REPRESENTATION_ITEM ( )  RATIONAL_B_SPLINE_CURVE ( ( 1.000000000000000000, 0.9879554451853179708, 0.9879554451853179708, 1.000000000000000000 ) ) 
 REPRESENTATION_ITEM ( '' )  );
#3386 = ORIENTED_EDGE ( 'NONE', *, *, #2129, .T. ) ;
#3387 = AXIS2_PLACEMENT_3D ( 'NONE', #3156, #2120, #79 ) ;
#3388 = DIRECTION ( 'NONE',  ( -0.2551317479660530352, 1.607061881787625037E-18, -0.9669062990692460779 ) ) ;
#3389 = CIRCLE ( 'NONE', #3088, 32.49999999999999289 ) ;
#3390 = CARTESIAN_POINT ( 'NONE',  ( 15.13362848595976118, -8.073088471845826675, 68.73501521475145637 ) ) ;
#3391 = CARTESIAN_POINT ( 'NONE',  ( 28.87861968650245004, -8.442741925432168060, 43.98469902443063262 ) ) ;
#3392 = DIRECTION ( 'NONE',  ( 0.9999927212564774237, -7.258709319626672568E-18, 0.003815420562034441479 ) ) ;
#3393 = CARTESIAN_POINT ( 'NONE',  ( 17.91458097944372341, -4.680336206230916396, 71.10762628126377649 ) ) ;
#3394 = CARTESIAN_POINT ( 'NONE',  ( 17.03849644266065155, -9.945540843778891471, 71.67200696601022969 ) ) ;
#3395 = FACE_BOUND ( 'NONE', #1603, .T. ) ;
#3396 = CARTESIAN_POINT ( 'NONE',  ( -18.58279282085267781, -8.473259802726946788, 17.32373810209765352 ) ) ;
#3397 = CARTESIAN_POINT ( 'NONE',  ( -32.53934616280629655, -4.643986633895855753, 41.75640495399124319 ) ) ;
#3398 = VERTEX_POINT ( 'NONE', #1635 ) ;
#3399 = CARTESIAN_POINT ( 'NONE',  ( -17.36301116749899975, -3.877289897543674257, 71.62174889715392112 ) ) ;
#3400 = CARTESIAN_POINT ( 'NONE',  ( 32.37783114561749898, -6.942572111215190134, 44.19583204666644605 ) ) ;
#3401 = CARTESIAN_POINT ( 'NONE',  ( -15.95440978387571640, -7.330748341180509442, 68.36860059208470375 ) ) ;
#3402 = CARTESIAN_POINT ( 'NONE',  ( 15.56468798254332775, -6.743363343550131894, 68.46301666889468152 ) ) ;
#3403 = EDGE_CURVE ( 'NONE', #351, #1481, #3385, .T. ) ;
#3404 = EDGE_CURVE ( 'NONE', #1943, #2105, #2695, .T. ) ;
#3405 = ORIENTED_EDGE ( 'NONE', *, *, #305, .T. ) ;
#3406 = EDGE_LOOP ( 'NONE', ( #3040, #1876, #3434, #3555, #1911, #939, #3224 ) ) ;
#3407 = CARTESIAN_POINT ( 'NONE',  ( 32.35420159065809287, -3.912654873688549362, 45.31736501729862709 ) ) ;
#3408 = CARTESIAN_POINT ( 'NONE',  ( -32.56545029857218765, -9.594993968688568131, 42.15669916787816618 ) ) ;
#3409 = CARTESIAN_POINT ( 'NONE',  ( 28.87730844971464705, -8.404673227441838534, 43.79290706605101491 ) ) ;
#3410 = CARTESIAN_POINT ( 'NONE',  ( 0.002068873048088229732, -3.442572111215190134, 11.57206743756481870 ) ) ;
#3411 = AXIS2_PLACEMENT_3D ( 'NONE', #444, #1323, #3024 ) ;
#3412 = CARTESIAN_POINT ( 'NONE',  ( 17.09442653318415140, -3.969088287236967716, 71.63715550993813963 ) ) ;
#3413 = CARTESIAN_POINT ( 'NONE',  ( -56.00000000000000000, 35.00000000000000000, 16.00000000000000000 ) ) ;
#3414 = LINE ( 'NONE', #2799, #1852 ) ;
#3415 = CARTESIAN_POINT ( 'NONE',  ( -18.14729592808929226, -9.219155893811343816, 17.02860071547035403 ) ) ;
#3416 = CARTESIAN_POINT ( 'NONE',  ( -15.36179629773914002, -3.876672816626334228, 15.36644230214164608 ) ) ;
#3417 = CARTESIAN_POINT ( 'NONE',  ( -0.1219322952180233871, -2.692572111215184805, 44.07183087840034830 ) ) ;
#3418 = CARTESIAN_POINT ( 'NONE',  ( 15.75041486158989734, 0.5574278887848129749, 19.80109550153605014 ) ) ;
#3419 = CARTESIAN_POINT ( 'NONE',  ( -15.80855098542538428, -7.142223217659863010, 19.68064406690232815 ) ) ;
#3420 = CARTESIAN_POINT ( 'NONE',  ( 15.53258532645291012, -6.551758841816332612, 68.48375186313826646 ) ) ;
#3421 = AXIS2_PLACEMENT_3D ( 'NONE', #2386, #944, #3463 ) ;
#3422 = ORIENTED_EDGE ( 'NONE', *, *, #2423, .F. ) ;
#3423 = VERTEX_POINT ( 'NONE', #236 ) ;
#3424 = CARTESIAN_POINT ( 'NONE',  ( 32.35796050866446905, -3.976295570425251835, 42.92916194562658916 ) ) ;
#3425 = CARTESIAN_POINT ( 'NONE',  ( -32.58120159204052868, -9.624748808103140263, 45.69843419452418942 ) ) ;
#3426 = CARTESIAN_POINT ( 'NONE',  ( 28.87708407874422178, -8.442401280072424186, 44.38272723913230777 ) ) ;
#3427 = CIRCLE ( 'NONE', #3257, 28.99999999999998934 ) ;
#3428 = CARTESIAN_POINT ( 'NONE',  ( 32.32351009691451793, -9.618914554435466613, 45.95418354847225118 ) ) ;
#3429 = ADVANCED_FACE ( 'NONE', ( #2152 ), #1933, .T. ) ;
#3430 = CARTESIAN_POINT ( 'NONE',  ( 17.72856942822112813, -9.620969610425641250, 16.91286207976532907 ) ) ;
#3431 = DIRECTION ( 'NONE',  ( -7.258656485343231114E-18, -1.000000000000000000, -2.769502879193055538E-20 ) ) ;
#3432 = CARTESIAN_POINT ( 'NONE',  ( -15.32530638279161117, -4.001848170331776089, 72.79651499602071851 ) ) ;
#3433 = CARTESIAN_POINT ( 'NONE',  ( -17.77111212128297879, -4.269706666024081443, 16.78160523641972901 ) ) ;
#3434 = ORIENTED_EDGE ( 'NONE', *, *, #1002, .F. ) ;
#3435 = VECTOR ( 'NONE', #2806, 1000.000000000000000 ) ;
#3436 = FACE_OUTER_BOUND ( 'NONE', #387, .T. ) ;
#3437 = VECTOR ( 'NONE', #371, 1000.000000000000114 ) ;
#3438 = CARTESIAN_POINT ( 'NONE',  ( 28.86703978922942682, -5.743464067162174835, 43.26025903393455252 ) ) ;
#3439 = CARTESIAN_POINT ( 'NONE',  ( 15.12501635211152795, -0.7515198917248413490, 19.40273426479192409 ) ) ;
#3440 = CARTESIAN_POINT ( 'NONE',  ( -13.86252232736232060, -8.251519891724729661, 18.53303771281823131 ) ) ;
#3441 = ORIENTED_EDGE ( 'NONE', *, *, #1267, .F. ) ;
#3442 = ORIENTED_EDGE ( 'NONE', *, *, #712, .F. ) ;
#3443 = VERTEX_POINT ( 'NONE', #187 ) ;
#3444 = CARTESIAN_POINT ( 'NONE',  ( 32.31019983714710264, -4.435279814405023835, 46.16860238371551617 ) ) ;
#3445 = CARTESIAN_POINT ( 'NONE',  ( -32.59372145852314162, -9.925686836387836109, 42.71797987935975982 ) ) ;
#3446 = CARTESIAN_POINT ( 'NONE',  ( 14.15110005637601454, -4.565676625686629464, 73.26994283848718226 ) ) ;
#3447 = CARTESIAN_POINT ( 'NONE',  ( 18.02700274017027127, -9.325705749225935648, 17.11116344542581658 ) ) ;
#3448 = CARTESIAN_POINT ( 'NONE',  ( 13.62870102718996002, -5.902305359960547726, 14.62405057533077724 ) ) ;
#3449 = CARTESIAN_POINT ( 'NONE',  ( -0.1982407064586399759, 47.55742788878480098, 64.07168530352990388 ) ) ;
#3450 = AXIS2_PLACEMENT_3D ( 'NONE', #1067, #248, #1982 ) ;
#3451 = EDGE_CURVE ( 'NONE', #973, #2109, #3543, .T. ) ;
#3452 = CARTESIAN_POINT ( 'NONE',  ( -16.96375688355535161, -3.772149674907111283, 16.27316668477430639 ) ) ;
#3453 = VERTEX_POINT ( 'NONE', #3266 ) ;
#3454 = CARTESIAN_POINT ( 'NONE',  ( -29.08862554020219804, -6.942572111215190134, 45.46132087512080489 ) ) ;
#3455 = CARTESIAN_POINT ( 'NONE',  ( 28.84336584060040920, -6.185001915962537566, 45.49214769231695499 ) ) ;
#3456 = FACE_OUTER_BOUND ( 'NONE', #3269, .T. ) ;
#3457 = CARTESIAN_POINT ( 'NONE',  ( -14.86310777493319790, -8.404673227422200910, 19.09721360902286946 ) ) ;
#3458 = ORIENTED_EDGE ( 'NONE', *, *, #1952, .T. ) ;
#3459 = ORIENTED_EDGE ( 'NONE', *, *, #2045, .T. ) ;
#3460 = EDGE_LOOP ( 'NONE', ( #86, #2789 ) ) ;
#3461 = CARTESIAN_POINT ( 'NONE',  ( 32.27255192335811529, -5.416332617407210392, 41.45005370015116597 ) ) ;
#3462 = CARTESIAN_POINT ( 'NONE',  ( -32.56135258542642674, -9.543370052369120060, 42.08885916157879592 ) ) ;
#3463 = DIRECTION ( 'NONE',  ( 0.8641113899266249510, 0.000000000000000000, 0.5033006117610789865 ) ) ;
#3464 = CARTESIAN_POINT ( 'NONE',  ( 32.34297211748504708, -9.849684489464294757, 45.58216328329388745 ) ) ;
#3465 = B_SPLINE_CURVE_WITH_KNOTS ( 'NONE', 3,
 ( #824, #1951, #1111, #1408, #3375, #859, #1987, #946, #130, #1244, #2076, #149, #987, #928, #2584, #2058, #74, #1185, #2388, #3467, #347, #1802 ),
 .UNSPECIFIED., .F., .F.,
 ( 4, 2, 2, 2, 2, 2, 2, 2, 2, 2, 4 ),
 ( 0.000000000000000000, 0.1250000000000000278, 0.1875000000000001110, 0.2500000000000001665, 0.3749999999999996114, 0.4374999999999997780, 0.4999999999999998890, 0.6249999999999998890, 0.7499999999999998890, 0.8750000000000000000, 1.000000000000000000 ),
 .UNSPECIFIED. ) ;
#3466 = CIRCLE ( 'NONE', #3529, 1.499999999999998224 ) ;
#3467 = CARTESIAN_POINT ( 'NONE',  ( 15.71850632086635180, -6.552171845061937283, 19.78013887477897015 ) ) ;
#3468 = CARTESIAN_POINT ( 'NONE',  ( 15.16792910953599893, -3.955822019057132266, 15.39309118208310601 ) ) ;
#3469 = CARTESIAN_POINT ( 'NONE',  ( 0.0001611627670713604906, 3.035766082959410049E-15, 12.07206379819306186 ) ) ;
#3470 = CARTESIAN_POINT ( 'NONE',  ( -13.77867811545515231, -5.534000583784344229, 14.58030573000853103 ) ) ;
#3471 = ORIENTED_EDGE ( 'NONE', *, *, #1595, .T. ) ;
#3472 = CARTESIAN_POINT ( 'NONE',  ( 18.84132338467145118, -6.942572111215190134, 70.66520287074619944 ) ) ;
#3473 = ADVANCED_FACE ( 'NONE', ( #751 ), #1191, .F. ) ;
#3474 = DIRECTION ( 'NONE',  ( 0.000000000000000000, -1.000000000000000000, 0.000000000000000000 ) ) ;
#3475 = DIRECTION ( 'NONE',  ( -0.8679268104886571633, 0.000000000000000000, 0.4966921094953961613 ) ) ;
#3476 = CARTESIAN_POINT ( 'NONE',  ( -14.69766668508804841, -8.442741925432066807, 19.00018206544025290 ) ) ;
#3477 = EDGE_LOOP ( 'NONE', ( #2052, #85, #1855, #393 ) ) ;
#3478 = ORIENTED_EDGE ( 'NONE', *, *, #232, .F. ) ;
#3479 = EDGE_LOOP ( 'NONE', ( #1660, #378 ) ) ;
#3480 = CARTESIAN_POINT ( 'NONE',  ( 32.29709115824889665, -4.620361394906461250, 46.36449793208392123 ) ) ;
#3481 =( GEOMETRIC_REPRESENTATION_CONTEXT ( 3 ) GLOBAL_UNCERTAINTY_ASSIGNED_CONTEXT ( ( #376 ) ) GLOBAL_UNIT_ASSIGNED_CONTEXT ( ( #2112, #3504, #1204 ) ) REPRESENTATION_CONTEXT ( 'NONE', 'WORKASPACE' ) );
#3482 = CARTESIAN_POINT ( 'NONE',  ( -32.60094496401773512, -9.896940509849692091, 45.24264393389689332 ) ) ;
#3483 = APPLICATION_PROTOCOL_DEFINITION ( 'international standard', 'config_control_design', 1994, #1673 ) ;
#3484 = CARTESIAN_POINT ( 'NONE',  ( 32.23786643909371463, -8.116180913495387728, 47.08738317554031028 ) ) ;
#3485 = CIRCLE ( 'NONE', #29, 1.499999999999998224 ) ;
#3486 = VECTOR ( 'NONE', #3175, 1000.000000000000000 ) ;
#3487 = CARTESIAN_POINT ( 'NONE',  ( 18.78149138981006772, -7.649762178835798565, 17.63481704364246383 ) ) ;
#3488 = DIRECTION ( 'NONE',  ( 7.258656485343220329E-18, 1.000000000000000000, 2.769502879193380538E-20 ) ) ;
#3489 = DIRECTION ( 'NONE',  ( 0.000000000000000000, -1.000000000000000000, 0.000000000000000000 ) ) ;
#3490 = CARTESIAN_POINT ( 'NONE',  ( 15.23945797827250104, -23.03496852034945164, 16.00000000000000000 ) ) ;
#3491 = CARTESIAN_POINT ( 'NONE',  ( -18.06409047983570559, -4.558915101051356444, 16.97311797315574111 ) ) ;
#3492 = AXIS2_PLACEMENT_3D ( 'NONE', #509, #2739, #3367 ) ;
#3493 = VERTEX_POINT ( 'NONE', #1352 ) ;
#3494 = DIRECTION ( 'NONE',  ( 0.003815420562033917159, 0.000000000000000000, -0.9999927212564774237 ) ) ;
#3495 = CARTESIAN_POINT ( 'NONE',  ( 28.87147610285587263, -5.631633486446176562, 43.42772538536524962 ) ) ;
#3496 = DIRECTION ( 'NONE',  ( -7.259729428968469839E-18, -1.000000000000000000, 2.535153379615575214E-19 ) ) ;
#3497 = CARTESIAN_POINT ( 'NONE',  ( -17.56631606955130209, -6.942572111215190134, 16.60924770176200127 ) ) ;
#3498 = VERTEX_POINT ( 'NONE', #2204 ) ;
#3499 = VERTEX_POINT ( 'NONE', #3323 ) ;
#3500 = EDGE_CURVE ( 'NONE', #1103, #2285, #3087, .T. ) ;
#3501 = EDGE_LOOP ( 'NONE', ( #1401, #3624, #992, #2918, #1518 ) ) ;
#3502 = CARTESIAN_POINT ( 'NONE',  ( 32.26964355900653203, -5.057847006747872243, 46.72973276141182453 ) ) ;
#3503 = CARTESIAN_POINT ( 'NONE',  ( -56.00000000000000000, 35.00000000000000000, 0.000000000000000000 ) ) ;
#3504 =( NAMED_UNIT ( * ) PLANE_ANGLE_UNIT ( ) SI_UNIT ( $, .RADIAN. ) );
#3505 = CARTESIAN_POINT ( 'NONE',  ( 13.89588772381750204, -4.864411521236825742, 73.39389073877460135 ) ) ;
#3506 = CARTESIAN_POINT ( 'NONE',  ( 18.82681335841143166, -7.343417069004404496, 17.66726632159242882 ) ) ;
#3507 = CARTESIAN_POINT ( 'NONE',  ( 14.86336403344582280, -4.136022016723304162, 15.23306286756782235 ) ) ;
#3508 = CARTESIAN_POINT ( 'NONE',  ( -14.93657885483535352, -4.265485428350840991, 72.99891560791252232 ) ) ;
#3509 = DIRECTION ( 'NONE',  ( 0.000000000000000000, -1.000000000000000000, 0.000000000000000000 ) ) ;
#3510 = CARTESIAN_POINT ( 'NONE',  ( 14.40945840233531783, -9.576397031614012789, 73.14229138902176430 ) ) ;
#3511 = VECTOR ( 'NONE', #2081, 999.9999999999998863 ) ;
#3512 = EDGE_LOOP ( 'NONE', ( #143, #2807, #2401, #411 ) ) ;
#3513 = CARTESIAN_POINT ( 'NONE',  ( -16.89459319205105103, -6.942572111215190134, 69.88830520150010273 ) ) ;
#3514 = CARTESIAN_POINT ( 'NONE',  ( -29.08862554020219804, -6.942572111215190134, 45.46132087512080489 ) ) ;
#3515 = CARTESIAN_POINT ( 'NONE',  ( -56.00000000000000000, 35.00000000000000000, 0.000000000000000000 ) ) ;
#3516 = CARTESIAN_POINT ( 'NONE',  ( -16.69710488231140033, -6.942572111215190134, 18.12811961246865167 ) ) ;
#3517 = ORIENTED_EDGE ( 'NONE', *, *, #1176, .F. ) ;
#3518 = ORIENTED_EDGE ( 'NONE', *, *, #761, .F. ) ;
#3519 = ORIENTED_EDGE ( 'NONE', *, *, #1636, .F. ) ;
#3520 = EDGE_CURVE ( 'NONE', #682, #2901, #269, .T. ) ;
#3521 = CARTESIAN_POINT ( 'NONE',  ( -32.50546029380772950, -8.167462256927560560, 46.82085268190510163 ) ) ;
#3522 = PERSON_AND_ORGANIZATION ( #1430, #1126 ) ;
#3523 = CARTESIAN_POINT ( 'NONE',  ( 32.35006103559215518, -9.927902770283898448, 45.42078283168302022 ) ) ;
#3524 = CARTESIAN_POINT ( 'NONE',  ( 14.10833174546181112, -8.442401280072827419, 69.34116392335754142 ) ) ;
#3525 = DIRECTION ( 'NONE',  ( 0.000000000000000000, 0.000000000000000000, -1.000000000000000000 ) ) ;
#3526 = CARTESIAN_POINT ( 'NONE',  ( -16.64585495198389964, -3.692464730609415824, 72.05839599891659475 ) ) ;
#3527 = CARTESIAN_POINT ( 'NONE',  ( -13.72074326235731689, -5.740969557749873609, 18.45753437056051283 ) ) ;
#3528 = CARTESIAN_POINT ( 'NONE',  ( -20.12178672034754712, 52.55742788878480098, 43.99552246715965254 ) ) ;
#3529 = AXIS2_PLACEMENT_3D ( 'NONE', #1905, #3536, #508 ) ;
#3530 = ORIENTED_EDGE ( 'NONE', *, *, #2505, .F. ) ;
#3531 = CARTESIAN_POINT ( 'NONE',  ( -16.26442585381840189, -6.942572111215190134, 15.86420953751895091 ) ) ;
#3532 = CARTESIAN_POINT ( 'NONE',  ( -19.07065464701762636, -7.343761849408150688, 70.47641257925057801 ) ) ;
#3533 = CARTESIAN_POINT ( 'NONE',  ( 14.05839443634869923, -6.942572111215190134, 16.74545471226814897 ) ) ;
#3534 = CARTESIAN_POINT ( 'NONE',  ( -32.57544833145176710, -4.343108450899329398, 45.80889960314227949 ) ) ;
#3535 = APPROVAL ( #1283, '未指定' ) ;
#3536 = DIRECTION ( 'NONE',  ( 7.258656485343231114E-18, 1.000000000000000000, 2.769502879193055538E-20 ) ) ;
#3537 = ORIENTED_EDGE ( 'NONE', *, *, #2485, .T. ) ;
#3538 = ORIENTED_EDGE ( 'NONE', *, *, #2974, .T. ) ;
#3539 = CARTESIAN_POINT ( 'NONE',  ( -32.55520775567334368, -9.226925755398497131, 46.15333497800418883 ) ) ;
#3540 = EDGE_CURVE ( 'NONE', #3580, #32, #3630, .T. ) ;
#3541 = CARTESIAN_POINT ( 'NONE',  ( 32.35023404459457197, -9.929780805555740386, 45.41661806274125723 ) ) ;
#3542 = CARTESIAN_POINT ( 'NONE',  ( 13.54409234080914892, -7.754610590971870998, 14.58429782997349022 ) ) ;
#3543 = LINE ( 'NONE', #1070, #2660 ) ;
#3544 = CARTESIAN_POINT ( 'NONE',  ( -14.94408674353391753, -5.519419166795766607, 19.14570225568418849 ) ) ;
#3545 = FACE_OUTER_BOUND ( 'NONE', #2614, .T. ) ;
#3546 = EDGE_CURVE ( 'NONE', #3453, #922, #2794, .T. ) ;
#3547 = ORIENTED_EDGE ( 'NONE', *, *, #600, .T. ) ;
#3548 = DIRECTION ( 'NONE',  ( 0.003815420562034338263, 0.000000000000000000, -0.9999927212564774237 ) ) ;
#3549 = CARTESIAN_POINT ( 'NONE',  ( -18.97087406173030288, -7.906627134365247223, 70.54766458014594832 ) ) ;
#3550 = CARTESIAN_POINT ( 'NONE',  ( -0.1219322952180235953, -10.44257211121519902, 44.07183087840034830 ) ) ;
#3551 = CARTESIAN_POINT ( 'NONE',  ( -13.69033568204324602, -8.116325805187747378, 14.53966944602447775 ) ) ;
#3552 = CARTESIAN_POINT ( 'NONE',  ( -32.50995541288578750, -5.580877827664505020, 46.76794451827947086 ) ) ;
#3553 = CARTESIAN_POINT ( 'NONE',  ( 32.21765528606842111, -6.545969499422659155, 47.29690065629731066 ) ) ;
#3554 = EDGE_LOOP ( 'NONE', ( #2286, #1259, #527, #2880, #3368, #2555 ) ) ;
#3555 = ORIENTED_EDGE ( 'NONE', *, *, #1109, .F. ) ;
#3556 = AXIS2_PLACEMENT_3D ( 'NONE', #297, #2538, #26 ) ;
#3557 = CARTESIAN_POINT ( 'NONE',  ( -30.11258857373034914, 35.00000000000000000, 32.91116172354549718 ) ) ;
#3558 = CARTESIAN_POINT ( 'NONE',  ( 32.36144971214651633, -9.955037737729952596, 43.03258125539990431 ) ) ;
#3559 = CARTESIAN_POINT ( 'NONE',  ( 13.00344876240722947, -7.330748341178608740, 69.93154344526378452 ) ) ;
#3560 = DIRECTION ( 'NONE',  ( -6.195440985631459015E-17, 1.000000000000000000, 0.000000000000000000 ) ) ;
#3561 = CARTESIAN_POINT ( 'NONE',  ( -14.69577589790957539, -5.452311234100034376, 18.99968446642144571 ) ) ;
#3562 = DIRECTION ( 'NONE',  ( 0.003815420562033882031, 0.000000000000000000, -0.9999927212564774237 ) ) ;
#3563 = ORIENTED_EDGE ( 'NONE', *, *, #2837, .T. ) ;
#3564 = CARTESIAN_POINT ( 'NONE',  ( 18.52446613483451543, -5.978668827900068372, 70.69070010475226695 ) ) ;
#3565 = ADVANCED_FACE ( 'NONE', ( #1984 ), #3052, .F. ) ;
#3566 = CARTESIAN_POINT ( 'NONE',  ( -29.08723043103653083, -6.185001915847333720, 42.65151406448526927 ) ) ;
#3567 = CARTESIAN_POINT ( 'NONE',  ( -16.13974324553848305, -10.17373074405113798, 72.35105132581439591 ) ) ;
#3568 = CYLINDRICAL_SURFACE ( 'NONE', #2960, 1.499999999999998224 ) ;
#3569 = CARTESIAN_POINT ( 'NONE',  ( -32.54064055327044969, -4.913636470684001445, 46.37108104610031489 ) ) ;
#3570 = CIRCLE ( 'NONE', #986, 31.99999999999998579 ) ;
#3571 = DIRECTION ( 'NONE',  ( 7.258656485343220329E-18, 1.000000000000000000, 2.769502879193385353E-20 ) ) ;
#3572 = CARTESIAN_POINT ( 'NONE',  ( 13.33450343435221619, 1.310140187148793212, 18.38278107256525118 ) ) ;
#3573 = SHAPE_DEFINITION_REPRESENTATION ( #2416, #648 ) ;
#3574 = ORIENTED_EDGE ( 'NONE', *, *, #2453, .F. ) ;
#3575 = CARTESIAN_POINT ( 'NONE',  ( 32.26167451895017990, -8.169830969357928296, 41.32373499786552173 ) ) ;
#3576 = CARTESIAN_POINT ( 'NONE',  ( 14.37255917927577542, -9.318454591857255664, 14.98302020758784359 ) ) ;
#3577 = DIRECTION ( 'NONE',  ( 0.003815420562034333926, 0.000000000000000000, -0.9999927212564774237 ) ) ;
#3578 = CYLINDRICAL_SURFACE ( 'NONE', #2613, 1.499999999999956257 ) ;
#3579 = PLANE ( 'NONE',  #1159 ) ;
#3580 = VERTEX_POINT ( 'NONE', #906 ) ;
#3581 = CARTESIAN_POINT ( 'NONE',  ( 30.68518863777849859, 18.08894905958980104, 12.00000000000000000 ) ) ;
#3582 = DIRECTION ( 'NONE',  ( -7.258656485343231114E-18, -1.000000000000000000, -2.769502879193055538E-20 ) ) ;
#3583 = CARTESIAN_POINT ( 'NONE',  ( -15.64854917894401076, -10.03549620684255572, 72.62307483112086004 ) ) ;
#3584 = CARTESIAN_POINT ( 'NONE',  ( -56.00000000000000000, 4.660910500941819912, 12.00000000000000000 ) ) ;
#3585 = CARTESIAN_POINT ( 'NONE',  ( -32.55384452098819992, -4.680836733413999973, 46.17447541136694866 ) ) ;
#3586 = ADVANCED_FACE ( 'NONE', ( #547 ), #622, .T. ) ;
#3587 = EDGE_CURVE ( 'NONE', #1196, #2053, #2848, .T. ) ;
#3588 = CARTESIAN_POINT ( 'NONE',  ( 27.38518863777855117, 18.08894905958980104, 12.00000000000000000 ) ) ;
#3589 = CARTESIAN_POINT ( 'NONE',  ( 15.49940623887398772, 1.477614893933832274, 19.63837783314271945 ) ) ;
#3590 = EDGE_LOOP ( 'NONE', ( #373, #2100, #2475, #2454 ) ) ;
#3591 = CARTESIAN_POINT ( 'NONE',  ( 15.46852282860588090, -0.8523567590085961987, 16.12546742188215632 ) ) ;
#3592 = CARTESIAN_POINT ( 'NONE',  ( 13.48049926375372642, -7.338897481643540388, 14.55532946506393266 ) ) ;
#3593 = CARTESIAN_POINT ( 'NONE',  ( 18.04240266629484424, -4.582727556118758372, 17.12176612877322057 ) ) ;
#3594 = DIRECTION ( 'NONE',  ( -0.003815420562034478342, 0.000000000000000000, 0.9999927212564774237 ) ) ;
#3595 = ADVANCED_FACE ( 'NONE', ( #303 ), #2772, .F. ) ;
#3596 = VERTEX_POINT ( 'NONE', #2528 ) ;
#3597 = CARTESIAN_POINT ( 'NONE',  ( 19.87219899906844844, 52.55742788878480098, 45.64812837152570069 ) ) ;
#3598 = FACE_BOUND ( 'NONE', #3460, .T. ) ;
#3599 = VECTOR ( 'NONE', #348, 1000.000000000000227 ) ;
#3600 = CARTESIAN_POINT ( 'NONE',  ( -15.87279298939953520, -10.11094957825884144, 72.50004849863660183 ) ) ;
#3601 = CARTESIAN_POINT ( 'NONE',  ( -14.59217260674454053, -9.515000820413114013, 14.97097202882795841 ) ) ;
#3602 = CARTESIAN_POINT ( 'NONE',  ( -32.57815460027241983, -4.135411198924082932, 42.38513105745424525 ) ) ;
#3603 = AXIS2_PLACEMENT_3D ( 'NONE', #1149, #2515, #2552 ) ;
#3604 = CARTESIAN_POINT ( 'NONE',  ( 32.24062275337018235, -5.691693630382469671, 47.05767896143800044 ) ) ;
#3605 = CARTESIAN_POINT ( 'NONE',  ( 0.002068873048088229732, -3.442572111215185249, 11.57206743756481870 ) ) ;
#3606 = ADVANCED_FACE ( 'NONE', ( #2254 ), #2236, .T. ) ;
#3607 = EDGE_LOOP ( 'NONE', ( #955, #2145, #3203, #598 ) ) ;
#3608 = AXIS2_PLACEMENT_3D ( 'NONE', #3490, #2861, #578 ) ;
#3609 = AXIS2_PLACEMENT_3D ( 'NONE', #256, #2176, #3309 ) ;
#3610 = CARTESIAN_POINT ( 'NONE',  ( 15.04660357683844474, -0.5001377495835935827, 15.89516690362518681 ) ) ;
#3611 = CARTESIAN_POINT ( 'NONE',  ( 15.25125152927108552, -7.934874136660766020, 68.66186982622457435 ) ) ;
#3612 = CARTESIAN_POINT ( 'NONE',  ( 17.95055583657451592, -4.478006991334810394, 17.06019071036320511 ) ) ;
#3613 = LINE ( 'NONE', #2255, #1735 ) ;
#3614 = ORIENTED_EDGE ( 'NONE', *, *, #1080, .F. ) ;
#3615 = CARTESIAN_POINT ( 'NONE',  ( 17.92755673641329750, -4.697273857995421409, 71.09896720545665971 ) ) ;
#3616 = FACE_BOUND ( 'NONE', #1576, .T. ) ;
#3617 = CARTESIAN_POINT ( 'NONE',  ( -15.18917307989061172, -9.809551817092312831, 72.86828385919771733 ) ) ;
#3618 = CARTESIAN_POINT ( 'NONE',  ( -13.96754044875108036, -8.736967917585236165, 14.66828002048803903 ) ) ;
#3619 = CARTESIAN_POINT ( 'NONE',  ( -18.74893570560022482, -5.901526620682056468, 17.43939893600297353 ) ) ;
#3620 = DIRECTION ( 'NONE',  ( -1.000000000000000000, 0.000000000000000000, 0.000000000000000000 ) ) ;
#3621 = DIRECTION ( 'NONE',  ( 0.003815420562034331324, 0.000000000000000000, -0.9999927212564773127 ) ) ;
#3622 = CARTESIAN_POINT ( 'NONE',  ( -13.57836802475826765, -6.189859812884810353, 69.76088068425116262 ) ) ;
#3623 = CARTESIAN_POINT ( 'NONE',  ( 13.19215262189452886, 0.9482411581936666112, 18.30866044166620199 ) ) ;
#3624 = ORIENTED_EDGE ( 'NONE', *, *, #88, .F. ) ;
#3625 = CARTESIAN_POINT ( 'NONE',  ( -0.1219322952180233871, 0.000000000000000000, 44.07183087840034830 ) ) ;
#3626 = EDGE_CURVE ( 'NONE', #682, #1759, #3250, .T. ) ;
#3627 = ADVANCED_FACE ( 'NONE', ( #1405 ), #15, .F. ) ;
#3628 = B_SPLINE_CURVE_WITH_KNOTS ( 'NONE', 3,
 ( #592, #3347, #847, #1975, #1714, #2819, #1233, #3438, #3495, #2082, #3219, #80, #704, #2914, #2608, #1549, #1215, #2065, #3455, #2355, #120, #1828 ),
 .UNSPECIFIED., .F., .F.,
 ( 4, 2, 2, 2, 2, 2, 2, 2, 2, 2, 4 ),
 ( 0.000000000000000000, 0.1250000000000031086, 0.1875000000000055234, 0.2500000000000079381, 0.3750000000000095479, 0.4375000000000103251, 0.5000000000000111022, 0.6250000000000083267, 0.7500000000000055511, 0.8750000000000027756, 1.000000000000000000 ),
 .UNSPECIFIED. ) ;
#3629 = CARTESIAN_POINT ( 'NONE',  ( -29.11816485847522529, -8.404156883374170661, 43.56956807530931997 ) ) ;
#3630 = LINE ( 'NONE', #1724, #1424 ) ;
#3631 = PLANE ( 'NONE',  #3129 ) ;
#3632 = CARTESIAN_POINT ( 'NONE',  ( 14.97185521630705196, -3.944185060860051717, 72.85424925915030769 ) ) ;
ENDSEC;
END-ISO-10303-21;
