ISO-10303-21;
HEADER;
FILE_DESCRIPTION (( 'STEP AP214' ),
    '1' );
FILE_NAME ('l2v2.STEP',
    '2025-08-27T16:07:17',
    ( '' ),
    ( '' ),
    'SwSTEP 2.0',
    'SolidWorks 2022',
    '' );
FILE_SCHEMA (( 'AUTOMOTIVE_DESIGN' ));
ENDSEC;

DATA;
#1 = DIRECTION ( 'NONE',  ( -0.000000000000000000, -0.000000000000000000, 1.000000000000000000 ) ) ;
#2 = MECHANICAL_DESIGN_GEOMETRIC_PRESENTATION_REPRESENTATION (  '', ( #2225 ), #3538 ) ;
#3 = LINE ( 'NONE', #2742, #2220 ) ;
#4 = UNCERTAINTY_MEASURE_WITH_UNIT (LENGTH_MEASURE( 1.000000000000000082E-05 ), #4961, 'distance_accuracy_value', 'NONE');
#5 = CARTESIAN_POINT ( 'NONE',  ( -13.30993149496839401, 59.32472351404003774, 18.53383078666095685 ) ) ;
#6 = CARTESIAN_POINT ( 'NONE',  ( 8.770468585808165685, 101.9859807144323014, 19.23850270749608171 ) ) ;
#7 = EDGE_LOOP ( 'NONE', ( #2014, #4552, #4925, #4566, #1982, #4077, #893, #948, #1805, #4276, #4072 ) ) ;
#8 = CARTESIAN_POINT ( 'NONE',  ( -19.34637038532195064, 98.72917864343432370, 28.26308777809216011 ) ) ;
#9 = ADVANCED_FACE ( 'NONE', ( #1489 ), #4669, .T. ) ;
#10 = FILL_AREA_STYLE_COLOUR ( '', #3844 ) ;
#11 = LINE ( 'NONE', #1148, #3791 ) ;
#12 =( NAMED_UNIT ( * ) SI_UNIT ( $, .STERADIAN. ) SOLID_ANGLE_UNIT ( ) );
#13 = CARTESIAN_POINT ( 'NONE',  ( 9.138844921944951238, 106.3160874102397315, 19.50995732056695076 ) ) ;
#14 = VECTOR ( 'NONE', #1855, 1000.000000000000000 ) ;
#15 =( NAMED_UNIT ( * ) SI_UNIT ( $, .STERADIAN. ) SOLID_ANGLE_UNIT ( ) );
#16 = AXIS2_PLACEMENT_3D ( 'NONE', #4776, #3924, #3570 ) ;
#17 = FILL_AREA_STYLE ('',( #1138 ) ) ;
#18 = CARTESIAN_POINT ( 'NONE',  ( -20.86115507805497415, 38.31608741023972442, 14.50995732056697207 ) ) ;
#19 = CIRCLE ( 'NONE', #1901, 2.000000000000001776 ) ;
#20 = ORIENTED_EDGE ( 'NONE', *, *, #4062, .F. ) ;
#21 = ORIENTED_EDGE ( 'NONE', *, *, #2143, .T. ) ;
#22 = PRESENTATION_LAYER_ASSIGNMENT (  '', '', ( #1315 ) ) ;
#23 = EDGE_LOOP ( 'NONE', ( #409, #1053, #2068, #1181 ) ) ;
#24 = PRESENTATION_STYLE_ASSIGNMENT (( #433 ) ) ;
#25 = EDGE_CURVE ( 'NONE', #4570, #4888, #2777, .T. ) ;
#26 = CARTESIAN_POINT ( 'NONE',  ( 3.145979192791789725, 35.31608741023924125, 68.50995732056722431 ) ) ;
#27 = ORIENTED_EDGE ( 'NONE', *, *, #3078, .T. ) ;
#28 = CARTESIAN_POINT ( 'NONE',  ( 31.85573642160352392, 45.31608741023889309, 117.8099573205673920 ) ) ;
#29 = LINE ( 'NONE', #3191, #3923 ) ;
#30 = VECTOR ( 'NONE', #852, 1000.000000000000000 ) ;
#31 =( LENGTH_UNIT ( ) NAMED_UNIT ( * ) SI_UNIT ( .MILLI., .METRE. ) );
#33 = MECHANICAL_DESIGN_GEOMETRIC_PRESENTATION_REPRESENTATION (  '', ( #196 ), #930 ) ;
#32 = VECTOR ( 'NONE', #4228, 1000.000000000000227 ) ;
#34 = FACE_BOUND ( 'NONE', #1292, .T. ) ;
#35 = CYLINDRICAL_SURFACE ( 'NONE', #3652, 1.499999999999994449 ) ;
#36 =( NAMED_UNIT ( * ) SI_UNIT ( $, .STERADIAN. ) SOLID_ANGLE_UNIT ( ) );
#37 = SURFACE_STYLE_USAGE ( .BOTH. , #2833 ) ;
#38 = PRESENTATION_LAYER_ASSIGNMENT (  '', '', ( #443 ) ) ;
#39 = FILL_AREA_STYLE_COLOUR ( '', #1480 ) ;
#40 = ADVANCED_FACE ( 'NONE', ( #3142 ), #727, .F. ) ;
#41 = ORIENTED_EDGE ( 'NONE', *, *, #3948, .T. ) ;
#42 = CARTESIAN_POINT ( 'NONE',  ( -33.61167705983276477, 35.31608741023912756, 84.62662188762850235 ) ) ;
#43 = CARTESIAN_POINT ( 'NONE',  ( -20.86115507805497415, 105.3160874102397031, 52.39405604729212484 ) ) ;
#44 = ORIENTED_EDGE ( 'NONE', *, *, #683, .T. ) ;
#45 = SURFACE_SIDE_STYLE ('',( #3529 ) ) ;
#46 = CARTESIAN_POINT ( 'NONE',  ( 22.61197919279169000, 35.31608741023904230, 97.00995732056730958 ) ) ;
#47 = UNCERTAINTY_MEASURE_WITH_UNIT (LENGTH_MEASURE( 1.000000000000000082E-05 ), #2917, 'distance_accuracy_value', 'NONE');
#48 =( LENGTH_UNIT ( ) NAMED_UNIT ( * ) SI_UNIT ( .MILLI., .METRE. ) );
#49 = DIRECTION ( 'NONE',  ( 1.000000000000000000, 0.000000000000000000, 0.000000000000000000 ) ) ;
#50 = ORIENTED_EDGE ( 'NONE', *, *, #772, .T. ) ;
#51 = EDGE_CURVE ( 'NONE', #3355, #4920, #1512, .T. ) ;
#52 = CARTESIAN_POINT ( 'NONE',  ( -20.76362420962870914, 103.3519778454252673, 27.08940039763641039 ) ) ;
#53 = PRESENTATION_STYLE_ASSIGNMENT (( #1297 ) ) ;
#54 = FACE_BOUND ( 'NONE', #2967, .T. ) ;
#55 = CARTESIAN_POINT ( 'NONE',  ( 19.13884492194445386, 35.31608741023864440, 153.7311177574588044 ) ) ;
#56 =( NAMED_UNIT ( * ) SI_UNIT ( $, .STERADIAN. ) SOLID_ANGLE_UNIT ( ) );
#57 = CARTESIAN_POINT ( 'NONE',  ( -32.11167705983277187, 35.31608741023912756, 84.62662188762850235 ) ) ;
#58 = CARTESIAN_POINT ( 'NONE',  ( -0.2080097629221156208, 63.27052433657843977, 17.50995732056683352 ) ) ;
#59 = AXIS2_PLACEMENT_3D ( 'NONE', #1355, #1004, #4108 ) ;
#60 = COLOUR_RGB ( '',0.9215686274509803377, 0.9215686274509803377, 0.9215686274509803377 ) ;
#61 = CARTESIAN_POINT ( 'NONE',  ( -22.41377556987826836, 108.2796457818901814, 20.77237401879555634 ) ) ;
#62 = FILL_AREA_STYLE_COLOUR ( '', #5147 ) ;
#63 = VECTOR ( 'NONE', #511, 1000.000000000000000 ) ;
#64 = ADVANCED_FACE ( 'NONE', ( #3113 ), #4716, .F. ) ;
#65 = MECHANICAL_DESIGN_GEOMETRIC_PRESENTATION_REPRESENTATION (  '', ( #3872 ), #4298 ) ;
#66 = DIRECTION ( 'NONE',  ( -0.000000000000000000, -6.505213034913026604E-16, 1.000000000000000000 ) ) ;
#67 = ORIENTED_EDGE ( 'NONE', *, *, #957, .F. ) ;
#68 = CARTESIAN_POINT ( 'NONE',  ( -12.59396637646328010, 91.90283120425087304, 48.75799945912410038 ) ) ;
#69 = ORIENTED_EDGE ( 'NONE', *, *, #677, .T. ) ;
#70 =( NAMED_UNIT ( * ) SI_UNIT ( $, .STERADIAN. ) SOLID_ANGLE_UNIT ( ) );
#71 = SURFACE_SIDE_STYLE ('',( #4014 ) ) ;
#72 = AXIS2_PLACEMENT_3D ( 'NONE', #1589, #3194, #4797 ) ;
#73 = FACE_OUTER_BOUND ( 'NONE', #580, .T. ) ;
#74 = SURFACE_STYLE_FILL_AREA ( #4042 ) ;
#75 = FACE_OUTER_BOUND ( 'NONE', #1011, .T. ) ;
#76 = ORIENTED_EDGE ( 'NONE', *, *, #601, .F. ) ;
#77 = STYLED_ITEM ( 'NONE', ( #990 ), #3981 ) ;
#78 = CARTESIAN_POINT ( 'NONE',  ( 4.137577463014169510, 94.09209210188612360, 29.57525392992955560 ) ) ;
#79 = DIRECTION ( 'NONE',  ( 3.491481338843133355E-15, 6.982962677686266711E-15, -1.000000000000000000 ) ) ;
#80 = FACE_OUTER_BOUND ( 'NONE', #3737, .T. ) ;
#81 = DIRECTION ( 'NONE',  ( 0.000000000000000000, -1.000000000000000000, -6.982962677686266711E-15 ) ) ;
#82 = COLOUR_RGB ( '',1.000000000000000000, 1.000000000000000000, 1.000000000000000000 ) ;
#83 = FACE_OUTER_BOUND ( 'NONE', #4694, .T. ) ;
#84 = CARTESIAN_POINT ( 'NONE',  ( -82.46302080720836614, 41.81608741023890019, 117.5099573205669827 ) ) ;
#85 = EDGE_CURVE ( 'NONE', #3312, #3773, #2454, .T. ) ;
#86 = DIRECTION ( 'NONE',  ( -0.000000000000000000, -1.000000000000000000, -6.505213034913026604E-16 ) ) ;
#87 = CARTESIAN_POINT ( 'NONE',  ( -0.3414193107898635948, 63.40082131781540653, 17.06478260440680117 ) ) ;
#88 = CARTESIAN_POINT ( 'NONE',  ( -38.26402080720821886, 45.31608741023920572, 73.75995732056715326 ) ) ;
#89 = PRESENTATION_LAYER_ASSIGNMENT (  '', '', ( #3317 ) ) ;
#90 = ORIENTED_EDGE ( 'NONE', *, *, #2583, .T. ) ;
#91 = SURFACE_STYLE_USAGE ( .BOTH. , #1629 ) ;
#92 = CARTESIAN_POINT ( 'NONE',  ( -18.12035707904003701, 96.65888196036365798, 50.19028697420321095 ) ) ;
#93 = ORIENTED_EDGE ( 'NONE', *, *, #2279, .F. ) ;
#94 = FILL_AREA_STYLE ('',( #1656 ) ) ;
#95 = EDGE_CURVE ( 'NONE', #2765, #2641, #3710, .T. ) ;
#96 =( LENGTH_UNIT ( ) NAMED_UNIT ( * ) SI_UNIT ( .MILLI., .METRE. ) );
#97 = UNCERTAINTY_MEASURE_WITH_UNIT (LENGTH_MEASURE( 1.000000000000000082E-05 ), #1475, 'distance_accuracy_value', 'NONE');
#98 = AXIS2_PLACEMENT_3D ( 'NONE', #2597, #4692, #3846 ) ;
#100 = CARTESIAN_POINT ( 'NONE',  ( -74.46302080720836614, 45.31608741023892861, 113.0099573205670396 ) ) ;
#99 = STYLED_ITEM ( 'NONE', ( #2568 ), #2809 ) ;
#101 = EDGE_LOOP ( 'NONE', ( #1778, #1967, #4046, #5049, #76, #4229, #1887 ) ) ;
#102 = EDGE_CURVE ( 'NONE', #3509, #531, #3322, .T. ) ;
#103 = DIRECTION ( 'NONE',  ( -1.000000000000000000, 0.000000000000000000, 0.000000000000000000 ) ) ;
#104 = CARTESIAN_POINT ( 'NONE',  ( 9.756445586281877524, 107.7681321634617859, 51.99282575294897413 ) ) ;
#105 = FACE_BOUND ( 'NONE', #2633, .T. ) ;
#106 = DIRECTION ( 'NONE',  ( -0.000000000000000000, -1.000000000000000000, -0.000000000000000000 ) ) ;
#107 = FACE_OUTER_BOUND ( 'NONE', #2532, .T. ) ;
#108 = CARTESIAN_POINT ( 'NONE',  ( -5.861155078055149126, 38.31608741023944731, 39.50995732056721010 ) ) ;
#109 = SURFACE_STYLE_USAGE ( .BOTH. , #2062 ) ;
#110 =( GEOMETRIC_REPRESENTATION_CONTEXT ( 3 ) GLOBAL_UNCERTAINTY_ASSIGNED_CONTEXT ( ( #3207 ) ) GLOBAL_UNIT_ASSIGNED_CONTEXT ( ( #246, #2231, #2962 ) ) REPRESENTATION_CONTEXT ( 'NONE', 'WORKASPACE' ) );
#111 = PRESENTATION_LAYER_ASSIGNMENT (  '', '', ( #1495 ) ) ;
#112 = CARTESIAN_POINT ( 'NONE',  ( -17.73549716509277729, 38.31608741023972442, 17.50995732056671628 ) ) ;
#113 = PRESENTATION_STYLE_ASSIGNMENT (( #2006 ) ) ;
#114 = CARTESIAN_POINT ( 'NONE',  ( -35.96402080720819328, 41.81608741023923415, 65.75995732056713905 ) ) ;
#115 = EDGE_CURVE ( 'NONE', #2079, #156, #519, .T. ) ;
#116 = ORIENTED_EDGE ( 'NONE', *, *, #2497, .F. ) ;
#117 = MECHANICAL_DESIGN_GEOMETRIC_PRESENTATION_REPRESENTATION (  '', ( #443 ), #689 ) ;
#118 = VERTEX_POINT ( 'NONE', #2144 ) ;
#119 = CARTESIAN_POINT ( 'NONE',  ( -53.61167705983285714, 35.31608741023899256, 104.6266218876284455 ) ) ;
#120 = CARTESIAN_POINT ( 'NONE',  ( 2.957598670827302101, 93.17235428456501722, 49.16112555715528742 ) ) ;
#121 = EDGE_LOOP ( 'NONE', ( #4543, #1136, #3994, #374, #832, #2674, #3229, #2548 ) ) ;
#122 = CARTESIAN_POINT ( 'NONE',  ( -12.67607348733895556, 61.45729794623193953, 18.19091195895795110 ) ) ;
#123 = SURFACE_SIDE_STYLE ('',( #3668 ) ) ;
#124 =( LENGTH_UNIT ( ) NAMED_UNIT ( * ) SI_UNIT ( .MILLI., .METRE. ) );
#125 = LINE ( 'NONE', #1017, #2794 ) ;
#126 = ORIENTED_EDGE ( 'NONE', *, *, #2701, .T. ) ;
#127 = CARTESIAN_POINT ( 'NONE',  ( -82.46302080720835193, 38.31608741023892861, 113.0099573205669543 ) ) ;
#128 = EDGE_CURVE ( 'NONE', #1759, #4846, #479, .T. ) ;
#129 = CARTESIAN_POINT ( 'NONE',  ( 9.138844921944951238, 106.4051965850781158, 52.60028284901579099 ) ) ;
#130 = CARTESIAN_POINT ( 'NONE',  ( 10.91508374619635013, 108.3160874102397599, 58.04778204006685627 ) ) ;
#131 = ORIENTED_EDGE ( 'NONE', *, *, #160, .T. ) ;
#132 = CIRCLE ( 'NONE', #5127, 24.99999999999999289 ) ;
#133 = CARTESIAN_POINT ( 'NONE',  ( 35.50597919279156400, 38.31608741023878650, 134.0099573205673664 ) ) ;
#134 = CARTESIAN_POINT ( 'NONE',  ( 1.187370741679579567, 61.64490841708173718, 17.14122013805339151 ) ) ;
#135 = VERTEX_POINT ( 'NONE', #951 ) ;
#136 =( GEOMETRIC_REPRESENTATION_CONTEXT ( 3 ) GLOBAL_UNCERTAINTY_ASSIGNED_CONTEXT ( ( #3990 ) ) GLOBAL_UNIT_ASSIGNED_CONTEXT ( ( #3242, #3289, #4906 ) ) REPRESENTATION_CONTEXT ( 'NONE', 'WORKASPACE' ) );
#137 =( NAMED_UNIT ( * ) SI_UNIT ( $, .STERADIAN. ) SOLID_ANGLE_UNIT ( ) );
#138 = VERTEX_POINT ( 'NONE', #4422 ) ;
#139 =( GEOMETRIC_REPRESENTATION_CONTEXT ( 3 ) GLOBAL_UNCERTAINTY_ASSIGNED_CONTEXT ( ( #3099 ) ) GLOBAL_UNIT_ASSIGNED_CONTEXT ( ( #4593, #3519, #3572 ) ) REPRESENTATION_CONTEXT ( 'NONE', 'WORKASPACE' ) );
#140 = EDGE_CURVE ( 'NONE', #3073, #4381, #3337, .T. ) ;
#141 =( LENGTH_UNIT ( ) NAMED_UNIT ( * ) SI_UNIT ( .MILLI., .METRE. ) );
#142 = CARTESIAN_POINT ( 'NONE',  ( 4.465657914355241509, 94.42573081252660927, 49.54333324587945242 ) ) ;
#143 = ORIENTED_EDGE ( 'NONE', *, *, #4202, .T. ) ;
#144 = PRESENTATION_STYLE_ASSIGNMENT (( #2076 ) ) ;
#145 = AXIS2_PLACEMENT_3D ( 'NONE', #1331, #4587, #2617 ) ;
#146 = SURFACE_STYLE_USAGE ( .BOTH. , #3309 ) ;
#147 = CIRCLE ( 'NONE', #3290, 24.99999999999999645 ) ;
#148 = UNCERTAINTY_MEASURE_WITH_UNIT (LENGTH_MEASURE( 1.000000000000000082E-05 ), #3578, 'distance_accuracy_value', 'NONE');
#149 = EDGE_CURVE ( 'NONE', #2818, #264, #2851, .T. ) ;
#150 = VERTEX_POINT ( 'NONE', #849 ) ;
#151 = AXIS2_PLACEMENT_3D ( 'NONE', #3345, #1353, #3423 ) ;
#152 = CARTESIAN_POINT ( 'NONE',  ( -13.36115507805501146, 51.31608741023972442, 35.50995732056697562 ) ) ;
#153 = COLOUR_RGB ( '',0.9215686274509803377, 0.9215686274509803377, 0.9215686274509803377 ) ;
#154 = CYLINDRICAL_SURFACE ( 'NONE', #3039, 2.200000000000000622 ) ;
#155 =( NAMED_UNIT ( * ) SI_UNIT ( $, .STERADIAN. ) SOLID_ANGLE_UNIT ( ) );
#156 = VERTEX_POINT ( 'NONE', #2428 ) ;
#157 = AXIS2_PLACEMENT_3D ( 'NONE', #4680, #666, #2244 ) ;
#158 = DIRECTION ( 'NONE',  ( 0.000000000000000000, 1.000000000000000000, 6.505213034913026604E-16 ) ) ;
#159 =( GEOMETRIC_REPRESENTATION_CONTEXT ( 3 ) GLOBAL_UNCERTAINTY_ASSIGNED_CONTEXT ( ( #713 ) ) GLOBAL_UNIT_ASSIGNED_CONTEXT ( ( #193, #2153, #137 ) ) REPRESENTATION_CONTEXT ( 'NONE', 'WORKASPACE' ) );
#160 = EDGE_CURVE ( 'NONE', #1748, #1482, #2935, .T. ) ;
#161 =( NAMED_UNIT ( * ) SI_UNIT ( $, .STERADIAN. ) SOLID_ANGLE_UNIT ( ) );
#162 = ADVANCED_FACE ( 'NONE', ( #3739 ), #1251, .F. ) ;
#163 = LINE ( 'NONE', #112, #30 ) ;
#164 = CARTESIAN_POINT ( 'NONE',  ( 31.85573642160352392, 38.31608741023890019, 117.8099573205673636 ) ) ;
#165 = SURFACE_STYLE_FILL_AREA ( #3716 ) ;
#166 = VERTEX_POINT ( 'NONE', #4135 ) ;
#167 = ORIENTED_EDGE ( 'NONE', *, *, #1564, .F. ) ;
#168 = ORIENTED_EDGE ( 'NONE', *, *, #3262, .T. ) ;
#169 = DIRECTION ( 'NONE',  ( 0.000000000000000000, -1.000000000000000000, -6.982962677686266711E-15 ) ) ;
#170 = CARTESIAN_POINT ( 'NONE',  ( 9.041314053518766158, 103.3519778454253242, 51.93051424349747691 ) ) ;
#171 = EDGE_LOOP ( 'NONE', ( #692, #3455 ) ) ;
#172 =( LENGTH_UNIT ( ) NAMED_UNIT ( * ) SI_UNIT ( .MILLI., .METRE. ) );
#173 = FACE_OUTER_BOUND ( 'NONE', #1210, .T. ) ;
#174 = ORIENTED_EDGE ( 'NONE', *, *, #4176, .T. ) ;
#175 = AXIS2_PLACEMENT_3D ( 'NONE', #3192, #1643, #3623 ) ;
#176 = ORIENTED_EDGE ( 'NONE', *, *, #4929, .F. ) ;
#177 = DIRECTION ( 'NONE',  ( 0.9606193123875093054, 1.940340758083400655E-15, -0.2778678402912949097 ) ) ;
#178 = ADVANCED_FACE ( 'NONE', ( #184 ), #1741, .F. ) ;
#179 = CARTESIAN_POINT ( 'NONE',  ( -17.98125580948887148, 96.46934016776161513, 61.37731085627588357 ) ) ;
#180 = CARTESIAN_POINT ( 'NONE',  ( -21.47738586618985224, 107.7812540151846008, 51.99888157894651641 ) ) ;
#181 =( LENGTH_UNIT ( ) NAMED_UNIT ( * ) SI_UNIT ( .MILLI., .METRE. ) );
#182 = ORIENTED_EDGE ( 'NONE', *, *, #740, .T. ) ;
#183 = PLANE ( 'NONE',  #4290 ) ;
#184 = FACE_OUTER_BOUND ( 'NONE', #2580, .T. ) ;
#185 = CARTESIAN_POINT ( 'NONE',  ( -5.861155078055149126, 35.31608741023944020, 39.50995732056718168 ) ) ;
#186 = CARTESIAN_POINT ( 'NONE',  ( -29.26402080720821886, 45.31608741023920572, 73.75995732056718168 ) ) ;
#187 = SURFACE_SIDE_STYLE ('',( #1850 ) ) ;
#188 = CARTESIAN_POINT ( 'NONE',  ( 6.013187008982902704, 38.31608741023972442, 61.50995732056698273 ) ) ;
#189 = CARTESIAN_POINT ( 'NONE',  ( -0.5899517125425507436, 63.65129526658350301, 17.50042364448647803 ) ) ;
#190 = ORIENTED_EDGE ( 'NONE', *, *, #195, .T. ) ;
#191 = ORIENTED_EDGE ( 'NONE', *, *, #4401, .F. ) ;
#192 = CIRCLE ( 'NONE', #3495, 13.22875655532299710 ) ;
#193 =( LENGTH_UNIT ( ) NAMED_UNIT ( * ) SI_UNIT ( .MILLI., .METRE. ) );
#194 = VERTEX_POINT ( 'NONE', #152 ) ;
#195 = EDGE_CURVE ( 'NONE', #3213, #3257, #842, .T. ) ;
#196 = STYLED_ITEM ( 'NONE', ( #3627 ), #162 ) ;
#197 = DIRECTION ( 'NONE',  ( 0.000000000000000000, -1.000000000000000000, 0.000000000000000000 ) ) ;
#198 = CARTESIAN_POINT ( 'NONE',  ( 6.116433723357187269, 96.23431810802020436, 50.07215579914910819 ) ) ;
#199 = ORIENTED_EDGE ( 'NONE', *, *, #5026, .F. ) ;
#200 = DIRECTION ( 'NONE',  ( -0.000000000000000000, 1.000000000000000000, -0.000000000000000000 ) ) ;
#201 = FACE_OUTER_BOUND ( 'NONE', #1094, .T. ) ;
#202 = UNCERTAINTY_MEASURE_WITH_UNIT (LENGTH_MEASURE( 1.000000000000000082E-05 ), #3787, 'distance_accuracy_value', 'NONE');
#203 = CIRCLE ( 'NONE', #1834, 1.499999999999994449 ) ;
#204 =( NAMED_UNIT ( * ) PLANE_ANGLE_UNIT ( ) SI_UNIT ( $, .RADIAN. ) );
#205 = ORIENTED_EDGE ( 'NONE', *, *, #160, .F. ) ;
#206 = FILL_AREA_STYLE ('',( #1419 ) ) ;
#207 = SURFACE_STYLE_USAGE ( .BOTH. , #4904 ) ;
#208 = DIRECTION ( 'NONE',  ( -1.000000000000000000, 0.000000000000000000, -5.551115123125781913E-15 ) ) ;
#209 = DIRECTION ( 'NONE',  ( 0.000000000000000000, -1.000000000000000000, -2.891205793294680792E-16 ) ) ;
#210 = ADVANCED_FACE ( 'NONE', ( #2900 ), #3700, .F. ) ;
#211 = VERTEX_POINT ( 'NONE', #1640 ) ;
#212 =( NAMED_UNIT ( * ) SI_UNIT ( $, .STERADIAN. ) SOLID_ANGLE_UNIT ( ) );
#213 = SURFACE_STYLE_FILL_AREA ( #901 ) ;
#214 = CARTESIAN_POINT ( 'NONE',  ( -12.20544384827977247, 48.31608741023972442, 43.50995732056697562 ) ) ;
#215 = DIRECTION ( 'NONE',  ( 1.000000000000000000, -0.000000000000000000, -0.000000000000000000 ) ) ;
#216 = DIRECTION ( 'NONE',  ( 0.000000000000000000, 1.000000000000000000, 0.000000000000000000 ) ) ;
#217 = LINE ( 'NONE', #5071, #5016 ) ;
#218 = VECTOR ( 'NONE', #4126, 1000.000000000000000 ) ;
#219 = ORIENTED_EDGE ( 'NONE', *, *, #1956, .F. ) ;
#220 = STYLED_ITEM ( 'NONE', ( #4200 ), #4495 ) ;
#221 = LINE ( 'NONE', #299, #14 ) ;
#222 = VERTEX_POINT ( 'NONE', #816 ) ;
#223 =( NAMED_UNIT ( * ) PLANE_ANGLE_UNIT ( ) SI_UNIT ( $, .RADIAN. ) );
#224 = CARTESIAN_POINT ( 'NONE',  ( 0.4001130125928052395, 91.67634196129975521, 48.68413425307301878 ) ) ;
#225 = VECTOR ( 'NONE', #3185, 1000.000000000000000 ) ;
#226 = ORIENTED_EDGE ( 'NONE', *, *, #2080, .F. ) ;
#227 = SURFACE_STYLE_FILL_AREA ( #4334 ) ;
#228 = SURFACE_STYLE_FILL_AREA ( #587 ) ;
#229 = EDGE_CURVE ( 'NONE', #2818, #2161, #2083, .T. ) ;
#230 = AXIS2_PLACEMENT_3D ( 'NONE', #1673, #2841, #3634 ) ;
#231 = STYLED_ITEM ( 'NONE', ( #326 ), #3065 ) ;
#232 = VERTEX_POINT ( 'NONE', #1293 ) ;
#233 = COLOUR_RGB ( '',1.000000000000000000, 1.000000000000000000, 1.000000000000000000 ) ;
#234 = SURFACE_SIDE_STYLE ('',( #4547 ) ) ;
#235 =( GEOMETRIC_REPRESENTATION_CONTEXT ( 3 ) GLOBAL_UNCERTAINTY_ASSIGNED_CONTEXT ( ( #1314 ) ) GLOBAL_UNIT_ASSIGNED_CONTEXT ( ( #3895, #4265, #3512 ) ) REPRESENTATION_CONTEXT ( 'NONE', 'WORKASPACE' ) );
#236 =( LENGTH_UNIT ( ) NAMED_UNIT ( * ) SI_UNIT ( .MILLI., .METRE. ) );
#237 = CIRCLE ( 'NONE', #2452, 2.200000000000000622 ) ;
#238 = PRESENTATION_LAYER_ASSIGNMENT (  '', '', ( #4983 ) ) ;
#239 = EDGE_LOOP ( 'NONE', ( #276, #182, #2885, #3252 ) ) ;
#240 = CYLINDRICAL_SURFACE ( 'NONE', #1608, 15.00000000000000000 ) ;
#241 =( GEOMETRIC_REPRESENTATION_CONTEXT ( 3 ) GLOBAL_UNCERTAINTY_ASSIGNED_CONTEXT ( ( #4410 ) ) GLOBAL_UNIT_ASSIGNED_CONTEXT ( ( #3544, #4367, #56 ) ) REPRESENTATION_CONTEXT ( 'NONE', 'WORKASPACE' ) );
#242 = COLOUR_RGB ( '',0.9215686274509803377, 0.9215686274509803377, 0.9215686274509803377 ) ;
#243 = CARTESIAN_POINT ( 'NONE',  ( 1.588077213053517900, 59.31835765614601286, 18.53410869280275008 ) ) ;
#244 = MECHANICAL_DESIGN_GEOMETRIC_PRESENTATION_REPRESENTATION (  '', ( #2303 ), #3535 ) ;
#245 = DIRECTION ( 'NONE',  ( 0.000000000000000000, -1.000000000000000000, -6.982962677686266711E-15 ) ) ;
#246 =( LENGTH_UNIT ( ) NAMED_UNIT ( * ) SI_UNIT ( .MILLI., .METRE. ) );
#247 = DIRECTION ( 'NONE',  ( 0.000000000000000000, 0.000000000000000000, -1.000000000000000000 ) ) ;
#248 = STYLED_ITEM ( 'NONE', ( #3611 ), #3903 ) ;
#249 = VECTOR ( 'NONE', #1209, 1000.000000000000000 ) ;
#250 = VERTEX_POINT ( 'NONE', #127 ) ;
#251 = ADVANCED_FACE ( 'NONE', ( #2824 ), #1680, .F. ) ;
#252 = SURFACE_SIDE_STYLE ('',( #4645 ) ) ;
#253 = EDGE_LOOP ( 'NONE', ( #2260, #4985, #4953, #3759 ) ) ;
#254 = CARTESIAN_POINT ( 'NONE',  ( -80.01302080720844856, 38.31608741023878650, 134.0099573205669685 ) ) ;
#255 = DIRECTION ( 'NONE',  ( 1.000000000000000000, -2.544687269639867442E-29, 3.644137004729092380E-15 ) ) ;
#256 = SURFACE_SIDE_STYLE ('',( #1069 ) ) ;
#257 = UNCERTAINTY_MEASURE_WITH_UNIT (LENGTH_MEASURE( 1.000000000000000082E-05 ), #5144, 'distance_accuracy_value', 'NONE');
#258 = EDGE_LOOP ( 'NONE', ( #1451, #301, #2137, #3608 ) ) ;
#259 = CARTESIAN_POINT ( 'NONE',  ( -13.32466130306875129, 60.29433531904120969, 17.50995732056675180 ) ) ;
#260 = AXIS2_PLACEMENT_3D ( 'NONE', #4434, #4871, #1607 ) ;
#261 = CARTESIAN_POINT ( 'NONE',  ( -21.04743710131257828, 107.1630877548574716, 52.47357276494091849 ) ) ;
#262 = PLANE ( 'NONE',  #318 ) ;
#263 = ADVANCED_FACE ( 'NONE', ( #592 ), #1398, .F. ) ;
#264 = VERTEX_POINT ( 'NONE', #2587 ) ;
#265 = FILL_AREA_STYLE_COLOUR ( '', #3042 ) ;
#266 = VECTOR ( 'NONE', #1158, 1000.000000000000000 ) ;
#267 = CARTESIAN_POINT ( 'NONE',  ( 0.07609512635803440672, 62.90496107338611154, 17.77325321039661432 ) ) ;
#268 = SURFACE_SIDE_STYLE ('',( #3013 ) ) ;
#269 =( NAMED_UNIT ( * ) PLANE_ANGLE_UNIT ( ) SI_UNIT ( $, .RADIAN. ) );
#270 = DIRECTION ( 'NONE',  ( 3.838426034038494774E-15, 6.982962677686266711E-15, -1.000000000000000000 ) ) ;
#271 = PRESENTATION_LAYER_ASSIGNMENT (  '', '', ( #281 ) ) ;
#272 = STYLED_ITEM ( 'NONE', ( #2611 ), #2842 ) ;
#273 = ORIENTED_EDGE ( 'NONE', *, *, #725, .F. ) ;
#274 =( LENGTH_UNIT ( ) NAMED_UNIT ( * ) SI_UNIT ( .MILLI., .METRE. ) );
#275 = DIRECTION ( 'NONE',  ( -0.000000000000000000, 1.000000000000000000, 6.982962677686266711E-15 ) ) ;
#276 = ORIENTED_EDGE ( 'NONE', *, *, #1927, .T. ) ;
#277 = LINE ( 'NONE', #3048, #5142 ) ;
#278 = EDGE_CURVE ( 'NONE', #2624, #457, #1871, .T. ) ;
#279 =( LENGTH_UNIT ( ) NAMED_UNIT ( * ) SI_UNIT ( .MILLI., .METRE. ) );
#280 = STYLED_ITEM ( 'NONE', ( #1384 ), #1391 ) ;
#281 = STYLED_ITEM ( 'NONE', ( #1829 ), #3494 ) ;
#282 = SURFACE_SIDE_STYLE ('',( #1471 ) ) ;
#283 = ORIENTED_EDGE ( 'NONE', *, *, #357, .F. ) ;
#284 = CARTESIAN_POINT ( 'NONE',  ( -20.86115507805497415, 105.3160874102397031, 52.39405604729212484 ) ) ;
#285 = FACE_OUTER_BOUND ( 'NONE', #2316, .T. ) ;
#286 = STYLED_ITEM ( 'NONE', ( #4362 ), #1180 ) ;
#287 = DIRECTION ( 'NONE',  ( 0.000000000000000000, -9.251858538542971828E-16, 1.000000000000000000 ) ) ;
#288 = CARTESIAN_POINT ( 'NONE',  ( -20.98310511819833479, 107.0088433782569979, 52.53399798808231935 ) ) ;
#289 = ORIENTED_EDGE ( 'NONE', *, *, #4285, .T. ) ;
#290 =( LENGTH_UNIT ( ) NAMED_UNIT ( * ) SI_UNIT ( .MILLI., .METRE. ) );
#291 = EDGE_LOOP ( 'NONE', ( #5010, #1088, #4405, #429, #2740 ) ) ;
#292 = DIRECTION ( 'NONE',  ( -0.000000000000000000, -0.000000000000000000, 1.000000000000000000 ) ) ;
#293 = CARTESIAN_POINT ( 'NONE',  ( 9.223698292141195409, 106.9116447095563132, 19.57383484612368818 ) ) ;
#294 = EDGE_CURVE ( 'NONE', #4834, #4788, #641, .T. ) ;
#295 = CARTESIAN_POINT ( 'NONE',  ( 3.638844921944987654, 58.31608671570927527, 18.56359725491356372 ) ) ;
#296 = CARTESIAN_POINT ( 'NONE',  ( -74.46302080720839456, 45.31608741023887177, 122.0099573205670538 ) ) ;
#297 = DIRECTION ( 'NONE',  ( -1.000000000000000000, 2.438088387897967896E-29, -3.491481338843133355E-15 ) ) ;
#298 = ORIENTED_EDGE ( 'NONE', *, *, #4062, .T. ) ;
#299 = CARTESIAN_POINT ( 'NONE',  ( -20.86115507805497415, 105.3160874102397031, 14.50995732056697207 ) ) ;
#300 = DIRECTION ( 'NONE',  ( -0.2778678402913062340, 6.707968805866601013E-15, -0.9606193123875061968 ) ) ;
#301 = ORIENTED_EDGE ( 'NONE', *, *, #931, .F. ) ;
#302 = VECTOR ( 'NONE', #4125, 1000.000000000000000 ) ;
#303 = UNCERTAINTY_MEASURE_WITH_UNIT (LENGTH_MEASURE( 1.000000000000000082E-05 ), #3121, 'distance_accuracy_value', 'NONE');
#304 = EDGE_CURVE ( 'NONE', #3352, #3803, #3876, .T. ) ;
#305 = CIRCLE ( 'NONE', #463, 1.499999999999987566 ) ;
#306 = LINE ( 'NONE', #4700, #1200 ) ;
#307 = ORIENTED_EDGE ( 'NONE', *, *, #2497, .T. ) ;
#308 = DIRECTION ( 'NONE',  ( 6.308085367188368350E-15, 6.308085367188368350E-15, -1.000000000000000000 ) ) ;
#309 = LINE ( 'NONE', #1554, #1540 ) ;
#310 = CIRCLE ( 'NONE', #4034, 7.500000000000000000 ) ;
#311 = UNCERTAINTY_MEASURE_WITH_UNIT (LENGTH_MEASURE( 1.000000000000000082E-05 ), #924, 'distance_accuracy_value', 'NONE');
#312 =( LENGTH_UNIT ( ) NAMED_UNIT ( * ) SI_UNIT ( .MILLI., .METRE. ) );
#313 = ADVANCED_FACE ( 'NONE', ( #1345 ), #4930, .F. ) ;
#314 = AXIS2_PLACEMENT_3D ( 'NONE', #3743, #4965, #5015 ) ;
#315 = DIRECTION ( 'NONE',  ( -0.000000000000000000, 1.000000000000000000, -0.000000000000000000 ) ) ;
#316 = ORIENTED_EDGE ( 'NONE', *, *, #4110, .F. ) ;
#317 =( GEOMETRIC_REPRESENTATION_CONTEXT ( 3 ) GLOBAL_UNCERTAINTY_ASSIGNED_CONTEXT ( ( #5104 ) ) GLOBAL_UNIT_ASSIGNED_CONTEXT ( ( #141, #4428, #1309 ) ) REPRESENTATION_CONTEXT ( 'NONE', 'WORKASPACE' ) );
#318 = AXIS2_PLACEMENT_3D ( 'NONE', #1481, #4314, #2745 ) ;
#319 = AXIS2_PLACEMENT_3D ( 'NONE', #4147, #1412, #3457 ) ;
#320 = EDGE_LOOP ( 'NONE', ( #4611, #5019, #2949 ) ) ;
#321 = CIRCLE ( 'NONE', #1939, 7.500000000000000000 ) ;
#322 = PRESENTATION_LAYER_ASSIGNMENT (  '', '', ( #4806 ) ) ;
#323 = AXIS2_PLACEMENT_3D ( 'NONE', #3882, #3056, #3486 ) ;
#324 = PRESENTATION_STYLE_ASSIGNMENT (( #1560 ) ) ;
#325 = CARTESIAN_POINT ( 'NONE',  ( 22.30906739255175353, 41.81608741023892861, 113.5967506499015371 ) ) ;
#326 = PRESENTATION_STYLE_ASSIGNMENT (( #3942 ) ) ;
#327 = EDGE_CURVE ( 'NONE', #1632, #4920, #309, .T. ) ;
#328 = CARTESIAN_POINT ( 'NONE',  ( 1.638844921944920152, 35.31608741023958942, 18.56359725491379820 ) ) ;
#329 = MECHANICAL_DESIGN_GEOMETRIC_PRESENTATION_REPRESENTATION (  '', ( #1623 ), #1206 ) ;
#330 = ORIENTED_EDGE ( 'NONE', *, *, #3475, .F. ) ;
#331 = VECTOR ( 'NONE', #5030, 1000.000000000000000 ) ;
#332 = FACE_BOUND ( 'NONE', #3279, .T. ) ;
#333 = DIRECTION ( 'NONE',  ( -1.000000000000000000, 0.000000000000000000, 0.000000000000000000 ) ) ;
#334 = EDGE_LOOP ( 'NONE', ( #1774, #3145 ) ) ;
#335 = FACE_OUTER_BOUND ( 'NONE', #1289, .T. ) ;
#336 =( NAMED_UNIT ( * ) SI_UNIT ( $, .STERADIAN. ) SOLID_ANGLE_UNIT ( ) );
#337 = PRESENTATION_STYLE_ASSIGNMENT (( #4728 ) ) ;
#338 = MECHANICAL_DESIGN_GEOMETRIC_PRESENTATION_REPRESENTATION (  '', ( #4572 ), #241 ) ;
#339 = ORIENTED_EDGE ( 'NONE', *, *, #344, .T. ) ;
#340 = CARTESIAN_POINT ( 'NONE',  ( -12.69962705741453490, 61.66975133036218892, 17.50995732056675180 ) ) ;
#341 = PRESENTATION_STYLE_ASSIGNMENT (( #4307 ) ) ;
#342 = CARTESIAN_POINT ( 'NONE',  ( 11.13884492194495124, 108.3160874102397315, 21.17965454074358789 ) ) ;
#343 = ORIENTED_EDGE ( 'NONE', *, *, #1500, .F. ) ;
#344 = EDGE_CURVE ( 'NONE', #4064, #3066, #3933, .T. ) ;
#345 = AXIS2_PLACEMENT_3D ( 'NONE', #2792, #4412, #3186 ) ;
#346 =( NAMED_UNIT ( * ) SI_UNIT ( $, .STERADIAN. ) SOLID_ANGLE_UNIT ( ) );
#347 = LINE ( 'NONE', #5137, #4090 ) ;
#348 = CARTESIAN_POINT ( 'NONE',  ( -13.36115507805501146, 38.31608741023972442, 39.50995732056697562 ) ) ;
#349 = AXIS2_PLACEMENT_3D ( 'NONE', #751, #729, #3094 ) ;
#350 = DIRECTION ( 'NONE',  ( 1.000000000000000000, 0.000000000000000000, 0.000000000000000000 ) ) ;
#351 = DIRECTION ( 'NONE',  ( -1.000000000000000000, 0.000000000000000000, -3.608224830031757968E-15 ) ) ;
#352 = FACE_BOUND ( 'NONE', #4811, .T. ) ;
#353 = PLANE ( 'NONE',  #151 ) ;
#354 = ORIENTED_EDGE ( 'NONE', *, *, #740, .F. ) ;
#355 = DIRECTION ( 'NONE',  ( 3.491481338843133355E-15, 6.982962677686266711E-15, -1.000000000000000000 ) ) ;
#356 = CARTESIAN_POINT ( 'NONE',  ( -5.861155078055012346, 65.81609001472889986, 32.00995732056697562 ) ) ;
#357 = EDGE_CURVE ( 'NONE', #2966, #4064, #3, .T. ) ;
#358 = FACE_OUTER_BOUND ( 'NONE', #4097, .T. ) ;
#359 = CARTESIAN_POINT ( 'NONE',  ( -31.56402080720822312, 41.81608741023920572, 73.75995732056715326 ) ) ;
#360 = ORIENTED_EDGE ( 'NONE', *, *, #4441, .T. ) ;
#361 = SURFACE_SIDE_STYLE ('',( #1893 ) ) ;
#362 = CARTESIAN_POINT ( 'NONE',  ( 9.138844921944951238, 106.3160874102397315, 19.50995732056695431 ) ) ;
#363 = UNCERTAINTY_MEASURE_WITH_UNIT (LENGTH_MEASURE( 1.000000000000000082E-05 ), #124, 'distance_accuracy_value', 'NONE');
#364 = CIRCLE ( 'NONE', #4599, 2.200000000000000622 ) ;
#365 =( NAMED_UNIT ( * ) SI_UNIT ( $, .STERADIAN. ) SOLID_ANGLE_UNIT ( ) );
#366 =( NAMED_UNIT ( * ) PLANE_ANGLE_UNIT ( ) SI_UNIT ( $, .RADIAN. ) );
#367 = VERTEX_POINT ( 'NONE', #4358 ) ;
#368 = CARTESIAN_POINT ( 'NONE',  ( -4.847524489369074985, 90.34206960501330741, 30.78320593827608320 ) ) ;
#369 = EDGE_CURVE ( 'NONE', #3101, #1146, #1056, .T. ) ;
#370 = SURFACE_STYLE_USAGE ( .BOTH. , #3164 ) ;
#371 = SURFACE_SIDE_STYLE ('',( #4667 ) ) ;
#372 = SURFACE_SIDE_STYLE ('',( #3921 ) ) ;
#373 = SURFACE_STYLE_FILL_AREA ( #4324 ) ;
#374 = ORIENTED_EDGE ( 'NONE', *, *, #4418, .T. ) ;
#375 = DIRECTION ( 'NONE',  ( 1.000000000000000000, 0.000000000000000000, 6.308085367188387283E-15 ) ) ;
#376 = DIRECTION ( 'NONE',  ( 0.000000000000000000, 1.000000000000000000, 6.982962677686266711E-15 ) ) ;
#377 = LINE ( 'NONE', #778, #2788 ) ;
#378 = CARTESIAN_POINT ( 'NONE',  ( -20.48579774716779056, 101.9466142352544722, 51.58459084709642184 ) ) ;
#379 = ORIENTED_EDGE ( 'NONE', *, *, #976, .F. ) ;
#380 =( NAMED_UNIT ( * ) SI_UNIT ( $, .STERADIAN. ) SOLID_ANGLE_UNIT ( ) );
#381 = EDGE_CURVE ( 'NONE', #2687, #1632, #2690, .T. ) ;
#382 = CARTESIAN_POINT ( 'NONE',  ( 35.50597919279156400, 38.31608741023878650, 134.0099573205673664 ) ) ;
#383 = VECTOR ( 'NONE', #615, 1000.000000000000000 ) ;
#384 = FILL_AREA_STYLE_COLOUR ( '', #3694 ) ;
#385 = FILL_AREA_STYLE_COLOUR ( '', #4894 ) ;
#386 = EDGE_LOOP ( 'NONE', ( #4936, #550 ) ) ;
#387 = MECHANICAL_DESIGN_GEOMETRIC_PRESENTATION_REPRESENTATION (  '', ( #3364 ), #2110 ) ;
#388 = PRESENTATION_LAYER_ASSIGNMENT (  '', '', ( #3949 ) ) ;
#389 = CARTESIAN_POINT ( 'NONE',  ( -12.12242316870275260, 91.67634196129976942, 30.33578038806088628 ) ) ;
#390 = PRESENTATION_LAYER_ASSIGNMENT (  '', '', ( #1863 ) ) ;
#391 = FILL_AREA_STYLE_COLOUR ( '', #3663 ) ;
#392 = CARTESIAN_POINT ( 'NONE',  ( -74.46302080720836614, 45.31608741023892861, 113.0099573205670396 ) ) ;
#393 = CIRCLE ( 'NONE', #59, 2.099999999999990763 ) ;
#394 = PRODUCT_DEFINITION ( '未知', '', #1042, #4513 ) ;
#395 = DIRECTION ( 'NONE',  ( 1.000000000000000000, -0.000000000000000000, -0.000000000000000000 ) ) ;
#396 = LINE ( 'NONE', #57, #4447 ) ;
#397 = VECTOR ( 'NONE', #1931, 1000.000000000000000 ) ;
#398 = AXIS2_PLACEMENT_3D ( 'NONE', #2680, #5076, #1490 ) ;
#399 = EDGE_CURVE ( 'NONE', #4086, #3160, #5152, .T. ) ;
#400 = MECHANICAL_DESIGN_GEOMETRIC_PRESENTATION_REPRESENTATION (  '', ( #4385 ), #649 ) ;
#401 = VECTOR ( 'NONE', #3153, 1000.000000000000000 ) ;
#402 = VERTEX_POINT ( 'NONE', #4308 ) ;
#403 = DIRECTION ( 'NONE',  ( -1.734723475976807094E-15, 0.000000000000000000, -1.000000000000000000 ) ) ;
#404 = LINE ( 'NONE', #834, #2158 ) ;
#405 =( GEOMETRIC_REPRESENTATION_CONTEXT ( 3 ) GLOBAL_UNCERTAINTY_ASSIGNED_CONTEXT ( ( #3259 ) ) GLOBAL_UNIT_ASSIGNED_CONTEXT ( ( #96, #860, #4813 ) ) REPRESENTATION_CONTEXT ( 'NONE', 'WORKASPACE' ) );
#406 = VERTEX_POINT ( 'NONE', #2272 ) ;
#407 = STYLED_ITEM ( 'NONE', ( #1306 ), #862 ) ;
#408 = CARTESIAN_POINT ( 'NONE',  ( 6.013187008983055470, 96.15093602032821707, 17.50995732056688325 ) ) ;
#409 = ORIENTED_EDGE ( 'NONE', *, *, #3250, .T. ) ;
#410 = UNCERTAINTY_MEASURE_WITH_UNIT (LENGTH_MEASURE( 1.000000000000000082E-05 ), #4820, 'distance_accuracy_value', 'NONE');
#411 = CARTESIAN_POINT ( 'NONE',  ( -11.80537934606793371, 62.91521568584158786, 17.77420253159802854 ) ) ;
#412 = DIRECTION ( 'NONE',  ( 0.2778678402912960199, -6.308085367188419626E-15, 0.9606193123875090834 ) ) ;
#413 = ORIENTED_EDGE ( 'NONE', *, *, #2311, .F. ) ;
#414 = CARTESIAN_POINT ( 'NONE',  ( -0.9364903051783335375, 91.11325439125660353, 30.52113435219806803 ) ) ;
#415 =( LENGTH_UNIT ( ) NAMED_UNIT ( * ) SI_UNIT ( .MILLI., .METRE. ) );
#416 = EDGE_CURVE ( 'NONE', #1857, #1498, #4467, .T. ) ;
#417 = DIRECTION ( 'NONE',  ( -0.000000000000000000, -0.000000000000000000, 1.000000000000000000 ) ) ;
#418 =( NAMED_UNIT ( * ) PLANE_ANGLE_UNIT ( ) SI_UNIT ( $, .RADIAN. ) );
#419 = VECTOR ( 'NONE', #4021, 1000.000000000000000 ) ;
#420 =( NAMED_UNIT ( * ) PLANE_ANGLE_UNIT ( ) SI_UNIT ( $, .RADIAN. ) );
#421 = FACE_BOUND ( 'NONE', #4563, .T. ) ;
#422 = DIRECTION ( 'NONE',  ( 0.000000000000000000, -1.000000000000000000, -2.891205793294680792E-16 ) ) ;
#423 = DIRECTION ( 'NONE',  ( 3.491481338843133355E-15, 6.982962677686266711E-15, -1.000000000000000000 ) ) ;
#424 = LINE ( 'NONE', #88, #4641 ) ;
#425 = VERTEX_POINT ( 'NONE', #1935 ) ;
#426 = EDGE_CURVE ( 'NONE', #3116, #2687, #4278, .T. ) ;
#427 =( NAMED_UNIT ( * ) PLANE_ANGLE_UNIT ( ) SI_UNIT ( $, .RADIAN. ) );
#428 =( LENGTH_UNIT ( ) NAMED_UNIT ( * ) SI_UNIT ( .MILLI., .METRE. ) );
#429 = ORIENTED_EDGE ( 'NONE', *, *, #1380, .T. ) ;
#430 = CYLINDRICAL_SURFACE ( 'NONE', #3372, 2.099999999999990763 ) ;
#431 =( GEOMETRIC_REPRESENTATION_CONTEXT ( 3 ) GLOBAL_UNCERTAINTY_ASSIGNED_CONTEXT ( ( #3935 ) ) GLOBAL_UNIT_ASSIGNED_CONTEXT ( ( #2058, #2001, #4394 ) ) REPRESENTATION_CONTEXT ( 'NONE', 'WORKASPACE' ) );
#432 = DIRECTION ( 'NONE',  ( 0.000000000000000000, -1.000000000000000000, -6.982962677686266711E-15 ) ) ;
#433 = SURFACE_STYLE_USAGE ( .BOTH. , #3558 ) ;
#434 = SURFACE_SIDE_STYLE ('',( #3585 ) ) ;
#435 = CARTESIAN_POINT ( 'NONE',  ( 8.562771626282978943, 101.1779283903049560, 19.09019675393447102 ) ) ;
#436 = EDGE_LOOP ( 'NONE', ( #2606, #3270, #2970, #4701, #4478 ) ) ;
#437 = CARTESIAN_POINT ( 'NONE',  ( -20.38642943393089269, 101.4485665652232171, 27.55797980240932432 ) ) ;
#438 =( GEOMETRIC_REPRESENTATION_CONTEXT ( 3 ) GLOBAL_UNCERTAINTY_ASSIGNED_CONTEXT ( ( #3613 ) ) GLOBAL_UNIT_ASSIGNED_CONTEXT ( ( #4666, #269, #674 ) ) REPRESENTATION_CONTEXT ( 'NONE', 'WORKASPACE' ) );
#439 = PRESENTATION_STYLE_ASSIGNMENT (( #492 ) ) ;
#440 = CARTESIAN_POINT ( 'NONE',  ( -12.20544384827977069, 51.31608741023971021, 43.50995732056697562 ) ) ;
#441 = EDGE_CURVE ( 'NONE', #1031, #1311, #2882, .T. ) ;
#442 =( NAMED_UNIT ( * ) SI_UNIT ( $, .STERADIAN. ) SOLID_ANGLE_UNIT ( ) );
#443 = STYLED_ITEM ( 'NONE', ( #3248 ), #1247 ) ;
#444 = CARTESIAN_POINT ( 'NONE',  ( 0.9854994398914487252, 61.65525269075412496, 17.50995732056684773 ) ) ;
#445 = PRESENTATION_STYLE_ASSIGNMENT (( #4084 ) ) ;
#446 = CARTESIAN_POINT ( 'NONE',  ( -20.86115507805496705, 106.6234681669242832, 19.50995732056694720 ) ) ;
#447 = ORIENTED_EDGE ( 'NONE', *, *, #1059, .F. ) ;
#448 = CARTESIAN_POINT ( 'NONE',  ( -32.11167705983277898, 35.31608741023912756, 84.62662188762850235 ) ) ;
#449 = VERTEX_POINT ( 'NONE', #3532 ) ;
#450 = CARTESIAN_POINT ( 'NONE',  ( -84.21302080720842298, 38.31608741023878650, 134.0099573205669685 ) ) ;
#451 = CARTESIAN_POINT ( 'NONE',  ( -15.11157584244010721, 93.46713736310755394, 49.25348802714623986 ) ) ;
#452 = ORIENTED_EDGE ( 'NONE', *, *, #4082, .F. ) ;
#453 = CARTESIAN_POINT ( 'NONE',  ( 3.145979192791789725, 35.31608741023924125, 68.50995732056722431 ) ) ;
#454 = B_SPLINE_CURVE_WITH_KNOTS ( 'NONE', 3,
 ( #1126, #5090, #1484, #267, #4233, #2671, #650, #1902, #3864, #4688, #3493, #243, #3087, #2229 ),
 .UNSPECIFIED., .F., .F.,
 ( 4, 2, 2, 2, 2, 2, 4 ),
 ( 0.01807611273598682192, 0.01883192806089153265, 0.01958774338579624338, 0.02109937403560569955, 0.02185518936051042763, 0.02261100468541515571, 0.02412263533522461187 ),
 .UNSPECIFIED. ) ;
#455 = UNCERTAINTY_MEASURE_WITH_UNIT (LENGTH_MEASURE( 1.000000000000000082E-05 ), #4685, 'distance_accuracy_value', 'NONE');
#456 = CARTESIAN_POINT ( 'NONE',  ( -30.53908043656114302, 51.31608741023971021, 43.50995732056697562 ) ) ;
#457 = VERTEX_POINT ( 'NONE', #3468 ) ;
#458 = COLOUR_RGB ( '',0.9215686274509803377, 0.9215686274509803377, 0.9215686274509803377 ) ;
#459 = EDGE_CURVE ( 'NONE', #1118, #2906, #4254, .T. ) ;
#460 = CARTESIAN_POINT ( 'NONE',  ( 6.110638290950645590, 96.26526994810680549, 28.94079994874509865 ) ) ;
#461 =( LENGTH_UNIT ( ) NAMED_UNIT ( * ) SI_UNIT ( .MILLI., .METRE. ) );
#462 = CARTESIAN_POINT ( 'NONE',  ( 9.211681440261980214, 106.9237071664349799, 59.45574420236705748 ) ) ;
#463 = AXIS2_PLACEMENT_3D ( 'NONE', #4761, #4736, #786 ) ;
#464 = LINE ( 'NONE', #4439, #1399 ) ;
#465 = DIRECTION ( 'NONE',  ( 1.000000000000000000, 0.000000000000000000, 0.000000000000000000 ) ) ;
#466 = DIRECTION ( 'NONE',  ( 0.2778678402913064560, -6.308085367188442503E-15, 0.9606193123875060857 ) ) ;
#467 = AXIS2_PLACEMENT_3D ( 'NONE', #1211, #3149, #403 ) ;
#468 = DIRECTION ( 'NONE',  ( 1.000000000000000000, 0.000000000000000000, 6.938893903907228378E-15 ) ) ;
#469 = CARTESIAN_POINT ( 'NONE',  ( 1.871524359873836696, 59.31864785113013028, 17.50995732056685128 ) ) ;
#470 = EDGE_CURVE ( 'NONE', #4086, #1857, #1842, .T. ) ;
#471 = STYLED_ITEM ( 'NONE', ( #4630 ), #2107 ) ;
#472 =( GEOMETRIC_REPRESENTATION_CONTEXT ( 3 ) GLOBAL_UNCERTAINTY_ASSIGNED_CONTEXT ( ( #3310 ) ) GLOBAL_UNIT_ASSIGNED_CONTEXT ( ( #1012, #223, #1858 ) ) REPRESENTATION_CONTEXT ( 'NONE', 'WORKASPACE' ) );
#473 = CARTESIAN_POINT ( 'NONE',  ( 0.06165662049957716662, 62.92372761300611472, 17.76690396562156948 ) ) ;
#474 = VECTOR ( 'NONE', #2256, 1000.000000000000000 ) ;
#475 =( GEOMETRIC_REPRESENTATION_CONTEXT ( 3 ) GLOBAL_UNCERTAINTY_ASSIGNED_CONTEXT ( ( #3506 ) ) GLOBAL_UNIT_ASSIGNED_CONTEXT ( ( #4869, #3187, #3159 ) ) REPRESENTATION_CONTEXT ( 'NONE', 'WORKASPACE' ) );
#476 = DIRECTION ( 'NONE',  ( 0.000000000000000000, -1.000000000000000000, -6.982962677686266711E-15 ) ) ;
#477 = ORIENTED_EDGE ( 'NONE', *, *, #51, .T. ) ;
#478 = EDGE_CURVE ( 'NONE', #3032, #943, #4647, .T. ) ;
#479 = CIRCLE ( 'NONE', #2677, 2.199999999999981526 ) ;
#480 = ORIENTED_EDGE ( 'NONE', *, *, #5040, .F. ) ;
#481 = CARTESIAN_POINT ( 'NONE',  ( -29.26402080720819043, 38.31608741023926257, 65.75995732056713905 ) ) ;
#482 = FACE_OUTER_BOUND ( 'NONE', #742, .T. ) ;
#483 = STYLED_ITEM ( 'NONE', ( #657 ), #908 ) ;
#484 = SURFACE_SIDE_STYLE ('',( #74 ) ) ;
#485 = CIRCLE ( 'NONE', #157, 20.00000000000000355 ) ;
#486 = CARTESIAN_POINT ( 'NONE',  ( -33.61167705983291398, 35.31608741023885045, 124.6266218876285166 ) ) ;
#487 = VECTOR ( 'NONE', #527, 1000.000000000000000 ) ;
#488 = ORIENTED_EDGE ( 'NONE', *, *, #976, .T. ) ;
#489 = CARTESIAN_POINT ( 'NONE',  ( -52.11167705983286424, 35.31608741023899256, 104.6266218876284455 ) ) ;
#490 = CARTESIAN_POINT ( 'NONE',  ( 9.399297397763701767, 107.3134662873108596, 59.31209846726632406 ) ) ;
#491 = EDGE_CURVE ( 'NONE', #2843, #4834, #5052, .T. ) ;
#492 = SURFACE_STYLE_USAGE ( .BOTH. , #3625 ) ;
#493 = DIRECTION ( 'NONE',  ( -1.000000000000000000, 0.000000000000000000, -3.700743415417181631E-15 ) ) ;
#494 = FILL_AREA_STYLE ('',( #2593 ) ) ;
#495 = FACE_BOUND ( 'NONE', #1782, .T. ) ;
#496 = CARTESIAN_POINT ( 'NONE',  ( 1.638844921945014521, 58.31608749992847862, 17.99413925407934656 ) ) ;
#497 = VERTEX_POINT ( 'NONE', #342 ) ;
#498 = ORIENTED_EDGE ( 'NONE', *, *, #3394, .F. ) ;
#499 = DIRECTION ( 'NONE',  ( 0.000000000000000000, -1.000000000000000000, -6.982962677686266711E-15 ) ) ;
#500 = ORIENTED_EDGE ( 'NONE', *, *, #796, .F. ) ;
#501 = FACE_OUTER_BOUND ( 'NONE', #4809, .T. ) ;
#502 = CARTESIAN_POINT ( 'NONE',  ( -3.388520870834297316, 90.51285391132023506, 48.29527039467613037 ) ) ;
#503 = ORIENTED_EDGE ( 'NONE', *, *, #5088, .F. ) ;
#504 = CARTESIAN_POINT ( 'NONE',  ( -12.89759313900033355, 61.64285868453390549, 17.13668276246051292 ) ) ;
#505 = FACE_OUTER_BOUND ( 'NONE', #3021, .T. ) ;
#506 = MECHANICAL_DESIGN_GEOMETRIC_PRESENTATION_REPRESENTATION (  '', ( #3646 ), #1817 ) ;
#507 = EDGE_CURVE ( 'NONE', #1081, #1491, #3726, .T. ) ;
#508 = CARTESIAN_POINT ( 'NONE',  ( 10.75812735495311401, 108.2904272201793674, 28.37788988675260882 ) ) ;
#509 =( GEOMETRIC_REPRESENTATION_CONTEXT ( 3 ) GLOBAL_UNCERTAINTY_ASSIGNED_CONTEXT ( ( #1836 ) ) GLOBAL_UNIT_ASSIGNED_CONTEXT ( ( #3575, #1178, #2812 ) ) REPRESENTATION_CONTEXT ( 'NONE', 'WORKASPACE' ) );
#511 = DIRECTION ( 'NONE',  ( 3.491481338843133355E-15, 6.982962677686266711E-15, -1.000000000000000000 ) ) ;
#510 = PRESENTATION_LAYER_ASSIGNMENT (  '', '', ( #99 ) ) ;
#512 = ORIENTED_EDGE ( 'NONE', *, *, #115, .T. ) ;
#513 = PRESENTATION_STYLE_ASSIGNMENT (( #1681 ) ) ;
#514 = DIRECTION ( 'NONE',  ( 3.491481338843133355E-15, 6.982962677686266711E-15, -1.000000000000000000 ) ) ;
#515 = SURFACE_SIDE_STYLE ('',( #819 ) ) ;
#516 = CARTESIAN_POINT ( 'NONE',  ( 10.24758164329101895, 108.1107047211639554, 58.62873591610760826 ) ) ;
#517 = EDGE_LOOP ( 'NONE', ( #2918, #613 ) ) ;
#518 =( LENGTH_UNIT ( ) NAMED_UNIT ( * ) SI_UNIT ( .MILLI., .METRE. ) );
#519 = LINE ( 'NONE', #4525, #2720 ) ;
#520 = CARTESIAN_POINT ( 'NONE',  ( -13.66120128787434318, 88.31608741023971731, 17.50995732056674115 ) ) ;
#521 = EDGE_CURVE ( 'NONE', #2667, #3213, #1121, .T. ) ;
#522 = COLOUR_RGB ( '',1.000000000000000000, 1.000000000000000000, 1.000000000000000000 ) ;
#523 = DIRECTION ( 'NONE',  ( -0.000000000000000000, -0.000000000000000000, 1.000000000000000000 ) ) ;
#524 = CARTESIAN_POINT ( 'NONE',  ( 6.013187008983055470, 38.31608741023972442, 17.50995732056688325 ) ) ;
#525 = ORIENTED_EDGE ( 'NONE', *, *, #3639, .F. ) ;
#526 = AXIS2_PLACEMENT_3D ( 'NONE', #1230, #2118, #4916 ) ;
#527 = DIRECTION ( 'NONE',  ( 0.000000000000000000, -1.000000000000000000, -6.982962677686266711E-15 ) ) ;
#528 = ORIENTED_EDGE ( 'NONE', *, *, #1089, .T. ) ;
#529 = SURFACE_STYLE_FILL_AREA ( #2012 ) ;
#530 = DIRECTION ( 'NONE',  ( -0.000000000000000000, 1.000000000000000000, 6.982962677686266711E-15 ) ) ;
#531 = VERTEX_POINT ( 'NONE', #1476 ) ;
#532 = LINE ( 'NONE', #2100, #5080 ) ;
#533 = PRESENTATION_STYLE_ASSIGNMENT (( #971 ) ) ;
#534 = EDGE_CURVE ( 'NONE', #4267, #3601, #2663, .T. ) ;
#535 = ORIENTED_EDGE ( 'NONE', *, *, #2163, .F. ) ;
#536 = SURFACE_STYLE_USAGE ( .BOTH. , #921 ) ;
#537 = SURFACE_SIDE_STYLE ('',( #2901 ) ) ;
#538 = CARTESIAN_POINT ( 'NONE',  ( -33.61167705983276477, 35.31608741023912756, 84.62662188762850235 ) ) ;
#539 = ORIENTED_EDGE ( 'NONE', *, *, #4401, .T. ) ;
#540 = DIRECTION ( 'NONE',  ( -1.000000000000000000, 0.000000000000000000, -6.608470384673580212E-15 ) ) ;
#541 = STYLED_ITEM ( 'NONE', ( #4263 ), #4272 ) ;
#542 = LINE ( 'NONE', #4851, #4466 ) ;
#543 = CARTESIAN_POINT ( 'NONE',  ( -35.86115507805501323, 51.31608741023971731, 43.50995732056697562 ) ) ;
#544 = DIRECTION ( 'NONE',  ( -1.000000000000000000, 0.000000000000000000, -3.608224830031757968E-15 ) ) ;
#545 = CARTESIAN_POINT ( 'NONE',  ( 15.11697331282477919, 45.31608741023909914, 88.73290004289775368 ) ) ;
#546 = PRESENTATION_STYLE_ASSIGNMENT (( #1405 ) ) ;
#547 = PLANE ( 'NONE',  #1819 ) ;
#548 = PRESENTATION_LAYER_ASSIGNMENT (  '', '', ( #3951 ) ) ;
#549 = EDGE_LOOP ( 'NONE', ( #4832, #1221, #2659, #20 ) ) ;
#550 = ORIENTED_EDGE ( 'NONE', *, *, #2400, .F. ) ;
#551 = EDGE_LOOP ( 'NONE', ( #4865, #4415 ) ) ;
#552 = COLOUR_RGB ( '',1.000000000000000000, 1.000000000000000000, 1.000000000000000000 ) ;
#553 = COLOUR_RGB ( '',0.9215686274509803377, 0.9215686274509803377, 0.9215686274509803377 ) ;
#554 = DIRECTION ( 'NONE',  ( -0.000000000000000000, 1.000000000000000000, -0.000000000000000000 ) ) ;
#555 = CARTESIAN_POINT ( 'NONE',  ( 3.349032438020099978, 93.46650973607491153, 49.25221848133401181 ) ) ;
#556 = ADVANCED_FACE ( 'NONE', ( #5107 ), #154, .F. ) ;
#557 = ORIENTED_EDGE ( 'NONE', *, *, #4585, .F. ) ;
#558 = CARTESIAN_POINT ( 'NONE',  ( -20.86115507805497415, 88.31608741023971731, 19.50995732056695076 ) ) ;
#559 =( BOUNDED_SURFACE ( )  B_SPLINE_SURFACE ( 3, 2, ( 
 ( #1332, #496, #955 ),
 ( #4857, #4919, #2547 ),
 ( #2912, #934, #2964 ),
 ( #3269, #1666, #1303 ),
 ( #4477, #2150, #4030 ),
 ( #4530, #4562, #3746 ),
 ( #4142, #3684, #4501 ),
 ( #2487, #4882, #134 ),
 ( #4109, #1278, #982 ),
 ( #2940, #4446, #4944 ),
 ( #473, #1255, #579 ),
 ( #2517, #1746, #2037 ),
 ( #879, #87, #2855 ),
 ( #189, #904, #2884 ) ),
 .UNSPECIFIED., .F., .F., .T. ) 
 B_SPLINE_SURFACE_WITH_KNOTS ( ( 4, 2, 2, 2, 2, 2, 4 ),
 ( 3, 3 ),
 ( -6.938893903907228378E-18, 0.001892091713354173517, 0.002838137570031263636, 0.003784183426708353972, 0.005676275140062534211, 0.006622320996739624113, 0.007568366853416714883 ),
 ( 0.000000000000000000, 0.2932238630616208486 ),
 .UNSPECIFIED. ) 
 GEOMETRIC_REPRESENTATION_ITEM ( )  RATIONAL_B_SPLINE_SURFACE ( (
 ( 1.000000000000000000, 0.8656261589873841533, 0.8100555514870628748),
 ( 1.000000000000000000, 0.8656248496438199158, 0.8100537006614902946),
 ( 1.000000000000000000, 0.8663917596547610067, 0.8111377680513149890),
 ( 1.000000000000000000, 0.8685208314918734240, 0.8141473223879120980),
 ( 1.000000000000000000, 0.8693932808861954964, 0.8153805752130984796),
 ( 1.000000000000000000, 0.8714292658728903795, 0.8182585464206200143),
 ( 1.000000000000000000, 0.8725885196004096178, 0.8198972121631549204),
 ( 1.000000000000000000, 0.8763465903180974736, 0.8252094415715323095),
 ( 1.000000000000000000, 0.8792430880055819298, 0.8293037924639546921),
 ( 1.000000000000000000, 0.8838652260172090713, 0.8358374261604624156),
 ( 1.000000000000000000, 0.8854561329665848746, 0.8380862562962789752),
 ( 1.000000000000000000, 0.8886200740407284027, 0.8425586523960466590),
 ( 1.000000000000000000, 0.8902009105505934716, 0.8447932474391939284),
 ( 1.000000000000000000, 0.8917595645455226316, 0.8469964863379131348) ) ) 
 REPRESENTATION_ITEM ( '' )  SURFACE ( )  );
#560 = FILL_AREA_STYLE ('',( #4511 ) ) ;
#561 = VECTOR ( 'NONE', #1912, 1000.000000000000227 ) ;
#562 =( GEOMETRIC_REPRESENTATION_CONTEXT ( 3 ) GLOBAL_UNCERTAINTY_ASSIGNED_CONTEXT ( ( #2629 ) ) GLOBAL_UNIT_ASSIGNED_CONTEXT ( ( #2781, #4751, #1156 ) ) REPRESENTATION_CONTEXT ( 'NONE', 'WORKASPACE' ) );
#563 = AXIS2_PLACEMENT_3D ( 'NONE', #2951, #1818, #3415 ) ;
#564 = CARTESIAN_POINT ( 'NONE',  ( -20.86115507805497415, 105.3160874102397031, 19.50995732056695076 ) ) ;
#565 = STYLED_ITEM ( 'NONE', ( #2404 ), #3691 ) ;
#566 = ORIENTED_EDGE ( 'NONE', *, *, #4015, .T. ) ;
#567 = STYLED_ITEM ( 'NONE', ( #4664 ), #1006 ) ;
#568 = DIRECTION ( 'NONE',  ( -1.000000000000000000, 2.438088387897967896E-29, -3.491481338843133355E-15 ) ) ;
#569 = CARTESIAN_POINT ( 'NONE',  ( 1.638844921944850652, 38.31608741023944731, 39.50995732056723853 ) ) ;
#570 = CARTESIAN_POINT ( 'NONE',  ( 1.638844921944987876, 89.77559119250058473, 39.50995732056697562 ) ) ;
#571 = DIRECTION ( 'NONE',  ( 1.000000000000000000, 0.000000000000000000, 0.000000000000000000 ) ) ;
#572 = VERTEX_POINT ( 'NONE', #1642 ) ;
#573 = PRESENTATION_STYLE_ASSIGNMENT (( #1797 ) ) ;
#574 = COLOUR_RGB ( '',0.9215686274509803377, 0.9215686274509803377, 0.9215686274509803377 ) ;
#575 = ADVANCED_FACE ( 'NONE', ( #2800 ), #4492, .F. ) ;
#576 = DIRECTION ( 'NONE',  ( -0.000000000000000000, -0.000000000000000000, 1.000000000000000000 ) ) ;
#577 = DIRECTION ( 'NONE',  ( -1.000000000000000000, -0.000000000000000000, -0.000000000000000000 ) ) ;
#578 = COLOUR_RGB ( '',0.9215686274509803377, 0.9215686274509803377, 0.9215686274509803377 ) ;
#579 = CARTESIAN_POINT ( 'NONE',  ( 0.3910509752159089802, 62.92068754662265917, 16.80589796008417736 ) ) ;
#580 = EDGE_LOOP ( 'NONE', ( #2946, #50, #4356, #965, #3881, #3820, #131, #4284 ) ) ;
#581 = CYLINDRICAL_SURFACE ( 'NONE', #4732, 2.199999999999981526 ) ;
#582 = ORIENTED_EDGE ( 'NONE', *, *, #2975, .F. ) ;
#583 = DIRECTION ( 'NONE',  ( 6.308085367188368350E-15, 6.308085367188368350E-15, -1.000000000000000000 ) ) ;
#584 = CARTESIAN_POINT ( 'NONE',  ( -21.29055470928087601, 107.5621517625940413, 26.80574865483489333 ) ) ;
#585 = ORIENTED_EDGE ( 'NONE', *, *, #3835, .T. ) ;
#586 =( NAMED_UNIT ( * ) SI_UNIT ( $, .STERADIAN. ) SOLID_ANGLE_UNIT ( ) );
#587 = FILL_AREA_STYLE ('',( #5003 ) ) ;
#588 = AXIS2_PLACEMENT_3D ( 'NONE', #538, #2108, #3590 ) ;
#589 = ADVANCED_FACE ( 'NONE', ( #4791 ), #1267, .F. ) ;
#590 = AXIS2_PLACEMENT_3D ( 'NONE', #1614, #793, #2382 ) ;
#591 = ORIENTED_EDGE ( 'NONE', *, *, #2279, .T. ) ;
#592 = FACE_OUTER_BOUND ( 'NONE', #1063, .T. ) ;
#593 = FACE_OUTER_BOUND ( 'NONE', #4488, .T. ) ;
#594 = PRESENTATION_LAYER_ASSIGNMENT (  '', '', ( #2582 ) ) ;
#595 =( NAMED_UNIT ( * ) PLANE_ANGLE_UNIT ( ) SI_UNIT ( $, .RADIAN. ) );
#596 = FILL_AREA_STYLE ('',( #2141 ) ) ;
#597 = ORIENTED_EDGE ( 'NONE', *, *, #3835, .F. ) ;
#598 =( NAMED_UNIT ( * ) PLANE_ANGLE_UNIT ( ) SI_UNIT ( $, .RADIAN. ) );
#599 = DIRECTION ( 'NONE',  ( -0.9606193123875081952, -1.940340758083427870E-15, 0.2778678402912988510 ) ) ;
#600 = CARTESIAN_POINT ( 'NONE',  ( -20.86115507805497415, 108.3160874102397315, 39.50995732056697562 ) ) ;
#601 = EDGE_CURVE ( 'NONE', #3477, #406, #4652, .T. ) ;
#602 =( LENGTH_UNIT ( ) NAMED_UNIT ( * ) SI_UNIT ( .MILLI., .METRE. ) );
#603 = ORIENTED_EDGE ( 'NONE', *, *, #3047, .T. ) ;
#604 = VECTOR ( 'NONE', #599, 1000.000000000000114 ) ;
#605 = ORIENTED_EDGE ( 'NONE', *, *, #1615, .T. ) ;
#606 = FILL_AREA_STYLE ('',( #1807 ) ) ;
#607 = ORIENTED_EDGE ( 'NONE', *, *, #1593, .F. ) ;
#608 = CARTESIAN_POINT ( 'NONE',  ( -20.90856639858434818, 106.7577714513990372, 26.42733362870962210 ) ) ;
#609 = ORIENTED_EDGE ( 'NONE', *, *, #1550, .T. ) ;
#610 = CARTESIAN_POINT ( 'NONE',  ( -12.53607011989176989, 62.30191468686482636, 16.97797963534806698 ) ) ;
#611 = DIRECTION ( 'NONE',  ( 0.000000000000000000, 1.000000000000000000, 6.982962677686267499E-15 ) ) ;
#612 = LINE ( 'NONE', #4956, #1368 ) ;
#613 = ORIENTED_EDGE ( 'NONE', *, *, #2143, .F. ) ;
#614 =( NAMED_UNIT ( * ) PLANE_ANGLE_UNIT ( ) SI_UNIT ( $, .RADIAN. ) );
#615 = DIRECTION ( 'NONE',  ( -1.000000000000000000, -0.000000000000000000, -7.012323397502677495E-15 ) ) ;
#616 = CARTESIAN_POINT ( 'NONE',  ( 34.38697919279155713, 35.31608741023876519, 137.5099573205673380 ) ) ;
#617 =( LENGTH_UNIT ( ) NAMED_UNIT ( * ) SI_UNIT ( .MILLI., .METRE. ) );
#618 = ORIENTED_EDGE ( 'NONE', *, *, #369, .F. ) ;
#619 = EDGE_CURVE ( 'NONE', #4117, #2866, #3031, .T. ) ;
#620 = DIRECTION ( 'NONE',  ( -1.000000000000000000, 2.438088387897967896E-29, -3.491481338843133355E-15 ) ) ;
#621 = CARTESIAN_POINT ( 'NONE',  ( -5.861155078055012346, 89.77559119250058473, 39.50995732056697562 ) ) ;
#622 = FILL_AREA_STYLE ('',( #2573 ) ) ;
#623 = CARTESIAN_POINT ( 'NONE',  ( 8.859041467634639844, 102.4026244559963033, 59.71696617296193210 ) ) ;
#624 = DIRECTION ( 'NONE',  ( -1.000000000000000000, 0.000000000000000000, -3.700743415417181631E-15 ) ) ;
#625 = ORIENTED_EDGE ( 'NONE', *, *, #4327, .F. ) ;
#626 = ORIENTED_EDGE ( 'NONE', *, *, #677, .F. ) ;
#627 = VECTOR ( 'NONE', #1938, 1000.000000000000000 ) ;
#628 = EDGE_CURVE ( 'NONE', #5041, #1934, #1821, .T. ) ;
#629 = LINE ( 'NONE', #5075, #4663 ) ;
#630 = VERTEX_POINT ( 'NONE', #2165 ) ;
#631 = FILL_AREA_STYLE_COLOUR ( '', #4802 ) ;
#632 = PRESENTATION_STYLE_ASSIGNMENT (( #4193 ) ) ;
#633 = CIRCLE ( 'NONE', #3516, 2.200000000000007283 ) ;
#634 = PLANE ( 'NONE',  #2453 ) ;
#635 = MECHANICAL_DESIGN_GEOMETRIC_PRESENTATION_REPRESENTATION (  '', ( #2867 ), #317 ) ;
#636 = EDGE_CURVE ( 'NONE', #425, #3956, #2608, .T. ) ;
#637 = FILL_AREA_STYLE ('',( #1440 ) ) ;
#638 = EDGE_LOOP ( 'NONE', ( #3502, #3004, #4061, #3731 ) ) ;
#639 = CARTESIAN_POINT ( 'NONE',  ( -11.15710555108033653, 63.62673108594334082, 17.50995732056675891 ) ) ;
#640 = PRESENTATION_LAYER_ASSIGNMENT (  '', '', ( #471 ) ) ;
#641 = LINE ( 'NONE', #3780, #4812 ) ;
#642 = CARTESIAN_POINT ( 'NONE',  ( 6.013187008983055470, 108.3160874102397315, 17.50995732056688325 ) ) ;
#643 = SURFACE_STYLE_FILL_AREA ( #3338 ) ;
#644 = COLOUR_RGB ( '',0.9215686274509803377, 0.9215686274509803377, 0.9215686274509803377 ) ;
#645 = PLANE ( 'NONE',  #3206 ) ;
#646 = ORIENTED_EDGE ( 'NONE', *, *, #327, .T. ) ;
#647 = DIRECTION ( 'NONE',  ( -0.000000000000000000, -0.000000000000000000, 1.000000000000000000 ) ) ;
#648 = MECHANICAL_DESIGN_GEOMETRIC_PRESENTATION_REPRESENTATION (  '', ( #5149 ), #4210 ) ;
#649 =( GEOMETRIC_REPRESENTATION_CONTEXT ( 3 ) GLOBAL_UNCERTAINTY_ASSIGNED_CONTEXT ( ( #2048 ) ) GLOBAL_UNIT_ASSIGNED_CONTEXT ( ( #518, #1227, #1327 ) ) REPRESENTATION_CONTEXT ( 'NONE', 'WORKASPACE' ) );
#650 = CARTESIAN_POINT ( 'NONE',  ( 0.8621002319409846182, 61.67599157923301334, 18.14307584937427364 ) ) ;
#651 = EDGE_CURVE ( 'NONE', #2610, #5082, #3417, .T. ) ;
#652 = SURFACE_SIDE_STYLE ('',( #1427 ) ) ;
#653 = PRESENTATION_LAYER_ASSIGNMENT (  '', '', ( #4650 ) ) ;
#654 = DIRECTION ( 'NONE',  ( 0.000000000000000000, -1.000000000000000000, -6.982962677686266711E-15 ) ) ;
#655 = EDGE_LOOP ( 'NONE', ( #4724, #3284, #528, #3027, #3332, #174, #4017, #1281, #3305, #4738 ) ) ;
#656 = DIRECTION ( 'NONE',  ( -1.000000000000000000, 2.438088387897967896E-29, -3.491481338843133355E-15 ) ) ;
#657 = PRESENTATION_STYLE_ASSIGNMENT (( #2286 ) ) ;
#658 = EDGE_LOOP ( 'NONE', ( #190, #3092, #4111, #910 ) ) ;
#659 = DIRECTION ( 'NONE',  ( -1.000000000000000000, 2.438088387897967896E-29, -3.491481338843133355E-15 ) ) ;
#660 = CARTESIAN_POINT ( 'NONE',  ( 35.50597919279156400, 35.31608741023878650, 134.0099573205673664 ) ) ;
#661 =( NAMED_UNIT ( * ) SI_UNIT ( $, .STERADIAN. ) SOLID_ANGLE_UNIT ( ) );
#662 = UNCERTAINTY_MEASURE_WITH_UNIT (LENGTH_MEASURE( 1.000000000000000082E-05 ), #279, 'distance_accuracy_value', 'NONE');
#663 = SURFACE_SIDE_STYLE ('',( #1117 ) ) ;
#664 = ORIENTED_EDGE ( 'NONE', *, *, #294, .F. ) ;
#665 = EDGE_CURVE ( 'NONE', #3803, #1824, #2344, .T. ) ;
#666 = DIRECTION ( 'NONE',  ( -0.000000000000000000, 1.000000000000000000, -0.000000000000000000 ) ) ;
#667 = UNCERTAINTY_MEASURE_WITH_UNIT (LENGTH_MEASURE( 1.000000000000000082E-05 ), #4417, 'distance_accuracy_value', 'NONE');
#668 = CARTESIAN_POINT ( 'NONE',  ( 22.80192781192484475, 38.31608741023912046, 86.50995732056732379 ) ) ;
#669 = ORIENTED_EDGE ( 'NONE', *, *, #3549, .F. ) ;
#670 = ORIENTED_EDGE ( 'NONE', *, *, #2273, .F. ) ;
#671 = CARTESIAN_POINT ( 'NONE',  ( -17.73549716509293006, 108.3160874102397315, 61.50995732056698273 ) ) ;
#672 = COLOUR_RGB ( '',1.000000000000000000, 1.000000000000000000, 1.000000000000000000 ) ;
#673 = CARTESIAN_POINT ( 'NONE',  ( -13.36115507805554792, 38.31608741023864440, 153.7311177574587191 ) ) ;
#674 =( NAMED_UNIT ( * ) SI_UNIT ( $, .STERADIAN. ) SOLID_ANGLE_UNIT ( ) );
#675 = CARTESIAN_POINT ( 'NONE',  ( -20.86115507805497415, 106.3160874102397315, 59.50995732056699694 ) ) ;
#676 = AXIS2_PLACEMENT_3D ( 'NONE', #2460, #4966, #2091 ) ;
#677 = EDGE_CURVE ( 'NONE', #425, #3770, #3110, .T. ) ;
#678 = VERTEX_POINT ( 'NONE', #570 ) ;
#679 = FILL_AREA_STYLE_COLOUR ( '', #4234 ) ;
#680 = ORIENTED_EDGE ( 'NONE', *, *, #3583, .F. ) ;
#681 = CARTESIAN_POINT ( 'NONE',  ( -12.98779305528707617, 60.70359955598599555, 17.78872235655847334 ) ) ;
#682 = STYLED_ITEM ( 'NONE', ( #4892 ), #3222 ) ;
#683 = EDGE_CURVE ( 'NONE', #1658, #4180, #2247, .T. ) ;
#684 = PRESENTATION_STYLE_ASSIGNMENT (( #1812 ) ) ;
#685 =( NAMED_UNIT ( * ) PLANE_ANGLE_UNIT ( ) SI_UNIT ( $, .RADIAN. ) );
#686 = VERTEX_POINT ( 'NONE', #4519 ) ;
#687 = FILL_AREA_STYLE_COLOUR ( '', #3296 ) ;
#688 = DIRECTION ( 'NONE',  ( -1.000000000000000000, 2.438088387897967896E-29, -3.491481338843133355E-15 ) ) ;
#689 =( GEOMETRIC_REPRESENTATION_CONTEXT ( 3 ) GLOBAL_UNCERTAINTY_ASSIGNED_CONTEXT ( ( #3059 ) ) GLOBAL_UNIT_ASSIGNED_CONTEXT ( ( #4083, #953, #2515 ) ) REPRESENTATION_CONTEXT ( 'NONE', 'WORKASPACE' ) );
#690 = DIRECTION ( 'NONE',  ( -3.644137004729092380E-15, -6.982962677686266711E-15, 1.000000000000000000 ) ) ;
#691 = DIRECTION ( 'NONE',  ( -0.2778678402912958534, 6.707968805866620735E-15, -0.9606193123875090834 ) ) ;
#692 = ORIENTED_EDGE ( 'NONE', *, *, #507, .T. ) ;
#693 = EDGE_CURVE ( 'NONE', #135, #2591, #1378, .T. ) ;
#694 = VERTEX_POINT ( 'NONE', #2140 ) ;
#695 = DIRECTION ( 'NONE',  ( -0.000000000000000000, -0.000000000000000000, 1.000000000000000000 ) ) ;
#696 = SURFACE_STYLE_FILL_AREA ( #769 ) ;
#697 = DIRECTION ( 'NONE',  ( 0.000000000000000000, 1.000000000000000000, 6.982962677686266711E-15 ) ) ;
#698 = ORIENTED_EDGE ( 'NONE', *, *, #1111, .T. ) ;
#699 = ORIENTED_EDGE ( 'NONE', *, *, #3314, .F. ) ;
#700 = FILL_AREA_STYLE ('',( #3044 ) ) ;
#701 = ORIENTED_EDGE ( 'NONE', *, *, #1359, .T. ) ;
#702 = APPLICATION_PROTOCOL_DEFINITION ( 'draft international standard', 'automotive_design', 1998, #2735 ) ;
#703 = DIRECTION ( 'NONE',  ( 1.000000000000000000, 0.000000000000000000, 0.000000000000000000 ) ) ;
#704 = COLOUR_RGB ( '',0.9215686274509803377, 0.9215686274509803377, 0.9215686274509803377 ) ;
#705 = CARTESIAN_POINT ( 'NONE',  ( -13.36115507805501146, 58.31609001472889986, 39.50995732056697562 ) ) ;
#706 = UNCERTAINTY_MEASURE_WITH_UNIT (LENGTH_MEASURE( 1.000000000000000082E-05 ), #2325, 'distance_accuracy_value', 'NONE');
#707 = ADVANCED_FACE ( 'NONE', ( #4178, #2186 ), #3734, .F. ) ;
#708 = EDGE_LOOP ( 'NONE', ( #90, #3643, #5089, #2306 ) ) ;
#709 = FILL_AREA_STYLE ('',( #687 ) ) ;
#710 = SURFACE_SIDE_STYLE ('',( #2662 ) ) ;
#711 = CARTESIAN_POINT ( 'NONE',  ( -53.61167705983285714, 35.31608741023899256, 104.6266218876284455 ) ) ;
#712 = COLOUR_RGB ( '',1.000000000000000000, 1.000000000000000000, 1.000000000000000000 ) ;
#713 = UNCERTAINTY_MEASURE_WITH_UNIT (LENGTH_MEASURE( 1.000000000000000082E-05 ), #193, 'distance_accuracy_value', 'NONE');
#714 = FILL_AREA_STYLE_COLOUR ( '', #2703 ) ;
#715 = AXIS2_PLACEMENT_3D ( 'NONE', #133, #4500, #3657 ) ;
#716 = PRESENTATION_STYLE_ASSIGNMENT (( #3438 ) ) ;
#717 = ORIENTED_EDGE ( 'NONE', *, *, #4327, .T. ) ;
#718 =( NAMED_UNIT ( * ) PLANE_ANGLE_UNIT ( ) SI_UNIT ( $, .RADIAN. ) );
#719 = COLOUR_RGB ( '',0.9215686274509803377, 0.9215686274509803377, 0.9215686274509803377 ) ;
#720 = EDGE_LOOP ( 'NONE', ( #4175, #3677, #500, #1883 ) ) ;
#721 = COLOUR_RGB ( '',0.9215686274509803377, 0.9215686274509803377, 0.9215686274509803377 ) ;
#722 = VECTOR ( 'NONE', #4120, 1000.000000000000000 ) ;
#723 = CARTESIAN_POINT ( 'NONE',  ( -82.46302080720838035, 38.31608741023887177, 122.0099573205669685 ) ) ;
#724 = FACE_OUTER_BOUND ( 'NONE', #3938, .T. ) ;
#725 = EDGE_CURVE ( 'NONE', #3492, #2161, #4705, .T. ) ;
#726 = AXIS2_PLACEMENT_3D ( 'NONE', #4189, #3797, #3020 ) ;
#727 = PLANE ( 'NONE',  #1535 ) ;
#728 = COLOUR_RGB ( '',1.000000000000000000, 1.000000000000000000, 1.000000000000000000 ) ;
#729 = DIRECTION ( 'NONE',  ( 0.000000000000000000, -1.000000000000000000, 0.000000000000000000 ) ) ;
#730 = FACE_OUTER_BOUND ( 'NONE', #4973, .T. ) ;
#731 = ORIENTED_EDGE ( 'NONE', *, *, #1432, .F. ) ;
#732 = CARTESIAN_POINT ( 'NONE',  ( -85.61302080720817287, 35.31608741023928388, 62.50995732056691168 ) ) ;
#733 =( LENGTH_UNIT ( ) NAMED_UNIT ( * ) SI_UNIT ( .MILLI., .METRE. ) );
#734 = SURFACE_STYLE_USAGE ( .BOTH. , #833 ) ;
#735 = CARTESIAN_POINT ( 'NONE',  ( -35.86115507805501323, 48.31608741023972442, 43.50995732056697562 ) ) ;
#736 = ORIENTED_EDGE ( 'NONE', *, *, #4897, .T. ) ;
#737 =( NAMED_UNIT ( * ) SI_UNIT ( $, .STERADIAN. ) SOLID_ANGLE_UNIT ( ) );
#738 = DIRECTION ( 'NONE',  ( -1.000000000000000000, 0.000000000000000000, -3.469446951953611033E-15 ) ) ;
#739 = FILL_AREA_STYLE_COLOUR ( '', #578 ) ;
#740 = EDGE_CURVE ( 'NONE', #3055, #1513, #1897, .T. ) ;
#741 = PLANE ( 'NONE',  #4537 ) ;
#742 = EDGE_LOOP ( 'NONE', ( #3472, #1307, #3018, #2784 ) ) ;
#743 = CARTESIAN_POINT ( 'NONE',  ( 0.4265053318040537556, 91.68859593921416717, 30.33177475039059701 ) ) ;
#744 = STYLED_ITEM ( 'NONE', ( #3427 ), #1822 ) ;
#745 = DIRECTION ( 'NONE',  ( 0.000000000000000000, -1.000000000000000000, -6.982962677686266711E-15 ) ) ;
#746 = LINE ( 'NONE', #296, #2209 ) ;
#747 =( NAMED_UNIT ( * ) PLANE_ANGLE_UNIT ( ) SI_UNIT ( $, .RADIAN. ) );
#748 = LINE ( 'NONE', #4291, #4644 ) ;
#749 = COLOUR_RGB ( '',0.9215686274509803377, 0.9215686274509803377, 0.9215686274509803377 ) ;
#750 = VECTOR ( 'NONE', #297, 1000.000000000000000 ) ;
#751 = CARTESIAN_POINT ( 'NONE',  ( 19.13884492194497966, 108.3160874102397315, 39.50995732056697562 ) ) ;
#752 = ORIENTED_EDGE ( 'NONE', *, *, #992, .T. ) ;
#753 = EDGE_CURVE ( 'NONE', #5005, #856, #2666, .T. ) ;
#754 = PRODUCT_CONTEXT ( 'NONE', #2735, 'mechanical' ) ;
#755 = FILL_AREA_STYLE_COLOUR ( '', #1008 ) ;
#756 = SURFACE_SIDE_STYLE ('',( #1157 ) ) ;
#757 = DIRECTION ( 'NONE',  ( 3.491481338843133355E-15, 6.982962677686266711E-15, -1.000000000000000000 ) ) ;
#758 = ORIENTED_EDGE ( 'NONE', *, *, #3029, .T. ) ;
#759 = FACE_OUTER_BOUND ( 'NONE', #4131, .T. ) ;
#760 = FACE_OUTER_BOUND ( 'NONE', #1344, .T. ) ;
#761 = CARTESIAN_POINT ( 'NONE',  ( 35.50597919279156400, 35.31608741023878650, 134.0099573205673664 ) ) ;
#762 = UNCERTAINTY_MEASURE_WITH_UNIT (LENGTH_MEASURE( 1.000000000000000082E-05 ), #3906, 'distance_accuracy_value', 'NONE');
#763 =( GEOMETRIC_REPRESENTATION_CONTEXT ( 3 ) GLOBAL_UNCERTAINTY_ASSIGNED_CONTEXT ( ( #4896 ) ) GLOBAL_UNIT_ASSIGNED_CONTEXT ( ( #4974, #1366, #2468 ) ) REPRESENTATION_CONTEXT ( 'NONE', 'WORKASPACE' ) );
#764 = FILL_AREA_STYLE_COLOUR ( '', #1270 ) ;
#765 = DIRECTION ( 'NONE',  ( 6.308085367188368350E-15, 6.308085367188368350E-15, -1.000000000000000000 ) ) ;
#766 = VERTEX_POINT ( 'NONE', #1447 ) ;
#767 = MECHANICAL_DESIGN_GEOMETRIC_PRESENTATION_REPRESENTATION (  '', ( #3760 ), #4096 ) ;
#768 = CARTESIAN_POINT ( 'NONE',  ( -12.57428053929604772, 91.89296757058556864, 30.26511688541903311 ) ) ;
#769 = FILL_AREA_STYLE ('',( #10 ) ) ;
#770 = CARTESIAN_POINT ( 'NONE',  ( 1.638844921944987876, 38.31608741023972442, 18.56359725491356372 ) ) ;
#771 = FACE_OUTER_BOUND ( 'NONE', #3767, .T. ) ;
#772 = EDGE_CURVE ( 'NONE', #264, #4258, #2010, .T. ) ;
#773 =( LENGTH_UNIT ( ) NAMED_UNIT ( * ) SI_UNIT ( .MILLI., .METRE. ) );
#774 = DIRECTION ( 'NONE',  ( -1.000000000000000000, 2.438088387897967896E-29, -3.491481338843133355E-15 ) ) ;
#775 = CARTESIAN_POINT ( 'NONE',  ( -22.86115507805497415, 108.3160874102397315, 21.17965454074358789 ) ) ;
#776 = CARTESIAN_POINT ( 'NONE',  ( -33.76402080720819754, 41.81608741023926257, 65.75995732056715326 ) ) ;
#777 = DIRECTION ( 'NONE',  ( 1.000000000000000000, -2.438088387897967896E-29, 3.491481338843133355E-15 ) ) ;
#778 = CARTESIAN_POINT ( 'NONE',  ( -82.46302080720838035, 45.31608741023887177, 122.0099573205670254 ) ) ;
#779 = PRESENTATION_STYLE_ASSIGNMENT (( #4810 ) ) ;
#780 = VERTEX_POINT ( 'NONE', #448 ) ;
#781 = SURFACE_SIDE_STYLE ('',( #3931 ) ) ;
#782 =( NAMED_UNIT ( * ) PLANE_ANGLE_UNIT ( ) SI_UNIT ( $, .RADIAN. ) );
#783 = CARTESIAN_POINT ( 'NONE',  ( -38.26402080720821886, 45.31608741023920572, 73.75995732056715326 ) ) ;
#784 = EDGE_CURVE ( 'NONE', #150, #1763, #3889, .T. ) ;
#785 = AXIS2_PLACEMENT_3D ( 'NONE', #1377, #5008, #2301 ) ;
#786 = DIRECTION ( 'NONE',  ( 1.000000000000000000, 0.000000000000000000, 0.000000000000000000 ) ) ;
#787 = DIRECTION ( 'NONE',  ( 1.000000000000000000, -2.438088387897967896E-29, 3.491481338843133355E-15 ) ) ;
#788 = CARTESIAN_POINT ( 'NONE',  ( -33.76402080720819754, 41.81608741023926257, 65.75995732056715326 ) ) ;
#789 = ORIENTED_EDGE ( 'NONE', *, *, #1021, .T. ) ;
#790 = AXIS2_PLACEMENT_3D ( 'NONE', #3130, #2744, #4383 ) ;
#791 = CARTESIAN_POINT ( 'NONE',  ( -17.22693037640499725, 95.47785151706870010, 29.16521600815831761 ) ) ;
#792 = AXIS2_PLACEMENT_3D ( 'NONE', #185, #2513, #544 ) ;
#793 = DIRECTION ( 'NONE',  ( 0.9606193123875088613, 1.940340758083416432E-15, -0.2778678402912971301 ) ) ;
#794 = PLANE ( 'NONE',  #2665 ) ;
#795 = AXIS2_PLACEMENT_3D ( 'NONE', #1845, #4737, #765 ) ;
#796 = EDGE_CURVE ( 'NONE', #4920, #694, #3135, .T. ) ;
#797 = DIRECTION ( 'NONE',  ( -1.000000000000000000, 2.438088387897967896E-29, -3.491481338843133355E-15 ) ) ;
#798 =( GEOMETRIC_REPRESENTATION_CONTEXT ( 3 ) GLOBAL_UNCERTAINTY_ASSIGNED_CONTEXT ( ( #2267 ) ) GLOBAL_UNIT_ASSIGNED_CONTEXT ( ( #3050, #2290, #336 ) ) REPRESENTATION_CONTEXT ( 'NONE', 'WORKASPACE' ) );
#799 = AXIS2_PLACEMENT_3D ( 'NONE', #295, #2961, #2169 ) ;
#800 = PRESENTATION_STYLE_ASSIGNMENT (( #1179 ) ) ;
#801 = ORIENTED_EDGE ( 'NONE', *, *, #2250, .T. ) ;
#802 = DIRECTION ( 'NONE',  ( 0.000000000000000000, -1.000000000000000000, -6.982962677686266711E-15 ) ) ;
#803 = CARTESIAN_POINT ( 'NONE',  ( -17.73549716509293006, 38.31608741023972442, 61.50995732056698273 ) ) ;
#804 = MECHANICAL_DESIGN_GEOMETRIC_PRESENTATION_REPRESENTATION (  '', ( #1626 ), #3718 ) ;
#805 = ORIENTED_EDGE ( 'NONE', *, *, #2514, .T. ) ;
#806 = DIRECTION ( 'NONE',  ( 1.000000000000000000, 0.000000000000000000, 6.608470384673580212E-15 ) ) ;
#807 = STYLED_ITEM ( 'NONE', ( #4887 ), #835 ) ;
#808 = DIRECTION ( 'NONE',  ( -0.000000000000000000, 1.000000000000000000, 0.000000000000000000 ) ) ;
#809 = ORIENTED_EDGE ( 'NONE', *, *, #1869, .F. ) ;
#810 = UNCERTAINTY_MEASURE_WITH_UNIT (LENGTH_MEASURE( 1.000000000000000082E-05 ), #2228, 'distance_accuracy_value', 'NONE');
#811 =( NAMED_UNIT ( * ) SI_UNIT ( $, .STERADIAN. ) SOLID_ANGLE_UNIT ( ) );
#812 =( GEOMETRIC_REPRESENTATION_CONTEXT ( 3 ) GLOBAL_UNCERTAINTY_ASSIGNED_CONTEXT ( ( #4682 ) ) GLOBAL_UNIT_ASSIGNED_CONTEXT ( ( #2902, #1296, #4436 ) ) REPRESENTATION_CONTEXT ( 'NONE', 'WORKASPACE' ) );
#813 = CARTESIAN_POINT ( 'NONE',  ( -15.36115507805501323, 58.31609261921808240, 18.56359725491356372 ) ) ;
#814 = ADVANCED_FACE ( 'NONE', ( #1503, #5111 ), #4404, .F. ) ;
#815 = VERTEX_POINT ( 'NONE', #3490 ) ;
#816 = CARTESIAN_POINT ( 'NONE',  ( -35.11167705983275766, 38.31608741023913467, 84.62662188762851656 ) ) ;
#817 = CARTESIAN_POINT ( 'NONE',  ( 7.650448508728009855, 98.72931918635239867, 28.26118654919686790 ) ) ;
#818 = SURFACE_SIDE_STYLE ('',( #923 ) ) ;
#819 = SURFACE_STYLE_FILL_AREA ( #4075 ) ;
#820 = CARTESIAN_POINT ( 'NONE',  ( 10.03525709120287424, 107.9885393301416769, 58.80563491654719854 ) ) ;
#821 = FILL_AREA_STYLE ('',( #2804 ) ) ;
#822 = SURFACE_SIDE_STYLE ('',( #4395 ) ) ;
#823 = MECHANICAL_DESIGN_GEOMETRIC_PRESENTATION_REPRESENTATION (  '', ( #1075 ), #1813 ) ;
#824 = DIRECTION ( 'NONE',  ( 0.000000000000000000, 1.000000000000000000, 6.982962677686266711E-15 ) ) ;
#825 = CARTESIAN_POINT ( 'NONE',  ( -13.36115507805507541, 35.31608741023958942, 18.56359725491374491 ) ) ;
#826 = SURFACE_SIDE_STYLE ('',( #1254 ) ) ;
#827 = ADVANCED_FACE ( 'NONE', ( #3507 ), #4257, .T. ) ;
#828 = FACE_OUTER_BOUND ( 'NONE', #960, .T. ) ;
#829 = DIRECTION ( 'NONE',  ( 0.000000000000000000, -1.000000000000000000, -6.982962677686266711E-15 ) ) ;
#830 = MECHANICAL_DESIGN_GEOMETRIC_PRESENTATION_REPRESENTATION (  '', ( #1483 ), #4491 ) ;
#831 = CARTESIAN_POINT ( 'NONE',  ( 29.35492585898175477, 45.31608741023895703, 109.1643835090797978 ) ) ;
#832 = ORIENTED_EDGE ( 'NONE', *, *, #95, .T. ) ;
#833 = SURFACE_SIDE_STYLE ('',( #2390 ) ) ;
#834 = CARTESIAN_POINT ( 'NONE',  ( 9.138844921944986766, 105.3160874102397031, 14.50995732056697207 ) ) ;
#835 = ADVANCED_FACE ( 'NONE', ( #3273 ), #1696, .F. ) ;
#836 = ORIENTED_EDGE ( 'NONE', *, *, #693, .F. ) ;
#837 = FILL_AREA_STYLE_COLOUR ( '', #574 ) ;
#838 = DIRECTION ( 'NONE',  ( 0.000000000000000000, 0.000000000000000000, -1.000000000000000000 ) ) ;
#839 =( NAMED_UNIT ( * ) SI_UNIT ( $, .STERADIAN. ) SOLID_ANGLE_UNIT ( ) );
#840 = DIRECTION ( 'NONE',  ( 0.000000000000000000, -1.000000000000000000, -6.982962677686266711E-15 ) ) ;
#841 = ORIENTED_EDGE ( 'NONE', *, *, #1769, .T. ) ;
#842 = LINE ( 'NONE', #2022, #2475 ) ;
#843 = CARTESIAN_POINT ( 'NONE',  ( -17.73549716509293006, 96.15093602032807496, 61.50995732056697562 ) ) ;
#844 = EDGE_CURVE ( 'NONE', #3485, #1934, #909, .T. ) ;
#845 = DIRECTION ( 'NONE',  ( 1.000000000000000000, -2.438088387897967896E-29, 3.491481338843133355E-15 ) ) ;
#846 = CARTESIAN_POINT ( 'NONE',  ( 10.95144112663615132, 108.3160874102418632, 50.34799995169792197 ) ) ;
#847 = FILL_AREA_STYLE_COLOUR ( '', #3554 ) ;
#848 = CARTESIAN_POINT ( 'NONE',  ( 15.11697331282477919, 38.31608741023909914, 88.73290004289769684 ) ) ;
#849 = CARTESIAN_POINT ( 'NONE',  ( 1.045979192791798962, 38.31608741023924125, 68.50995732056722431 ) ) ;
#850 = DIRECTION ( 'NONE',  ( 0.000000000000000000, 0.000000000000000000, -1.000000000000000000 ) ) ;
#851 = EDGE_CURVE ( 'NONE', #222, #1670, #3351, .T. ) ;
#852 = DIRECTION ( 'NONE',  ( -1.000000000000000000, -0.000000000000000000, -7.012323397502677495E-15 ) ) ;
#853 = SURFACE_SIDE_STYLE ('',( #1622 ) ) ;
#854 = CARTESIAN_POINT ( 'NONE',  ( -21.65472657807266899, 107.9165436657806225, 20.13009289798847945 ) ) ;
#855 =( NAMED_UNIT ( * ) SI_UNIT ( $, .STERADIAN. ) SOLID_ANGLE_UNIT ( ) );
#856 = VERTEX_POINT ( 'NONE', #3304 ) ;
#857 = CARTESIAN_POINT ( 'NONE',  ( -13.46565584140280514, 92.37708597397286781, 48.91058559823333951 ) ) ;
#858 = ORIENTED_EDGE ( 'NONE', *, *, #4964, .T. ) ;
#859 = CARTESIAN_POINT ( 'NONE',  ( -74.46302080720836614, 41.81608741023891440, 115.3099573205670083 ) ) ;
#860 =( NAMED_UNIT ( * ) PLANE_ANGLE_UNIT ( ) SI_UNIT ( $, .RADIAN. ) );
#861 = UNCERTAINTY_MEASURE_WITH_UNIT (LENGTH_MEASURE( 1.000000000000000082E-05 ), #4365, 'distance_accuracy_value', 'NONE');
#862 = ADVANCED_FACE ( 'NONE', ( #3687 ), #581, .F. ) ;
#863 = CARTESIAN_POINT ( 'NONE',  ( 6.013187008983055470, 96.15093602032821707, 17.50995732056688325 ) ) ;
#864 = ORIENTED_EDGE ( 'NONE', *, *, #651, .F. ) ;
#865 = COLOUR_RGB ( '',0.9215686274509803377, 0.9215686274509803377, 0.9215686274509803377 ) ;
#866 = CARTESIAN_POINT ( 'NONE',  ( -13.36115507805501323, 48.31608741023972442, 14.50995732056697207 ) ) ;
#867 = DIRECTION ( 'NONE',  ( -0.000000000000000000, 0.000000000000000000, 1.000000000000000000 ) ) ;
#868 = CARTESIAN_POINT ( 'NONE',  ( 0.4831336921697375053, 108.3160874102397315, 43.50995732056698984 ) ) ;
#869 = LINE ( 'NONE', #4078, #3562 ) ;
#870 = B_SPLINE_CURVE_WITH_KNOTS ( 'NONE', 3,
 ( #2871, #129, #1661, #1683, #4824, #4392, #1711, #1248, #2026, #104, #2423, #1224, #2000, #3647, #4468, #2904, #846, #4419 ),
 .UNSPECIFIED., .F., .F.,
 ( 4, 2, 2, 2, 2, 2, 2, 2, 4 ),
 ( 0.000000000000000000, 0.0002658825485714456471, 0.0005317650971428912942, 0.001063530194285817717, 0.001595295291428744247, 0.002127060388571670995, 0.002658825485714597092, 0.003190590582857523189, 0.004254120777143396634 ),
 .UNSPECIFIED. ) ;
#871 = DIRECTION ( 'NONE',  ( -0.2778678402912969636, 6.707968805866618368E-15, -0.9606193123875087503 ) ) ;
#872 = DIRECTION ( 'NONE',  ( 0.000000000000000000, 1.000000000000000000, 6.505213034913026604E-16 ) ) ;
#873 = DIRECTION ( 'NONE',  ( -0.000000000000000000, 1.000000000000000000, 6.982962677686266711E-15 ) ) ;
#874 = CARTESIAN_POINT ( 'NONE',  ( -33.61167705983291398, 38.31608741023885045, 124.6266218876285450 ) ) ;
#875 = CIRCLE ( 'NONE', #314, 24.99999999999999289 ) ;
#876 =( LENGTH_UNIT ( ) NAMED_UNIT ( * ) SI_UNIT ( .MILLI., .METRE. ) );
#877 = MECHANICAL_DESIGN_GEOMETRIC_PRESENTATION_REPRESENTATION (  '', ( #1863 ), #472 ) ;
#878 = EDGE_CURVE ( 'NONE', #3766, #4661, #1794, .T. ) ;
#879 = CARTESIAN_POINT ( 'NONE',  ( -0.4166692023257602684, 63.48009147817786157, 17.56700894278469249 ) ) ;
#880 = EDGE_LOOP ( 'NONE', ( #3033, #4672, #4149, #3685 ) ) ;
#881 = AXIS2_PLACEMENT_3D ( 'NONE', #3631, #4402, #2433 ) ;
#882 =( NAMED_UNIT ( * ) SI_UNIT ( $, .STERADIAN. ) SOLID_ANGLE_UNIT ( ) );
#883 = ORIENTED_EDGE ( 'NONE', *, *, #5088, .T. ) ;
#884 = DIRECTION ( 'NONE',  ( -3.491481338843133355E-15, -6.982962677686266711E-15, 1.000000000000000000 ) ) ;
#885 = CARTESIAN_POINT ( 'NONE',  ( 5.504620220295045385, 95.47785151706871432, 49.85469863297555548 ) ) ;
#886 = ORIENTED_EDGE ( 'NONE', *, *, #1518, .T. ) ;
#887 = DIRECTION ( 'NONE',  ( 0.000000000000000000, 0.000000000000000000, 1.000000000000000000 ) ) ;
#888 = PRESENTATION_STYLE_ASSIGNMENT (( #4758 ) ) ;
#889 = STYLED_ITEM ( 'NONE', ( #1915 ), #3790 ) ;
#890 = PRESENTATION_LAYER_ASSIGNMENT (  '', '', ( #2303 ) ) ;
#891 =( GEOMETRIC_REPRESENTATION_CONTEXT ( 3 ) GLOBAL_UNCERTAINTY_ASSIGNED_CONTEXT ( ( #3669 ) ) GLOBAL_UNIT_ASSIGNED_CONTEXT ( ( #2604, #1393, #1286 ) ) REPRESENTATION_CONTEXT ( 'NONE', 'WORKASPACE' ) );
#892 = CARTESIAN_POINT ( 'NONE',  ( 11.13884492194495124, 108.3160874102397315, 28.97430356771416626 ) ) ;
#893 = ORIENTED_EDGE ( 'NONE', *, *, #992, .F. ) ;
#894 = EDGE_CURVE ( 'NONE', #1649, #2043, #973, .T. ) ;
#895 =( NAMED_UNIT ( * ) SI_UNIT ( $, .STERADIAN. ) SOLID_ANGLE_UNIT ( ) );
#896 = CARTESIAN_POINT ( 'NONE',  ( -85.61302080720817287, 38.31608741023928388, 62.50995732056694010 ) ) ;
#897 = FILL_AREA_STYLE_COLOUR ( '', #1969 ) ;
#898 = CARTESIAN_POINT ( 'NONE',  ( 5.245979192791780044, 35.31608741023924125, 68.50995732056723853 ) ) ;
#899 = DIRECTION ( 'NONE',  ( -3.491481338843133355E-15, -6.982962677686266711E-15, 1.000000000000000000 ) ) ;
#900 = FILL_AREA_STYLE_COLOUR ( '', #2416 ) ;
#901 = FILL_AREA_STYLE ('',( #4988 ) ) ;
#902 = CARTESIAN_POINT ( 'NONE',  ( 1.938891131764417075, 58.31608747199078380, 17.50995732056685483 ) ) ;
#903 = FILL_AREA_STYLE ('',( #4476 ) ) ;
#904 = CARTESIAN_POINT ( 'NONE',  ( -0.5133846407399397238, 63.57564670434064169, 17.00165283470661137 ) ) ;
#905 = ORIENTED_EDGE ( 'NONE', *, *, #1675, .T. ) ;
#906 = ORIENTED_EDGE ( 'NONE', *, *, #3853, .T. ) ;
#907 = COLOUR_RGB ( '',0.9215686274509803377, 0.9215686274509803377, 0.9215686274509803377 ) ;
#908 = ADVANCED_FACE ( 'NONE', ( #4269 ), #1435, .T. ) ;
#909 = LINE ( 'NONE', #2491, #2640 ) ;
#910 = ORIENTED_EDGE ( 'NONE', *, *, #521, .T. ) ;
#911 = DIRECTION ( 'NONE',  ( 0.000000000000000000, 0.000000000000000000, 1.000000000000000000 ) ) ;
#912 = CARTESIAN_POINT ( 'NONE',  ( -7.867029991483892815, 90.44244891681009335, 48.27114819618979169 ) ) ;
#913 = ORIENTED_EDGE ( 'NONE', *, *, #4098, .F. ) ;
#914 = CARTESIAN_POINT ( 'NONE',  ( -13.00199527592868698, 61.41876510556384261, 17.18472203180307645 ) ) ;
#915 = PRESENTATION_LAYER_ASSIGNMENT (  '', '', ( #3646 ) ) ;
#916 = UNCERTAINTY_MEASURE_WITH_UNIT (LENGTH_MEASURE( 1.000000000000000082E-05 ), #4839, 'distance_accuracy_value', 'NONE');
#917 = SURFACE_SIDE_STYLE ('',( #3403 ) ) ;
#919 = LINE ( 'NONE', #4927, #3704 ) ;
#918 = CIRCLE ( 'NONE', #1153, 2.099999999999990763 ) ;
#920 = ORIENTED_EDGE ( 'NONE', *, *, #851, .F. ) ;
#921 = SURFACE_SIDE_STYLE ('',( #4099 ) ) ;
#922 = CARTESIAN_POINT ( 'NONE',  ( -20.28508178239291837, 101.1779283903049276, 59.92971788719955128 ) ) ;
#923 = SURFACE_STYLE_FILL_AREA ( #3998 ) ;
#924 =( LENGTH_UNIT ( ) NAMED_UNIT ( * ) SI_UNIT ( .MILLI., .METRE. ) );
#925 = ORIENTED_EDGE ( 'NONE', *, *, #683, .F. ) ;
#926 = DIRECTION ( 'NONE',  ( 3.491481338843133355E-15, 6.982962677686266711E-15, -1.000000000000000000 ) ) ;
#927 =( NAMED_UNIT ( * ) PLANE_ANGLE_UNIT ( ) SI_UNIT ( $, .RADIAN. ) );
#928 = STYLED_ITEM ( 'NONE', ( #4991 ), #1415 ) ;
#930 =( GEOMETRIC_REPRESENTATION_CONTEXT ( 3 ) GLOBAL_UNCERTAINTY_ASSIGNED_CONTEXT ( ( #1477 ) ) GLOBAL_UNIT_ASSIGNED_CONTEXT ( ( #1301, #927, #161 ) ) REPRESENTATION_CONTEXT ( 'NONE', 'WORKASPACE' ) );
#929 =( GEOMETRIC_REPRESENTATION_CONTEXT ( 3 ) GLOBAL_UNCERTAINTY_ASSIGNED_CONTEXT ( ( #667 ) ) GLOBAL_UNIT_ASSIGNED_CONTEXT ( ( #4417, #4020, #2024 ) ) REPRESENTATION_CONTEXT ( 'NONE', 'WORKASPACE' ) );
#931 = EDGE_CURVE ( 'NONE', #194, #531, #3095, .T. ) ;
#932 = DIRECTION ( 'NONE',  ( 3.491481338843133355E-15, 6.982962677686266711E-15, -1.000000000000000000 ) ) ;
#933 = CARTESIAN_POINT ( 'NONE',  ( -21.45754599189444178, 107.7467515118416799, 59.04885761586969295 ) ) ;
#934 = CARTESIAN_POINT ( 'NONE',  ( 1.592032368939540810, 59.28230061053803013, 17.96730999273022888 ) ) ;
#935 = ORIENTED_EDGE ( 'NONE', *, *, #3339, .T. ) ;
#936 = ORIENTED_EDGE ( 'NONE', *, *, #1956, .T. ) ;
#937 = AXIS2_PLACEMENT_3D ( 'NONE', #4528, #86, #4107 ) ;
#938 = ORIENTED_EDGE ( 'NONE', *, *, #4828, .F. ) ;
#939 = CARTESIAN_POINT ( 'NONE',  ( -74.46302080720839456, 38.31608741023887177, 122.0099573205669969 ) ) ;
#940 = ORIENTED_EDGE ( 'NONE', *, *, #2916, .T. ) ;
#941 = CARTESIAN_POINT ( 'NONE',  ( 39.38697919279157844, 35.31608741023880071, 132.5099573205673664 ) ) ;
#942 = CARTESIAN_POINT ( 'NONE',  ( -20.58135162374457749, 102.4026244559962606, 19.30294846817195165 ) ) ;
#943 = VERTEX_POINT ( 'NONE', #4671 ) ;
#944 = ADVANCED_FACE ( 'NONE', ( #4242 ), #2202, .T. ) ;
#945 = CARTESIAN_POINT ( 'NONE',  ( 31.85573642160352392, 45.31608741023889309, 117.8099573205673920 ) ) ;
#946 = CARTESIAN_POINT ( 'NONE',  ( 19.13884492194485532, -33.20237785007919484, 39.50995732056680509 ) ) ;
#947 = FACE_OUTER_BOUND ( 'NONE', #1333, .T. ) ;
#948 = ORIENTED_EDGE ( 'NONE', *, *, #1584, .F. ) ;
#949 =( NAMED_UNIT ( * ) PLANE_ANGLE_UNIT ( ) SI_UNIT ( $, .RADIAN. ) );
#950 = CARTESIAN_POINT ( 'NONE',  ( -74.46302080720839456, 38.31608741023887177, 122.0099573205669969 ) ) ;
#951 = CARTESIAN_POINT ( 'NONE',  ( 19.13884492194485176, 35.31608741023944020, 39.50995732056728116 ) ) ;
#952 = CIRCLE ( 'NONE', #790, 13.22875655532298289 ) ;
#953 =( NAMED_UNIT ( * ) PLANE_ANGLE_UNIT ( ) SI_UNIT ( $, .RADIAN. ) );
#954 =( NAMED_UNIT ( * ) PLANE_ANGLE_UNIT ( ) SI_UNIT ( $, .RADIAN. ) );
#955 = CARTESIAN_POINT ( 'NONE',  ( 1.938809062687194995, 58.31608747199841503, 17.51008974319967493 ) ) ;
#956 = VECTOR ( 'NONE', #2363, 1000.000000000000000 ) ;
#957 = EDGE_CURVE ( 'NONE', #1389, #3633, #4591, .T. ) ;
#958 = EDGE_LOOP ( 'NONE', ( #2934, #4755, #4516, #503, #940, #5077, #2913, #1892, #4376, #5073 ) ) ;
#959 = PRESENTATION_LAYER_ASSIGNMENT (  '', '', ( #1439 ) ) ;
#960 = EDGE_LOOP ( 'NONE', ( #2199, #2858, #752, #1708, #736, #1213, #3340, #1803, #566, #4592, #618 ) ) ;
#961 = AXIS2_PLACEMENT_3D ( 'NONE', #2523, #554, #3075 ) ;
#962 = COLOUR_RGB ( '',0.7921568627450980005, 0.8196078431372548767, 0.9333333333333333481 ) ;
#963 = CARTESIAN_POINT ( 'NONE',  ( -30.86115507805554969, 35.31608741023864440, 153.7311177574586338 ) ) ;
#964 = CARTESIAN_POINT ( 'NONE',  ( -22.67375128274617424, 108.3160874102418774, 28.67191468943605415 ) ) ;
#965 = ORIENTED_EDGE ( 'NONE', *, *, #3605, .F. ) ;
#966 = CARTESIAN_POINT ( 'NONE',  ( -11.80716581893719308, 63.31913694666943115, 16.68630751242571009 ) ) ;
#967 = STYLED_ITEM ( 'NONE', ( #1459 ), #3172 ) ;
#968 = MECHANICAL_DESIGN_GEOMETRIC_PRESENTATION_REPRESENTATION (  '', ( #4044 ), #2718 ) ;
#969 = MECHANICAL_DESIGN_GEOMETRIC_PRESENTATION_REPRESENTATION (  '', ( #1129 ), #562 ) ;
#970 =( GEOMETRIC_REPRESENTATION_CONTEXT ( 3 ) GLOBAL_UNCERTAINTY_ASSIGNED_CONTEXT ( ( #3006 ) ) GLOBAL_UNIT_ASSIGNED_CONTEXT ( ( #3214, #4018, #1376 ) ) REPRESENTATION_CONTEXT ( 'NONE', 'WORKASPACE' ) );
#971 = SURFACE_STYLE_USAGE ( .BOTH. , #993 ) ;
#972 = EDGE_LOOP ( 'NONE', ( #1900, #4884 ) ) ;
#973 = CIRCLE ( 'NONE', #4301, 1.499999999999994449 ) ;
#974 = DIRECTION ( 'NONE',  ( 0.000000000000000000, 0.000000000000000000, -1.000000000000000000 ) ) ;
#975 =( LENGTH_UNIT ( ) NAMED_UNIT ( * ) SI_UNIT ( .MILLI., .METRE. ) );
#976 = EDGE_CURVE ( 'NONE', #497, #2127, #2600, .T. ) ;
#977 = ORIENTED_EDGE ( 'NONE', *, *, #3948, .F. ) ;
#978 = FILL_AREA_STYLE ('',( #1351 ) ) ;
#979 = DIRECTION ( 'NONE',  ( -1.000000000000000000, 2.438088387897967896E-29, -3.491481338843133355E-15 ) ) ;
#980 = LINE ( 'NONE', #186, #2554 ) ;
#981 = CARTESIAN_POINT ( 'NONE',  ( 31.85573642160352392, 45.31608741023889309, 117.8099573205673920 ) ) ;
#982 = CARTESIAN_POINT ( 'NONE',  ( 0.9573476527646720413, 62.08349710443015113, 17.03727385774690717 ) ) ;
#983 = EDGE_LOOP ( 'NONE', ( #2577, #3227, #298, #3817 ) ) ;
#984 = SURFACE_STYLE_FILL_AREA ( #3720 ) ;
#985 = EDGE_LOOP ( 'NONE', ( #1685, #1436, #4950, #1095 ) ) ;
#986 = CARTESIAN_POINT ( 'NONE',  ( -84.21302080720842298, 35.31608741023878650, 134.0099573205669401 ) ) ;
#987 = DIRECTION ( 'NONE',  ( -1.000000000000000000, 2.438088387897967896E-29, -3.491481338843133355E-15 ) ) ;
#988 = VERTEX_POINT ( 'NONE', #1010 ) ;
#989 = CARTESIAN_POINT ( 'NONE',  ( -12.20471889416299049, 62.32475340503077632, 17.95838321871957888 ) ) ;
#990 = PRESENTATION_STYLE_ASSIGNMENT (( #4573 ) ) ;
#991 = VECTOR ( 'NONE', #2448, 1000.000000000000000 ) ;
#992 = EDGE_CURVE ( 'NONE', #1336, #2641, #3463, .T. ) ;
#993 = SURFACE_SIDE_STYLE ('',( #3696 ) ) ;
#994 = MECHANICAL_DESIGN_GEOMETRIC_PRESENTATION_REPRESENTATION (  '', ( #4237 ), #2152 ) ;
#995 = ORIENTED_EDGE ( 'NONE', *, *, #3587, .F. ) ;
#996 = CIRCLE ( 'NONE', #4583, 2.099999999999990763 ) ;
#997 = MECHANICAL_DESIGN_GEOMETRIC_PRESENTATION_REPRESENTATION (  '', ( #4752 ), #3744 ) ;
#998 = CARTESIAN_POINT ( 'NONE',  ( -21.28025903616104131, 107.5818319575021889, 52.23161534441400988 ) ) ;
#999 = PRESENTATION_STYLE_ASSIGNMENT (( #4130 ) ) ;
#1000 = ORIENTED_EDGE ( 'NONE', *, *, #3598, .T. ) ;
#1001 = EDGE_CURVE ( 'NONE', #1030, #3636, #2623, .T. ) ;
#1002 = CYLINDRICAL_SURFACE ( 'NONE', #4794, 2.000000000000001776 ) ;
#1003 = CARTESIAN_POINT ( 'NONE',  ( 21.66997135988173895, 45.31608741023894282, 111.3873262314101709 ) ) ;
#1004 = DIRECTION ( 'NONE',  ( 0.000000000000000000, -1.000000000000000000, -6.982962677686266711E-15 ) ) ;
#1005 = DIRECTION ( 'NONE',  ( 0.000000000000000000, -1.000000000000000000, -6.982962677686266711E-15 ) ) ;
#1006 = ADVANCED_FACE ( 'NONE', ( #730 ), #353, .T. ) ;
#1007 = EDGE_LOOP ( 'NONE', ( #2218, #4629, #1305, #1815 ) ) ;
#1008 = COLOUR_RGB ( '',1.000000000000000000, 1.000000000000000000, 1.000000000000000000 ) ;
#1009 = CARTESIAN_POINT ( 'NONE',  ( 1.638844921944987876, 38.31608741023972442, 39.50995732056697562 ) ) ;
#1010 = CARTESIAN_POINT ( 'NONE',  ( -30.53908043656114302, 48.31608741023972442, 43.50995732056697562 ) ) ;
#1011 = EDGE_LOOP ( 'NONE', ( #3203, #3969, #664, #1628 ) ) ;
#1012 =( LENGTH_UNIT ( ) NAMED_UNIT ( * ) SI_UNIT ( .MILLI., .METRE. ) );
#1013 = FACE_OUTER_BOUND ( 'NONE', #5156, .T. ) ;
#1014 = CARTESIAN_POINT ( 'NONE',  ( -5.861155078055149126, 38.31608741023944731, 39.50995732056721010 ) ) ;
#1015 = PRESENTATION_STYLE_ASSIGNMENT (( #146 ) ) ;
#1016 = UNCERTAINTY_MEASURE_WITH_UNIT (LENGTH_MEASURE( 1.000000000000000082E-05 ), #4893, 'distance_accuracy_value', 'NONE');
#1017 = CARTESIAN_POINT ( 'NONE',  ( -32.11167705983292109, 35.31608741023885045, 124.6266218876285166 ) ) ;
#1018 = ORIENTED_EDGE ( 'NONE', *, *, #4353, .F. ) ;
#1019 = SURFACE_STYLE_USAGE ( .BOTH. , #361 ) ;
#1020 = PRESENTATION_STYLE_ASSIGNMENT (( #4517 ) ) ;
#1021 = EDGE_CURVE ( 'NONE', #402, #630, #3053, .T. ) ;
#1022 = UNCERTAINTY_MEASURE_WITH_UNIT (LENGTH_MEASURE( 1.000000000000000082E-05 ), #1922, 'distance_accuracy_value', 'NONE');
#1023 = SURFACE_SIDE_STYLE ('',( #4280 ) ) ;
#1024 = PRESENTATION_STYLE_ASSIGNMENT (( #3783 ) ) ;
#1025 = EDGE_LOOP ( 'NONE', ( #3395, #2695, #1190, #3433 ) ) ;
#1026 = SURFACE_SIDE_STYLE ('',( #2403 ) ) ;
#1027 = CARTESIAN_POINT ( 'NONE',  ( -33.61167705983291398, 35.31608741023885045, 124.6266218876285166 ) ) ;
#1028 = CARTESIAN_POINT ( 'NONE',  ( 9.138844921945024069, 104.4651267023924817, 59.50995732056693299 ) ) ;
#1029 = CARTESIAN_POINT ( 'NONE',  ( -5.861155078055149126, 35.31608741023944020, 39.50995732056718168 ) ) ;
#1030 = VERTEX_POINT ( 'NONE', #214 ) ;
#1031 = VERTEX_POINT ( 'NONE', #4586 ) ;
#1032 = MECHANICAL_DESIGN_GEOMETRIC_PRESENTATION_REPRESENTATION (  '', ( #3943 ), #1429 ) ;
#1033 = CARTESIAN_POINT ( 'NONE',  ( 9.138844921944951238, 106.3160874102397315, 26.43326048994491018 ) ) ;
#1034 = PRESENTATION_STYLE_ASSIGNMENT (( #2175 ) ) ;
#1035 = ORIENTED_EDGE ( 'NONE', *, *, #1500, .T. ) ;
#1036 = EDGE_CURVE ( 'NONE', #766, #2956, #5039, .T. ) ;
#1037 = LINE ( 'NONE', #5022, #1861 ) ;
#1038 = VECTOR ( 'NONE', #4398, 1000.000000000000227 ) ;
#1039 = CARTESIAN_POINT ( 'NONE',  ( -82.46302080720835193, 45.31608741023892861, 113.0099573205670112 ) ) ;
#1040 = AXIS2_PLACEMENT_3D ( 'NONE', #4823, #3703, #845 ) ;
#1041 = AXIS2_PLACEMENT_3D ( 'NONE', #2541, #3323, #4136 ) ;
#1042 = PRODUCT_DEFINITION_FORMATION_WITH_SPECIFIED_SOURCE ( '任何', '', #4633, .NOT_KNOWN. ) ;
#1043 = PRESENTATION_LAYER_ASSIGNMENT (  '', '', ( #3287 ) ) ;
#1044 = ORIENTED_EDGE ( 'NONE', *, *, #426, .T. ) ;
#1045 = SURFACE_STYLE_USAGE ( .BOTH. , #4621 ) ;
#1046 = PRESENTATION_LAYER_ASSIGNMENT (  '', '', ( #4979 ) ) ;
#1047 = CARTESIAN_POINT ( 'NONE',  ( -74.46302080720839456, 41.81608741023888598, 119.7099573205670282 ) ) ;
#1048 = SURFACE_SIDE_STYLE ('',( #4623 ) ) ;
#1049 = DIRECTION ( 'NONE',  ( 0.000000000000000000, -1.000000000000000000, -6.982962677686266711E-15 ) ) ;
#1050 = ORIENTED_EDGE ( 'NONE', *, *, #1258, .F. ) ;
#1051 = AXIS2_PLACEMENT_3D ( 'NONE', #1648, #3251, #4858 ) ;
#1052 = EDGE_CURVE ( 'NONE', #4960, #2610, #2726, .T. ) ;
#1053 = ORIENTED_EDGE ( 'NONE', *, *, #534, .T. ) ;
#1054 = AXIS2_PLACEMENT_3D ( 'NONE', #3112, #4714, #4322 ) ;
#1055 = CARTESIAN_POINT ( 'NONE',  ( 9.156314303124160503, 106.6194806465782960, 19.52302674327049914 ) ) ;
#1056 = CIRCLE ( 'NONE', #1789, 7.500000000000000000 ) ;
#1057 = FACE_BOUND ( 'NONE', #334, .T. ) ;
#1058 = CARTESIAN_POINT ( 'NONE',  ( 19.13884492194445386, 38.31608741023864440, 153.7311177574588044 ) ) ;
#1059 = EDGE_CURVE ( 'NONE', #1582, #3073, #2987, .T. ) ;
#1060 = AXIS2_PLACEMENT_3D ( 'NONE', #46, #432, #3961 ) ;
#1061 = MECHANICAL_DESIGN_GEOMETRIC_PRESENTATION_REPRESENTATION (  '', ( #407 ), #4055 ) ;
#1062 = FACE_OUTER_BOUND ( 'NONE', #3667, .T. ) ;
#1063 = EDGE_LOOP ( 'NONE', ( #1865, #2227, #625, #3697 ) ) ;
#1064 = LINE ( 'NONE', #1090, #4156 ) ;
#1065 = CARTESIAN_POINT ( 'NONE',  ( -13.36115507805501323, 58.31609261921807530, 35.50995732056697562 ) ) ;
#1066 = ORIENTED_EDGE ( 'NONE', *, *, #2975, .T. ) ;
#1067 = DIRECTION ( 'NONE',  ( 6.308085367188368350E-15, 6.308085367188368350E-15, -1.000000000000000000 ) ) ;
#1068 = CARTESIAN_POINT ( 'NONE',  ( -13.31395724584743512, 59.28800571453525947, 17.96707657567687733 ) ) ;
#1069 = SURFACE_STYLE_FILL_AREA ( #1910 ) ;
#1070 = EDGE_CURVE ( 'NONE', #150, #4928, #4382, .T. ) ;
#1071 = UNCERTAINTY_MEASURE_WITH_UNIT (LENGTH_MEASURE( 1.000000000000000082E-05 ), #5093, 'distance_accuracy_value', 'NONE');
#1072 = CARTESIAN_POINT ( 'NONE',  ( 9.138844921944951238, 38.31608741023972442, 14.50995732056697207 ) ) ;
#1073 = VERTEX_POINT ( 'NONE', #1849 ) ;
#1074 = CARTESIAN_POINT ( 'NONE',  ( -13.40210731115598541, 60.05602218693243088, 17.50995732056674470 ) ) ;
#1075 = STYLED_ITEM ( 'NONE', ( #1603 ), #1657 ) ;
#1076 = SURFACE_SIDE_STYLE ('',( #5051 ) ) ;
#1077 = DIRECTION ( 'NONE',  ( 0.000000000000000000, -1.000000000000000000, -6.982962677686266711E-15 ) ) ;
#1078 = CYLINDRICAL_SURFACE ( 'NONE', #3443, 7.500000000000013323 ) ;
#1079 = EDGE_LOOP ( 'NONE', ( #3349, #3045 ) ) ;
#1080 = CARTESIAN_POINT ( 'NONE',  ( 24.71197919279168076, 38.31608741023904230, 97.00995732056732379 ) ) ;
#1081 = VERTEX_POINT ( 'NONE', #2594 ) ;
#1082 = LINE ( 'NONE', #1847, #4204 ) ;
#1083 = VECTOR ( 'NONE', #987, 1000.000000000000000 ) ;
#1084 = DIRECTION ( 'NONE',  ( 0.000000000000000000, -1.000000000000000000, -6.982962677686266711E-15 ) ) ;
#1085 = LINE ( 'NONE', #3564, #3179 ) ;
#1086 = SURFACE_STYLE_USAGE ( .BOTH. , #371 ) ;
#1087 = CARTESIAN_POINT ( 'NONE',  ( -17.73549716509277729, 108.3160874102397315, 17.50995732056671628 ) ) ;
#1088 = ORIENTED_EDGE ( 'NONE', *, *, #2531, .F. ) ;
#1089 = EDGE_CURVE ( 'NONE', #1408, #402, #3813, .T. ) ;
#1090 = CARTESIAN_POINT ( 'NONE',  ( -16.18724203457680488, -33.20237785007902431, 16.74217464050859050 ) ) ;
#1091 = ORIENTED_EDGE ( 'NONE', *, *, #5118, .F. ) ;
#1092 =( NAMED_UNIT ( * ) SI_UNIT ( $, .STERADIAN. ) SOLID_ANGLE_UNIT ( ) );
#1093 = CARTESIAN_POINT ( 'NONE',  ( -13.61342647228937608, 59.29842693766192241, 17.48472379600661242 ) ) ;
#1094 = EDGE_LOOP ( 'NONE', ( #1599, #2990, #3860, #488, #2132 ) ) ;
#1095 = ORIENTED_EDGE ( 'NONE', *, *, #5054, .T. ) ;
#1096 = CARTESIAN_POINT ( 'NONE',  ( -29.26402080720819043, 38.31608741023926257, 65.75995732056713905 ) ) ;
#1097 = FILL_AREA_STYLE ('',( #3414 ) ) ;
#1098 = DIRECTION ( 'NONE',  ( -3.491481338843133355E-15, -6.982962677686266711E-15, 1.000000000000000000 ) ) ;
#1099 = AXIS2_PLACEMENT_3D ( 'NONE', #874, #2089, #3656 ) ;
#1100 = CARTESIAN_POINT ( 'NONE',  ( -17.73549716509277729, 38.31608741023972442, 17.50995732056671628 ) ) ;
#1101 = DIRECTION ( 'NONE',  ( -0.000000000000000000, 1.000000000000000000, 6.982962677686266711E-15 ) ) ;
#1102 = ORIENTED_EDGE ( 'NONE', *, *, #4872, .T. ) ;
#1103 = EDGE_CURVE ( 'NONE', #1146, #678, #2802, .T. ) ;
#1104 = ORIENTED_EDGE ( 'NONE', *, *, #2411, .T. ) ;
#1105 = FACE_OUTER_BOUND ( 'NONE', #101, .T. ) ;
#1106 = FILL_AREA_STYLE ('',( #3089 ) ) ;
#1107 = LINE ( 'NONE', #2704, #3715 ) ;
#1108 = VERTEX_POINT ( 'NONE', #5013 ) ;
#1109 = FACE_BOUND ( 'NONE', #551, .T. ) ;
#1110 = ORIENTED_EDGE ( 'NONE', *, *, #3017, .F. ) ;
#1111 = EDGE_CURVE ( 'NONE', #3518, #2079, #3741, .T. ) ;
#1112 = CARTESIAN_POINT ( 'NONE',  ( -13.42217593535883857, 60.26724600407678878, 17.38709218165017489 ) ) ;
#1113 = COLOUR_RGB ( '',1.000000000000000000, 1.000000000000000000, 1.000000000000000000 ) ;
#1114 = UNCERTAINTY_MEASURE_WITH_UNIT (LENGTH_MEASURE( 1.000000000000000082E-05 ), #1866, 'distance_accuracy_value', 'NONE');
#1115 = PRESENTATION_LAYER_ASSIGNMENT (  '', '', ( #3281 ) ) ;
#1116 =( NAMED_UNIT ( * ) PLANE_ANGLE_UNIT ( ) SI_UNIT ( $, .RADIAN. ) );
#1117 = SURFACE_STYLE_FILL_AREA ( #2686 ) ;
#1118 = VERTEX_POINT ( 'NONE', #3398 ) ;
#1119 = CARTESIAN_POINT ( 'NONE',  ( 12.61616275020310418, 45.31608741023916309, 80.08732623141014528 ) ) ;
#1120 = DIRECTION ( 'NONE',  ( 0.000000000000000000, 1.000000000000000000, 6.982962677686266711E-15 ) ) ;
#1121 = LINE ( 'NONE', #1895, #5083 ) ;
#1122 = CARTESIAN_POINT ( 'NONE',  ( -30.86115507805516245, 35.31608741023944020, 39.50995732056709642 ) ) ;
#1123 = SURFACE_STYLE_FILL_AREA ( #3228 ) ;
#1124 = FACE_OUTER_BOUND ( 'NONE', #5124, .T. ) ;
#1125 = ORIENTED_EDGE ( 'NONE', *, *, #4651, .T. ) ;
#1126 = CARTESIAN_POINT ( 'NONE',  ( -0.5652046050294914359, 63.62673108594313476, 17.50995732056683707 ) ) ;
#1127 = AXIS2_PLACEMENT_3D ( 'NONE', #4414, #2375, #412 ) ;
#1128 = EDGE_CURVE ( 'NONE', #4788, #856, #980, .T. ) ;
#1129 = STYLED_ITEM ( 'NONE', ( #2837 ), #4119 ) ;
#1130 = MANIFOLD_SOLID_BREP ( 'god相机gai-1-solid1', #4316 ) ;
#1131 = LINE ( 'NONE', #1171, #1413 ) ;
#1132 = CARTESIAN_POINT ( 'NONE',  ( 3.638844921944920152, 38.31608741023958942, 18.56359725491382662 ) ) ;
#1133 = FACE_BOUND ( 'NONE', #239, .T. ) ;
#1134 = COLOUR_RGB ( '',0.9215686274509803377, 0.9215686274509803377, 0.9215686274509803377 ) ;
#1135 =( LENGTH_UNIT ( ) NAMED_UNIT ( * ) SI_UNIT ( .MILLI., .METRE. ) );
#1136 = ORIENTED_EDGE ( 'NONE', *, *, #4378, .T. ) ;
#1137 = PRESENTATION_LAYER_ASSIGNMENT (  '', '', ( #407 ) ) ;
#1138 = FILL_AREA_STYLE_COLOUR ( '', #1244 ) ;
#1139 = PRODUCT_RELATED_PRODUCT_CATEGORY ( 'part', '', ( #4633 ) ) ;
#1140 = CARTESIAN_POINT ( 'NONE',  ( 9.138844921944951238, 105.3160874102397031, 52.39405604729213906 ) ) ;
#1141 = ORIENTED_EDGE ( 'NONE', *, *, #2007, .T. ) ;
#1142 = SURFACE_STYLE_FILL_AREA ( #1097 ) ;
#1143 = PRESENTATION_STYLE_ASSIGNMENT (( #4734 ) ) ;
#1144 = CARTESIAN_POINT ( 'NONE',  ( -20.86115507805497415, 105.3160874102397031, 19.50995732056695076 ) ) ;
#1145 = EDGE_CURVE ( 'NONE', #4910, #3390, #1744, .T. ) ;
#1146 = VERTEX_POINT ( 'NONE', #4343 ) ;
#1147 = CARTESIAN_POINT ( 'NONE',  ( -7.833080256109716366, 90.43783935268029950, 30.75034565079607418 ) ) ;
#1148 = CARTESIAN_POINT ( 'NONE',  ( 1.638844921944467403, 35.31608741023864440, 153.7311177574587475 ) ) ;
#1149 = CARTESIAN_POINT ( 'NONE',  ( -13.36115507805501323, 58.31609261921808240, 14.50995732056697207 ) ) ;
#1150 = DIRECTION ( 'NONE',  ( 1.000000000000000000, -0.000000000000000000, 0.000000000000000000 ) ) ;
#1151 = PRESENTATION_LAYER_ASSIGNMENT (  '', '', ( #2341 ) ) ;
#1152 = DIRECTION ( 'NONE',  ( 0.000000000000000000, 1.000000000000000000, 6.982962677686266711E-15 ) ) ;
#1153 = AXIS2_PLACEMENT_3D ( 'NONE', #3294, #2510, #540 ) ;
#1154 = EDGE_CURVE ( 'NONE', #3426, #222, #203, .T. ) ;
#1155 = SURFACE_STYLE_FILL_AREA ( #17 ) ;
#1156 =( NAMED_UNIT ( * ) SI_UNIT ( $, .STERADIAN. ) SOLID_ANGLE_UNIT ( ) );
#1157 = SURFACE_STYLE_FILL_AREA ( #2714 ) ;
#1158 = DIRECTION ( 'NONE',  ( 0.000000000000000000, 1.000000000000000000, 6.982962677686266711E-15 ) ) ;
#1159 = ORIENTED_EDGE ( 'NONE', *, *, #3475, .T. ) ;
#1160 =( LENGTH_UNIT ( ) NAMED_UNIT ( * ) SI_UNIT ( .MILLI., .METRE. ) );
#1161 = CARTESIAN_POINT ( 'NONE',  ( -13.61167705983283582, 38.31608741023898546, 104.6266218876286160 ) ) ;
#1162 = AXIS2_PLACEMENT_3D ( 'NONE', #4943, #1715, #1330 ) ;
#1163 = PRESENTATION_LAYER_ASSIGNMENT (  '', '', ( #2760 ) ) ;
#1164 = SURFACE_SIDE_STYLE ('',( #1526 ) ) ;
#1165 = PLANE ( 'NONE',  #2821 ) ;
#1166 = CARTESIAN_POINT ( 'NONE',  ( 9.138844921944986766, 105.3160874102397031, 19.50995732056695076 ) ) ;
#1167 = EDGE_LOOP ( 'NONE', ( #607, #2650, #809, #4315 ) ) ;
#1168 = EDGE_CURVE ( 'NONE', #1146, #3477, #1131, .T. ) ;
#1169 =( GEOMETRIC_REPRESENTATION_CONTEXT ( 3 ) GLOBAL_UNCERTAINTY_ASSIGNED_CONTEXT ( ( #4625 ) ) GLOBAL_UNIT_ASSIGNED_CONTEXT ( ( #2700, #3915, #3940 ) ) REPRESENTATION_CONTEXT ( 'NONE', 'WORKASPACE' ) );
#1170 = CARTESIAN_POINT ( 'NONE',  ( -10.74998912228655890, 91.10046791099418328, 30.52540038464660910 ) ) ;
#1171 = CARTESIAN_POINT ( 'NONE',  ( -5.861155078055012346, 108.3160874102397315, 32.00995732056697562 ) ) ;
#1172 = CARTESIAN_POINT ( 'NONE',  ( 33.40597919279157679, 35.31608741023878650, 134.0099573205673664 ) ) ;
#1173 = FILL_AREA_STYLE ('',( #897 ) ) ;
#1174 = FACE_BOUND ( 'NONE', #1079, .T. ) ;
#1175 = B_SPLINE_CURVE_WITH_KNOTS ( 'NONE', 3,
 ( #3559, #2374, #508, #3965, #2077, #2441, #1965, #1463, #4670, #2679, #4486, #1409, #4188, #1033 ),
 .UNSPECIFIED., .F., .F.,
 ( 4, 2, 2, 2, 2, 2, 4 ),
 ( 0.000000000000000000, 0.001056273792093880004, 0.002112547584187760008, 0.003168821376281640012, 0.003432889824305111748, 0.003696958272328584351, 0.004225095168375568588 ),
 .UNSPECIFIED. ) ;
#1176 =( LENGTH_UNIT ( ) NAMED_UNIT ( * ) SI_UNIT ( .MILLI., .METRE. ) );
#1177 = SURFACE_STYLE_FILL_AREA ( #1978 ) ;
#1178 =( NAMED_UNIT ( * ) PLANE_ANGLE_UNIT ( ) SI_UNIT ( $, .RADIAN. ) );
#1179 = SURFACE_STYLE_USAGE ( .BOTH. , #4006 ) ;
#1180 = ADVANCED_FACE ( 'NONE', ( #4767 ), #1903, .T. ) ;
#1181 = ORIENTED_EDGE ( 'NONE', *, *, #1705, .T. ) ;
#1182 = CYLINDRICAL_SURFACE ( 'NONE', #1606, 7.500000000000000000 ) ;
#1183 = FILL_AREA_STYLE ('',( #2817 ) ) ;
#1184 = ORIENTED_EDGE ( 'NONE', *, *, #1021, .F. ) ;
#1185 = DIRECTION ( 'NONE',  ( 1.000000000000000000, 0.000000000000000000, 6.608470384673580212E-15 ) ) ;
#1186 = ORIENTED_EDGE ( 'NONE', *, *, #2713, .F. ) ;
#1187 = CIRCLE ( 'NONE', #5133, 15.00000000000000000 ) ;
#1188 = CARTESIAN_POINT ( 'NONE',  ( -35.11167705983275056, 35.31608741023912756, 84.62662188762851656 ) ) ;
#1189 = CARTESIAN_POINT ( 'NONE',  ( 8.441682361044895444, 100.7775982638592467, 19.00494071753811198 ) ) ;
#1190 = ORIENTED_EDGE ( 'NONE', *, *, #3776, .T. ) ;
#1191 = DIRECTION ( 'NONE',  ( 1.224646799147353207E-16, 0.000000000000000000, -1.000000000000000000 ) ) ;
#1192 = FILL_AREA_STYLE ('',( #2422 ) ) ;
#1193 = VECTOR ( 'NONE', #3799, 1000.000000000000000 ) ;
#1194 = MECHANICAL_DESIGN_GEOMETRIC_PRESENTATION_REPRESENTATION (  '', ( #471 ), #2376 ) ;
#1195 = EDGE_CURVE ( 'NONE', #3509, #4678, #1085, .T. ) ;
#1196 = LINE ( 'NONE', #4849, #3983 ) ;
#1197 = SURFACE_STYLE_FILL_AREA ( #4875 ) ;
#1198 = CARTESIAN_POINT ( 'NONE',  ( -29.26402080720819043, 45.31608741023926257, 65.75995732056719589 ) ) ;
#1199 = CYLINDRICAL_SURFACE ( 'NONE', #1054, 1.499999999999994449 ) ;
#1200 = VECTOR ( 'NONE', #3054, 1000.000000000000000 ) ;
#1201 = CARTESIAN_POINT ( 'NONE',  ( 24.17078192250341928, 45.31608741023888598, 120.0329000428977793 ) ) ;
#1202 = CARTESIAN_POINT ( 'NONE',  ( 13.11453579222220078, 35.31608741023864440, 153.7311177574587759 ) ) ;
#1203 = AXIS2_PLACEMENT_3D ( 'NONE', #2222, #2929, #3807 ) ;
#1204 = CARTESIAN_POINT ( 'NONE',  ( -22.63736493911175174, 108.3160874102397173, 58.04780890128756710 ) ) ;
#1205 = MECHANICAL_DESIGN_GEOMETRIC_PRESENTATION_REPRESENTATION (  '', ( #2805 ), #3216 ) ;
#1206 =( GEOMETRIC_REPRESENTATION_CONTEXT ( 3 ) GLOBAL_UNCERTAINTY_ASSIGNED_CONTEXT ( ( #3886 ) ) GLOBAL_UNIT_ASSIGNED_CONTEXT ( ( #3404, #1464, #1388 ) ) REPRESENTATION_CONTEXT ( 'NONE', 'WORKASPACE' ) );
#1207 = ORIENTED_EDGE ( 'NONE', *, *, #3431, .F. ) ;
#1208 = COLOUR_RGB ( '',1.000000000000000000, 1.000000000000000000, 1.000000000000000000 ) ;
#1209 = DIRECTION ( 'NONE',  ( 1.000000000000000000, -2.438088387897967896E-29, 3.491481338843133355E-15 ) ) ;
#1210 = EDGE_LOOP ( 'NONE', ( #3367, #3847, #2263, #41 ) ) ;
#1211 = CARTESIAN_POINT ( 'NONE',  ( -5.861155078055012346, 48.31608741023972442, 39.50995732056697562 ) ) ;
#1212 = CARTESIAN_POINT ( 'NONE',  ( -18.92084431006403733, 97.87394546234422421, 50.52802635062025871 ) ) ;
#1213 = ORIENTED_EDGE ( 'NONE', *, *, #1001, .T. ) ;
#1214 = FACE_OUTER_BOUND ( 'NONE', #4731, .T. ) ;
#1215 = EDGE_CURVE ( 'NONE', #2124, #4581, #29, .T. ) ;
#1216 = FACE_OUTER_BOUND ( 'NONE', #7, .T. ) ;
#1217 = ADVANCED_FACE ( 'NONE', ( #1507 ), #2750, .T. ) ;
#1218 = SURFACE_STYLE_USAGE ( .BOTH. , #1164 ) ;
#1219 = SURFACE_STYLE_USAGE ( .BOTH. , #484 ) ;
#1220 = FILL_AREA_STYLE ('',( #1263 ) ) ;
#1221 = ORIENTED_EDGE ( 'NONE', *, *, #5026, .T. ) ;
#1222 = SURFACE_SIDE_STYLE ('',( #3286 ) ) ;
#1223 = CARTESIAN_POINT ( 'NONE',  ( -20.86115507805497415, 105.3160874102397031, 26.62585859384182640 ) ) ;
#1224 = CARTESIAN_POINT ( 'NONE',  ( 10.05389694294879455, 108.0007984840536892, 51.61958723806914406 ) ) ;
#1225 = PLANE ( 'NONE',  #590 ) ;
#1226 = DIRECTION ( 'NONE',  ( 1.000000000000000000, 0.000000000000000000, 0.000000000000000000 ) ) ;
#1227 =( NAMED_UNIT ( * ) PLANE_ANGLE_UNIT ( ) SI_UNIT ( $, .RADIAN. ) );
#1228 =( GEOMETRIC_REPRESENTATION_CONTEXT ( 3 ) GLOBAL_UNCERTAINTY_ASSIGNED_CONTEXT ( ( #363 ) ) GLOBAL_UNIT_ASSIGNED_CONTEXT ( ( #124, #2394, #4817 ) ) REPRESENTATION_CONTEXT ( 'NONE', 'WORKASPACE' ) );
#1229 = CARTESIAN_POINT ( 'NONE',  ( 30.60533114029264468, 41.81608741023892861, 113.4871704148235949 ) ) ;
#1230 = CARTESIAN_POINT ( 'NONE',  ( -5.861155078055149126, 38.31608741023944731, 39.50995732056721010 ) ) ;
#1231 = CARTESIAN_POINT ( 'NONE',  ( -35.86115507805501323, 51.31608741023971731, 43.50995732056697562 ) ) ;
#1232 = EDGE_CURVE ( 'NONE', #3636, #138, #1749, .T. ) ;
#1233 = EDGE_LOOP ( 'NONE', ( #4923, #4216, #2283, #4978 ) ) ;
#1234 = CIRCLE ( 'NONE', #4413, 1.499999999999994449 ) ;
#1235 = ORIENTED_EDGE ( 'NONE', *, *, #478, .T. ) ;
#1236 = SURFACE_STYLE_FILL_AREA ( #2891 ) ;
#1237 = CARTESIAN_POINT ( 'NONE',  ( -35.96402080720819328, 41.81608741023926257, 65.75995732056713905 ) ) ;
#1238 = ORIENTED_EDGE ( 'NONE', *, *, #772, .F. ) ;
#1239 = SURFACE_STYLE_USAGE ( .BOTH. , #45 ) ;
#1240 = PRESENTATION_STYLE_ASSIGNMENT (( #1219 ) ) ;
#1241 = DIRECTION ( 'NONE',  ( 1.000000000000000000, 0.000000000000000000, 6.308085367188387283E-15 ) ) ;
#1242 = ORIENTED_EDGE ( 'NONE', *, *, #1128, .T. ) ;
#1243 = AXIS2_PLACEMENT_3D ( 'NONE', #3511, #1508, #2751 ) ;
#1244 = COLOUR_RGB ( '',1.000000000000000000, 1.000000000000000000, 1.000000000000000000 ) ;
#1245 =( LENGTH_UNIT ( ) NAMED_UNIT ( * ) SI_UNIT ( .MILLI., .METRE. ) );
#1246 = SURFACE_STYLE_USAGE ( .BOTH. , #4848 ) ;
#1247 = ADVANCED_FACE ( 'NONE', ( #495, #3629 ), #3267, .F. ) ;
#1248 = CARTESIAN_POINT ( 'NONE',  ( 9.478721854021856075, 107.4425404028825000, 52.31451394784174624 ) ) ;
#1249 = LINE ( 'NONE', #3678, #2246 ) ;
#1250 =( NAMED_UNIT ( * ) SI_UNIT ( $, .STERADIAN. ) SOLID_ANGLE_UNIT ( ) );
#1251 = PLANE ( 'NONE',  #3840 ) ;
#1252 = CARTESIAN_POINT ( 'NONE',  ( -30.53908043656114302, 51.31608741023972442, 35.50995732056697562 ) ) ;
#1253 = FILL_AREA_STYLE ('',( #4444 ) ) ;
#1254 = SURFACE_STYLE_FILL_AREA ( #2431 ) ;
#1255 = CARTESIAN_POINT ( 'NONE',  ( 0.1289057177007347232, 62.83728728902723759, 17.25330274871245706 ) ) ;
#1256 =( NAMED_UNIT ( * ) SI_UNIT ( $, .STERADIAN. ) SOLID_ANGLE_UNIT ( ) );
#1257 = ORIENTED_EDGE ( 'NONE', *, *, #4569, .F. ) ;
#1258 = EDGE_CURVE ( 'NONE', #4166, #2977, #1275, .T. ) ;
#1259 = CARTESIAN_POINT ( 'NONE',  ( 4.102660275873706297, 94.09278893206740690, 49.44320088450646011 ) ) ;
#1260 = ORIENTED_EDGE ( 'NONE', *, *, #4706, .F. ) ;
#1261 = CARTESIAN_POINT ( 'NONE',  ( -12.66471160532803886, 62.08436756002587487, 17.03333714600985971 ) ) ;
#1262 = DIRECTION ( 'NONE',  ( 0.000000000000000000, -1.000000000000000000, -6.982962677686266711E-15 ) ) ;
#1263 = FILL_AREA_STYLE_COLOUR ( '', #553 ) ;
#1264 = EDGE_LOOP ( 'NONE', ( #2039, #1655, #1831, #3828 ) ) ;
#1265 = FILL_AREA_STYLE_COLOUR ( '', #3148 ) ;
#1266 = VECTOR ( 'NONE', #620, 1000.000000000000000 ) ;
#1267 = CYLINDRICAL_SURFACE ( 'NONE', #2259, 2.200000000000000622 ) ;
#1268 = DIRECTION ( 'NONE',  ( 0.000000000000000000, -1.000000000000000000, 0.000000000000000000 ) ) ;
#1269 = CARTESIAN_POINT ( 'NONE',  ( 9.475239881361030569, 107.4345717658407438, 59.25346936021418287 ) ) ;
#1270 = COLOUR_RGB ( '',1.000000000000000000, 1.000000000000000000, 1.000000000000000000 ) ;
#1271 = LINE ( 'NONE', #4497, #2333 ) ;
#1272 = CARTESIAN_POINT ( 'NONE',  ( -15.11167705983282339, 35.31608741023899256, 104.6266218876286160 ) ) ;
#1273 = EDGE_CURVE ( 'NONE', #2591, #2906, #3670, .T. ) ;
#1274 = DIRECTION ( 'NONE',  ( 0.000000000000000000, 1.000000000000000000, 2.891205793294676354E-16 ) ) ;
#1275 = LINE ( 'NONE', #4423, #1335 ) ;
#1276 = AXIS2_PLACEMENT_3D ( 'NONE', #5112, #3937, #2642 ) ;
#1277 = STYLED_ITEM ( 'NONE', ( #1492 ), #2924 ) ;
#1278 = CARTESIAN_POINT ( 'NONE',  ( 0.6775502158601579561, 62.02372439005082327, 17.49483927592764232 ) ) ;
#1279 = EDGE_LOOP ( 'NONE', ( #1441, #2331 ) ) ;
#1280 = SURFACE_STYLE_FILL_AREA ( #2094 ) ;
#1281 = ORIENTED_EDGE ( 'NONE', *, *, #4464, .T. ) ;
#1282 = COLOUR_RGB ( '',0.9215686274509803377, 0.9215686274509803377, 0.9215686274509803377 ) ;
#1283 = SURFACE_SIDE_STYLE ('',( #1236 ) ) ;
#1284 = CARTESIAN_POINT ( 'NONE',  ( -21.57648912884393155, 107.8539420582143151, 27.14686215702430516 ) ) ;
#1285 = ORIENTED_EDGE ( 'NONE', *, *, #628, .F. ) ;
#1286 =( NAMED_UNIT ( * ) SI_UNIT ( $, .STERADIAN. ) SOLID_ANGLE_UNIT ( ) );
#1287 = AXIS2_PLACEMENT_3D ( 'NONE', #4743, #2002, #350 ) ;
#1288 = DIRECTION ( 'NONE',  ( 0.2778678402912977408, -6.308085367188459069E-15, 0.9606193123875086393 ) ) ;
#1289 = EDGE_LOOP ( 'NONE', ( #343, #4531, #3756, #2086 ) ) ;
#1290 = CIRCLE ( 'NONE', #2810, 20.00000000000000355 ) ;
#1291 = LINE ( 'NONE', #2897, #561 ) ;
#1292 = EDGE_LOOP ( 'NONE', ( #1285, #2984, #2519, #2352 ) ) ;
#1293 = CARTESIAN_POINT ( 'NONE',  ( 24.17078192250341928, 38.31608741023888598, 120.0329000428977366 ) ) ;
#1294 = EDGE_CURVE ( 'NONE', #1424, #4885, #1996, .T. ) ;
#1295 = FILL_AREA_STYLE_COLOUR ( '', #4196 ) ;
#1296 =( NAMED_UNIT ( * ) PLANE_ANGLE_UNIT ( ) SI_UNIT ( $, .RADIAN. ) );
#1297 = SURFACE_STYLE_USAGE ( .BOTH. , #515 ) ;
#1298 = ORIENTED_EDGE ( 'NONE', *, *, #4929, .T. ) ;
#1299 = DIRECTION ( 'NONE',  ( -0.000000000000000000, -1.000000000000000000, -0.000000000000000000 ) ) ;
#1300 = SURFACE_STYLE_USAGE ( .BOTH. , #1663 ) ;
#1301 =( LENGTH_UNIT ( ) NAMED_UNIT ( * ) SI_UNIT ( .MILLI., .METRE. ) );
#1302 = CARTESIAN_POINT ( 'NONE',  ( -21.19678342333677179, 107.4334963823938693, 59.25406678289739659 ) ) ;
#1303 = CARTESIAN_POINT ( 'NONE',  ( 1.750568738438401883, 60.01223059518358838, 17.41296546998704997 ) ) ;
#1304 = ORIENTED_EDGE ( 'NONE', *, *, #1215, .F. ) ;
#1305 = ORIENTED_EDGE ( 'NONE', *, *, #3567, .F. ) ;
#1306 = PRESENTATION_STYLE_ASSIGNMENT (( #1722 ) ) ;
#1307 = ORIENTED_EDGE ( 'NONE', *, *, #1070, .T. ) ;
#1308 = EDGE_CURVE ( 'NONE', #2248, #1118, #4010, .T. ) ;
#1309 =( NAMED_UNIT ( * ) SI_UNIT ( $, .STERADIAN. ) SOLID_ANGLE_UNIT ( ) );
#1310 = LINE ( 'NONE', #3306, #4330 ) ;
#1311 = VERTEX_POINT ( 'NONE', #4499 ) ;
#1312 = DIRECTION ( 'NONE',  ( 0.9606193123875088613, 1.940340758083416038E-15, -0.2778678402912970746 ) ) ;
#1313 = AXIS2_PLACEMENT_3D ( 'NONE', #2632, #3026, #4619 ) ;
#1314 = UNCERTAINTY_MEASURE_WITH_UNIT (LENGTH_MEASURE( 1.000000000000000082E-05 ), #3895, 'distance_accuracy_value', 'NONE');
#1315 = STYLED_ITEM ( 'NONE', ( #1882 ), #3482 ) ;
#1317 = DIRECTION ( 'NONE',  ( 0.000000000000000000, -1.000000000000000000, -6.982962677686266711E-15 ) ) ;
#1316 =( GEOMETRIC_REPRESENTATION_CONTEXT ( 3 ) GLOBAL_UNCERTAINTY_ASSIGNED_CONTEXT ( ( #810 ) ) GLOBAL_UNIT_ASSIGNED_CONTEXT ( ( #2228, #949, #212 ) ) REPRESENTATION_CONTEXT ( 'NONE', 'WORKASPACE' ) );
#1318 = ORIENTED_EDGE ( 'NONE', *, *, #4777, .T. ) ;
#1319 = MECHANICAL_DESIGN_GEOMETRIC_PRESENTATION_REPRESENTATION (  '', ( #3812 ), #1979 ) ;
#1320 = DIRECTION ( 'NONE',  ( -0.2778678402912949652, 6.707968805866623101E-15, -0.9606193123875094164 ) ) ;
#1321 = LINE ( 'NONE', #2565, #4618 ) ;
#1322 = CARTESIAN_POINT ( 'NONE',  ( -20.86115507805496705, 106.4942966935742277, 52.61391016020165523 ) ) ;
#1323 = CARTESIAN_POINT ( 'NONE',  ( 11.13884492194495124, 108.3160874102397315, 59.50995732056699694 ) ) ;
#1324 = EDGE_CURVE ( 'NONE', #3439, #1408, #163, .T. ) ;
#1325 = ORIENTED_EDGE ( 'NONE', *, *, #1888, .T. ) ;
#1326 = FILL_AREA_STYLE_COLOUR ( '', #4757 ) ;
#1327 =( NAMED_UNIT ( * ) SI_UNIT ( $, .STERADIAN. ) SOLID_ANGLE_UNIT ( ) );
#1328 = DIRECTION ( 'NONE',  ( -0.000000000000000000, 1.000000000000000000, -0.000000000000000000 ) ) ;
#1329 = AXIS2_PLACEMENT_3D ( 'NONE', #108, #4877, #493 ) ;
#1330 = DIRECTION ( 'NONE',  ( -1.000000000000000000, 0.000000000000000000, 0.000000000000000000 ) ) ;
#1331 = CARTESIAN_POINT ( 'NONE',  ( 11.13884492194495124, 106.3160874102397315, 39.50995732056697562 ) ) ;
#1332 = CARTESIAN_POINT ( 'NONE',  ( 1.638844921944983435, 58.31608741023971731, 18.56359725491350332 ) ) ;
#1333 = EDGE_LOOP ( 'NONE', ( #1738, #477, #5113, #597 ) ) ;
#1334 = ORIENTED_EDGE ( 'NONE', *, *, #3047, .F. ) ;
#1335 = VECTOR ( 'NONE', #523, 1000.000000000000000 ) ;
#1336 = VERTEX_POINT ( 'NONE', #1665 ) ;
#1337 = PRESENTATION_STYLE_ASSIGNMENT (( #91 ) ) ;
#1338 = CARTESIAN_POINT ( 'NONE',  ( -21.77620709905881924, 108.0007984840537176, 27.40032740306480719 ) ) ;
#1339 = VERTEX_POINT ( 'NONE', #2430 ) ;
#1340 = CARTESIAN_POINT ( 'NONE',  ( -11.55452860806952664, 63.22430499698722883, 17.12852081669807092 ) ) ;
#1341 = ORIENTED_EDGE ( 'NONE', *, *, #1705, .F. ) ;
#1342 = EDGE_CURVE ( 'NONE', #222, #3426, #2166, .T. ) ;
#1343 = CARTESIAN_POINT ( 'NONE',  ( -5.861155078055012346, 108.3160874102397315, 39.50995732056697562 ) ) ;
#1344 = EDGE_LOOP ( 'NONE', ( #2443, #3402, #3901, #199 ) ) ;
#1345 = FACE_OUTER_BOUND ( 'NONE', #2269, .T. ) ;
#1346 = CARTESIAN_POINT ( 'NONE',  ( -18.85771180001289338, 97.81605725241362848, 60.86739492673706309 ) ) ;
#1347 = CARTESIAN_POINT ( 'NONE',  ( 1.638844921944987876, 58.31608741023971731, 39.50995732056697562 ) ) ;
#1348 = DIRECTION ( 'NONE',  ( 0.000000000000000000, 0.000000000000000000, -1.000000000000000000 ) ) ;
#1349 = ORIENTED_EDGE ( 'NONE', *, *, #1592, .F. ) ;
#1350 = PRESENTATION_LAYER_ASSIGNMENT (  '', '', ( #3596 ) ) ;
#1351 = FILL_AREA_STYLE_COLOUR ( '', #3640 ) ;
#1352 = SURFACE_SIDE_STYLE ('',( #213 ) ) ;
#1353 = DIRECTION ( 'NONE',  ( 1.000000000000000000, 0.000000000000000000, 0.000000000000000000 ) ) ;
#1354 = CARTESIAN_POINT ( 'NONE',  ( -35.11167705983290688, 35.31608741023885045, 124.6266218876285166 ) ) ;
#1355 = CARTESIAN_POINT ( 'NONE',  ( 22.61197919279169000, 35.31608741023904230, 97.00995732056730958 ) ) ;
#1356 = CARTESIAN_POINT ( 'NONE',  ( 39.38697919279156423, 35.31608741023876519, 137.5099573205673664 ) ) ;
#1357 = COLOUR_RGB ( '',0.9215686274509803377, 0.9215686274509803377, 0.9215686274509803377 ) ;
#1358 = ORIENTED_EDGE ( 'NONE', *, *, #3448, .F. ) ;
#1359 = EDGE_CURVE ( 'NONE', #4154, #2377, #2504, .T. ) ;
#1360 = MECHANICAL_DESIGN_GEOMETRIC_PRESENTATION_REPRESENTATION (  '', ( #2791 ), #5140 ) ;
#1361 = CARTESIAN_POINT ( 'NONE',  ( -5.861155078055149126, -33.20237785007919484, 39.50995732056671272 ) ) ;
#1362 = ORIENTED_EDGE ( 'NONE', *, *, #25, .T. ) ;
#1363 = LINE ( 'NONE', #3850, #3205 ) ;
#1364 = CARTESIAN_POINT ( 'NONE',  ( -20.89062042119720886, 106.6694337731043731, 26.41753328100956111 ) ) ;
#1365 = ORIENTED_EDGE ( 'NONE', *, *, #3776, .F. ) ;
#1366 =( NAMED_UNIT ( * ) PLANE_ANGLE_UNIT ( ) SI_UNIT ( $, .RADIAN. ) );
#1367 = PRESENTATION_LAYER_ASSIGNMENT (  '', '', ( #2029 ) ) ;
#1368 = VECTOR ( 'NONE', #3283, 1000.000000000000000 ) ;
#1369 = MECHANICAL_DESIGN_GEOMETRIC_PRESENTATION_REPRESENTATION (  '', ( #2310 ), #4721 ) ;
#1370 = UNCERTAINTY_MEASURE_WITH_UNIT (LENGTH_MEASURE( 1.000000000000000082E-05 ), #172, 'distance_accuracy_value', 'NONE');
#1371 = STYLED_ITEM ( 'NONE', ( #1020 ), #263 ) ;
#1372 = DIRECTION ( 'NONE',  ( 1.000000000000000000, 0.000000000000000000, 0.000000000000000000 ) ) ;
#1373 = EDGE_CURVE ( 'NONE', #402, #1985, #4232, .T. ) ;
#1374 = EDGE_LOOP ( 'NONE', ( #2518, #605, #886, #4212 ) ) ;
#1375 = VECTOR ( 'NONE', #3371, 1000.000000000000000 ) ;
#1376 =( NAMED_UNIT ( * ) SI_UNIT ( $, .STERADIAN. ) SOLID_ANGLE_UNIT ( ) );
#1377 = CARTESIAN_POINT ( 'NONE',  ( 3.145979192791789725, 35.31608741023924125, 68.50995732056722431 ) ) ;
#1378 = LINE ( 'NONE', #946, #3777 ) ;
#1379 = MECHANICAL_DESIGN_GEOMETRIC_PRESENTATION_REPRESENTATION (  '', ( #807 ), #159 ) ;
#1380 = EDGE_CURVE ( 'NONE', #2522, #3055, #3424, .T. ) ;
#1381 = ORIENTED_EDGE ( 'NONE', *, *, #2757, .T. ) ;
#1382 = DIRECTION ( 'NONE',  ( -1.000000000000000000, 0.000000000000000000, -6.608470384673580212E-15 ) ) ;
#1383 = DIRECTION ( 'NONE',  ( -0.000000000000000000, 1.000000000000000000, 6.982962677686266711E-15 ) ) ;
#1384 = PRESENTATION_STYLE_ASSIGNMENT (( #2616 ) ) ;
#1385 = FACE_OUTER_BOUND ( 'NONE', #1167, .T. ) ;
#1386 = LINE ( 'NONE', #1406, #2915 ) ;
#1387 = ORIENTED_EDGE ( 'NONE', *, *, #3017, .T. ) ;
#1388 =( NAMED_UNIT ( * ) SI_UNIT ( $, .STERADIAN. ) SOLID_ANGLE_UNIT ( ) );
#1389 = VERTEX_POINT ( 'NONE', #981 ) ;
#1390 = CARTESIAN_POINT ( 'NONE',  ( 11.13884492194495124, 108.3160874102397315, 50.04561107341977788 ) ) ;
#1391 = ADVANCED_FACE ( 'NONE', ( #1770 ), #2595, .F. ) ;
#1392 = DIRECTION ( 'NONE',  ( 0.000000000000000000, 0.000000000000000000, 1.000000000000000000 ) ) ;
#1393 =( NAMED_UNIT ( * ) PLANE_ANGLE_UNIT ( ) SI_UNIT ( $, .RADIAN. ) );
#1394 = MECHANICAL_DESIGN_GEOMETRIC_PRESENTATION_REPRESENTATION (  '', ( #744 ), #2239 ) ;
#1395 = CARTESIAN_POINT ( 'NONE',  ( 34.38697919279154291, 35.31608741023872966, 142.5099573205673380 ) ) ;
#1396 = ORIENTED_EDGE ( 'NONE', *, *, #2265, .F. ) ;
#1397 = CIRCLE ( 'NONE', #1313, 2.199999999999981526 ) ;
#1398 = PLANE ( 'NONE',  #2797 ) ;
#1399 = VECTOR ( 'NONE', #3264, 1000.000000000000000 ) ;
#1400 = VERTEX_POINT ( 'NONE', #1799 ) ;
#1401 =( NAMED_UNIT ( * ) SI_UNIT ( $, .STERADIAN. ) SOLID_ANGLE_UNIT ( ) );
#1402 =( NAMED_UNIT ( * ) SI_UNIT ( $, .STERADIAN. ) SOLID_ANGLE_UNIT ( ) );
#1403 = EDGE_CURVE ( 'NONE', #3633, #4838, #2648, .T. ) ;
#1404 = FILL_AREA_STYLE ('',( #1798 ) ) ;
#1405 = SURFACE_STYLE_USAGE ( .BOTH. , #1828 ) ;
#1406 = CARTESIAN_POINT ( 'NONE',  ( -38.26402080720819043, 45.31608741023926257, 65.75995732056716747 ) ) ;
#1407 = PRESENTATION_LAYER_ASSIGNMENT (  '', '', ( #928 ) ) ;
#1408 = VERTEX_POINT ( 'NONE', #5014 ) ;
#1409 = CARTESIAN_POINT ( 'NONE',  ( 9.163243441878911710, 106.6732805800253345, 26.41032451074705989 ) ) ;
#1410 = DIRECTION ( 'NONE',  ( 0.000000000000000000, 0.000000000000000000, 1.000000000000000000 ) ) ;
#1411 = EDGE_LOOP ( 'NONE', ( #4503, #680, #4654, #2287 ) ) ;
#1412 = DIRECTION ( 'NONE',  ( -0.000000000000000000, 1.000000000000000000, 6.982962677686266711E-15 ) ) ;
#1413 = VECTOR ( 'NONE', #5135, 1000.000000000000000 ) ;
#1414 = FILL_AREA_STYLE_COLOUR ( '', #1533 ) ;
#1415 = ADVANCED_FACE ( 'NONE', ( #1057, #4184 ), #3014, .F. ) ;
#1416 = CARTESIAN_POINT ( 'NONE',  ( -5.861155078055011458, 89.77559119250058473, 47.00995732056697562 ) ) ;
#1417 = EDGE_LOOP ( 'NONE', ( #219, #1365 ) ) ;
#1418 = FILL_AREA_STYLE ('',( #3057 ) ) ;
#1419 = FILL_AREA_STYLE_COLOUR ( '', #4553 ) ;
#1420 = UNCERTAINTY_MEASURE_WITH_UNIT (LENGTH_MEASURE( 1.000000000000000082E-05 ), #5098, 'distance_accuracy_value', 'NONE');
#1421 = CARTESIAN_POINT ( 'NONE',  ( -5.861155078055012346, 65.81609001472889986, 32.00995732056697562 ) ) ;
#1422 = SURFACE_STYLE_FILL_AREA ( #4283 ) ;
#1423 = B_SPLINE_CURVE_WITH_KNOTS ( 'NONE', 3,
 ( #3035, #4636, #1055, #293, #3444, #5064, #1456, #3068, #2278, #4662, #2023, #3914, #1532, #1998 ),
 .UNSPECIFIED., .F., .F.,
 ( 4, 2, 2, 2, 2, 2, 4 ),
 ( 0.000000000000000000, 0.0004537149792349504237, 0.0009074299584699008474, 0.001361144937704851380, 0.001814859916939801695, 0.002722289875409679340, 0.003629719833879557420 ),
 .UNSPECIFIED. ) ;
#1424 = VERTEX_POINT ( 'NONE', #3446 ) ;
#1425 = DIRECTION ( 'NONE',  ( 1.000000000000000000, 0.000000000000000000, 0.000000000000000000 ) ) ;
#1426 =( NAMED_UNIT ( * ) SI_UNIT ( $, .STERADIAN. ) SOLID_ANGLE_UNIT ( ) );
#1427 = SURFACE_STYLE_FILL_AREA ( #622 ) ;
#1428 = CYLINDRICAL_SURFACE ( 'NONE', #145, 2.000000000000000000 ) ;
#1429 =( GEOMETRIC_REPRESENTATION_CONTEXT ( 3 ) GLOBAL_UNCERTAINTY_ASSIGNED_CONTEXT ( ( #4095 ) ) GLOBAL_UNIT_ASSIGNED_CONTEXT ( ( #4490, #4931, #4518 ) ) REPRESENTATION_CONTEXT ( 'NONE', 'WORKASPACE' ) );
#1430 = EDGE_CURVE ( 'NONE', #4144, #1748, #5067, .T. ) ;
#1431 =( NAMED_UNIT ( * ) SI_UNIT ( $, .STERADIAN. ) SOLID_ANGLE_UNIT ( ) );
#1432 = EDGE_CURVE ( 'NONE', #1424, #2795, #3346, .T. ) ;
#1433 = ORIENTED_EDGE ( 'NONE', *, *, #4047, .T. ) ;
#1434 = PRESENTATION_LAYER_ASSIGNMENT (  '', '', ( #220 ) ) ;
#1435 = CYLINDRICAL_SURFACE ( 'NONE', #398, 5.000000000000004441 ) ;
#1436 = ORIENTED_EDGE ( 'NONE', *, *, #4864, .F. ) ;
#1437 = DIRECTION ( 'NONE',  ( 0.000000000000000000, -1.000000000000000000, -6.982962677686266711E-15 ) ) ;
#1438 = AXIS2_PLACEMENT_3D ( 'NONE', #1742, #979, #3344 ) ;
#1440 = FILL_AREA_STYLE_COLOUR ( '', #672 ) ;
#1439 = STYLED_ITEM ( 'NONE', ( #573 ), #2847 ) ;
#1441 = ORIENTED_EDGE ( 'NONE', *, *, #399, .F. ) ;
#1442 = DIRECTION ( 'NONE',  ( 0.2778678402912961865, -6.707968805866620735E-15, 0.9606193123875090834 ) ) ;
#1443 = PRESENTATION_LAYER_ASSIGNMENT (  '', '', ( #4044 ) ) ;
#1444 = SURFACE_STYLE_USAGE ( .BOTH. , #1076 ) ;
#1445 = DIRECTION ( 'NONE',  ( 0.9606193123875089723, 1.940340758083416038E-15, -0.2778678402912971301 ) ) ;
#1446 = FILL_AREA_STYLE ('',( #1870 ) ) ;
#1447 = CARTESIAN_POINT ( 'NONE',  ( 6.013187008982902704, 96.15093602032797548, 61.50995732056697562 ) ) ;
#1448 = EDGE_LOOP ( 'NONE', ( #938, #1260 ) ) ;
#1449 = VECTOR ( 'NONE', #2360, 1000.000000000000114 ) ;
#1450 = DIRECTION ( 'NONE',  ( -8.673615120850363174E-17, 1.000000000000000000, 0.000000000000000000 ) ) ;
#1451 = ORIENTED_EDGE ( 'NONE', *, *, #102, .T. ) ;
#1452 = PLANE ( 'NONE',  #4540 ) ;
#1453 = VECTOR ( 'NONE', #2254, 1000.000000000000000 ) ;
#1454 = EDGE_CURVE ( 'NONE', #630, #4144, #2335, .T. ) ;
#1455 = VECTOR ( 'NONE', #1511, 1000.000000000000000 ) ;
#1456 = CARTESIAN_POINT ( 'NONE',  ( 9.474473267226752426, 107.4334963823938551, 19.76584785823653334 ) ) ;
#1457 = CARTESIAN_POINT ( 'NONE',  ( 1.938891131764248765, 88.31608741023971731, 17.50995732056685483 ) ) ;
#1458 = DIRECTION ( 'NONE',  ( -1.000000000000000000, 2.438088387897967896E-29, -3.491481338843133355E-15 ) ) ;
#1459 = PRESENTATION_STYLE_ASSIGNMENT (( #1086 ) ) ;
#1460 = AXIS2_PLACEMENT_3D ( 'NONE', #4841, #808, #4596 ) ;
#1461 =( GEOMETRIC_REPRESENTATION_CONTEXT ( 3 ) GLOBAL_UNCERTAINTY_ASSIGNED_CONTEXT ( ( #455 ) ) GLOBAL_UNIT_ASSIGNED_CONTEXT ( ( #4685, #4313, #855 ) ) REPRESENTATION_CONTEXT ( 'NONE', 'WORKASPACE' ) );
#1462 = EDGE_LOOP ( 'NONE', ( #4532, #2365, #4601, #669, #2586, #4167, #4859, #2652, #1676, #1605, #69, #699, #1102, #4575, #3785, #4967 ) ) ;
#1463 = CARTESIAN_POINT ( 'NONE',  ( 9.361163104708410287, 107.2359684915781060, 26.58237431695453523 ) ) ;
#1464 =( NAMED_UNIT ( * ) PLANE_ANGLE_UNIT ( ) SI_UNIT ( $, .RADIAN. ) );
#1465 = VECTOR ( 'NONE', #5125, 1000.000000000000000 ) ;
#1466 = ORIENTED_EDGE ( 'NONE', *, *, #3968, .T. ) ;
#1467 = CARTESIAN_POINT ( 'NONE',  ( -82.46302080720835193, 41.81608741023891440, 115.3099573205669799 ) ) ;
#1468 = CARTESIAN_POINT ( 'NONE',  ( -25.86115507805500968, 108.3160874102397315, 39.50995732056697562 ) ) ;
#1469 = UNCERTAINTY_MEASURE_WITH_UNIT (LENGTH_MEASURE( 1.000000000000000082E-05 ), #1245, 'distance_accuracy_value', 'NONE');
#1470 = ADVANCED_FACE ( 'NONE', ( #4288 ), #1587, .F. ) ;
#1471 = SURFACE_STYLE_FILL_AREA ( #637 ) ;
#1472 = ORIENTED_EDGE ( 'NONE', *, *, #4760, .F. ) ;
#1473 = CARTESIAN_POINT ( 'NONE',  ( -11.84187760392192246, 62.89182992936083139, 17.50995732056675891 ) ) ;
#1474 = AXIS2_PLACEMENT_3D ( 'NONE', #2102, #4996, #1288 ) ;
#1475 =( LENGTH_UNIT ( ) NAMED_UNIT ( * ) SI_UNIT ( .MILLI., .METRE. ) );
#1476 = CARTESIAN_POINT ( 'NONE',  ( -13.36115507805501146, 48.31608741023972442, 35.50995732056696852 ) ) ;
#1477 = UNCERTAINTY_MEASURE_WITH_UNIT (LENGTH_MEASURE( 1.000000000000000082E-05 ), #1301, 'distance_accuracy_value', 'NONE');
#1478 = CARTESIAN_POINT ( 'NONE',  ( -80.61302080720842866, 38.31608741023875808, 137.5099573205669117 ) ) ;
#1479 = ORIENTED_EDGE ( 'NONE', *, *, #2590, .T. ) ;
#1480 = COLOUR_RGB ( '',0.9215686274509803377, 0.9215686274509803377, 0.9215686274509803377 ) ;
#1481 = CARTESIAN_POINT ( 'NONE',  ( -38.26402080720821886, 45.31608741023920572, 73.75995732056715326 ) ) ;
#1482 = VERTEX_POINT ( 'NONE', #1879 ) ;
#1483 = STYLED_ITEM ( 'NONE', ( #779 ), #2427 ) ;
#1484 = CARTESIAN_POINT ( 'NONE',  ( -0.2323922197391686817, 63.27851948703665386, 17.64196900222626496 ) ) ;
#1485 = DIRECTION ( 'NONE',  ( -1.000000000000000000, 0.000000000000000000, 0.000000000000000000 ) ) ;
#1486 = EDGE_CURVE ( 'NONE', #3869, #2641, #2702, .T. ) ;
#1487 =( NAMED_UNIT ( * ) PLANE_ANGLE_UNIT ( ) SI_UNIT ( $, .RADIAN. ) );
#1488 =( NAMED_UNIT ( * ) PLANE_ANGLE_UNIT ( ) SI_UNIT ( $, .RADIAN. ) );
#1489 = FACE_OUTER_BOUND ( 'NONE', #5105, .T. ) ;
#1490 = DIRECTION ( 'NONE',  ( -1.000000000000000000, 0.000000000000000000, -5.551115123125777969E-15 ) ) ;
#1491 = VERTEX_POINT ( 'NONE', #325 ) ;
#1492 = PRESENTATION_STYLE_ASSIGNMENT (( #4697 ) ) ;
#1493 = B_SPLINE_CURVE_WITH_KNOTS ( 'NONE', 3,
 ( #3225, #4371, #61, #4425, #3499, #3982, #854, #3599, #5121, #4778, #4804, #2359, #446, #1624 ),
 .UNSPECIFIED., .F., .F.,
 ( 4, 2, 2, 2, 2, 2, 4 ),
 ( 0.000000000000000000, 0.0009059278427725904860, 0.001358891764158890987, 0.001811855685545191814, 0.002264819606931492424, 0.002717783528317792817, 0.003623711371090428731 ),
 .UNSPECIFIED. ) ;
#1494 = CARTESIAN_POINT ( 'NONE',  ( -13.28183192543408531, 60.73473067534547454, 17.31653544189700256 ) ) ;
#1495 = STYLED_ITEM ( 'NONE', ( #144 ), #3237 ) ;
#1496 =( LENGTH_UNIT ( ) NAMED_UNIT ( * ) SI_UNIT ( .MILLI., .METRE. ) );
#1497 = DIRECTION ( 'NONE',  ( -0.000000000000000000, 0.000000000000000000, 1.000000000000000000 ) ) ;
#1498 = VERTEX_POINT ( 'NONE', #1172 ) ;
#1499 = FACE_OUTER_BOUND ( 'NONE', #1639, .T. ) ;
#1500 = EDGE_CURVE ( 'NONE', #1491, #4846, #347, .T. ) ;
#1501 = DIRECTION ( 'NONE',  ( 0.000000000000000000, -1.000000000000000000, -6.982962677686266711E-15 ) ) ;
#1502 = CARTESIAN_POINT ( 'NONE',  ( -11.49891629329433762, 63.28586588009742542, 17.64197485734467463 ) ) ;
#1503 = FACE_BOUND ( 'NONE', #386, .T. ) ;
#1504 = CARTESIAN_POINT ( 'NONE',  ( -52.11167705983286424, 38.31608741023898546, 104.6266218876284597 ) ) ;
#1505 = ORIENTED_EDGE ( 'NONE', *, *, #2265, .T. ) ;
#1506 = SURFACE_STYLE_FILL_AREA ( #1878 ) ;
#1507 = FACE_OUTER_BOUND ( 'NONE', #1844, .T. ) ;
#1508 = DIRECTION ( 'NONE',  ( 0.000000000000000000, 0.000000000000000000, -1.000000000000000000 ) ) ;
#1509 = PLANE ( 'NONE',  #3614 ) ;
#1510 = DIRECTION ( 'NONE',  ( 0.000000000000000000, -1.000000000000000000, -6.982962677686266711E-15 ) ) ;
#1511 = DIRECTION ( 'NONE',  ( 1.000000000000000000, 0.000000000000000000, 0.000000000000000000 ) ) ;
#1512 = LINE ( 'NONE', #5143, #4462 ) ;
#1513 = VERTEX_POINT ( 'NONE', #1561 ) ;
#1514 =( LENGTH_UNIT ( ) NAMED_UNIT ( * ) SI_UNIT ( .MILLI., .METRE. ) );
#1515 = STYLED_ITEM ( 'NONE', ( #1024 ), #707 ) ;
#1516 = CARTESIAN_POINT ( 'NONE',  ( -33.76402080720822596, 41.81608741023920572, 73.75995732056713905 ) ) ;
#1517 = MECHANICAL_DESIGN_GEOMETRIC_PRESENTATION_REPRESENTATION (  '', ( #220 ), #3858 ) ;
#1518 = EDGE_CURVE ( 'NONE', #988, #3509, #1577, .T. ) ;
#1519 = FACE_OUTER_BOUND ( 'NONE', #1264, .T. ) ;
#1520 = VECTOR ( 'NONE', #3569, 1000.000000000000000 ) ;
#1521 = CARTESIAN_POINT ( 'NONE',  ( -17.73549716509277729, 96.15093602032787601, 17.50995732056671628 ) ) ;
#1522 = ORIENTED_EDGE ( 'NONE', *, *, #1403, .T. ) ;
#1523 = DIRECTION ( 'NONE',  ( 1.000000000000000000, 0.000000000000000000, 0.000000000000000000 ) ) ;
#1524 = SURFACE_STYLE_FILL_AREA ( #2326 ) ;
#1525 = UNCERTAINTY_MEASURE_WITH_UNIT (LENGTH_MEASURE( 1.000000000000000082E-05 ), #415, 'distance_accuracy_value', 'NONE');
#1526 = SURFACE_STYLE_FILL_AREA ( #3936 ) ;
#1527 = PRESENTATION_LAYER_ASSIGNMENT (  '', '', ( #2791 ) ) ;
#1528 = ADVANCED_FACE ( 'NONE', ( #3941 ), #3541, .T. ) ;
#1529 = FILL_AREA_STYLE ('',( #5130 ) ) ;
#1530 = PRESENTATION_LAYER_ASSIGNMENT (  '', '', ( #1277 ) ) ;
#1531 = ORIENTED_EDGE ( 'NONE', *, *, #3816, .T. ) ;
#1532 = CARTESIAN_POINT ( 'NONE',  ( 10.91505478300172172, 108.3160874102396889, 20.97210573984638415 ) ) ;
#1533 = COLOUR_RGB ( '',1.000000000000000000, 1.000000000000000000, 1.000000000000000000 ) ;
#1534 = EDGE_CURVE ( 'NONE', #2043, #1031, #3476, .T. ) ;
#1535 = AXIS2_PLACEMENT_3D ( 'NONE', #1149, #1619, #3898 ) ;
#1536 = FILL_AREA_STYLE ('',( #2356 ) ) ;
#1537 = DIRECTION ( 'NONE',  ( 0.000000000000000000, 0.000000000000000000, 1.000000000000000000 ) ) ;
#1538 = MECHANICAL_DESIGN_GEOMETRIC_PRESENTATION_REPRESENTATION (  '', ( #565 ), #1703 ) ;
#1539 = CARTESIAN_POINT ( 'NONE',  ( 1.638844921944987876, 58.31608741023971731, 14.50995732056697207 ) ) ;
#1540 = VECTOR ( 'NONE', #1098, 1000.000000000000000 ) ;
#1541 = CARTESIAN_POINT ( 'NONE',  ( -30.86115507805515534, -33.20237785007919484, 39.50995732056662746 ) ) ;
#1542 = CARTESIAN_POINT ( 'NONE',  ( 1.638844921944987876, 38.31608741023972442, 14.50995732056697207 ) ) ;
#1543 = STYLED_ITEM ( 'NONE', ( #3386 ), #3934 ) ;
#1544 = FACE_BOUND ( 'NONE', #1417, .T. ) ;
#1545 = ORIENTED_EDGE ( 'NONE', *, *, #1888, .F. ) ;
#1546 = VECTOR ( 'NONE', #4007, 1000.000000000000000 ) ;
#1547 = APPLICATION_PROTOCOL_DEFINITION ( 'draft international standard', 'automotive_design', 1998, #3001 ) ;
#1548 =( NAMED_UNIT ( * ) SI_UNIT ( $, .STERADIAN. ) SOLID_ANGLE_UNIT ( ) );
#1549 = LINE ( 'NONE', #1981, #397 ) ;
#1550 = EDGE_CURVE ( 'NONE', #3257, #5005, #1196, .T. ) ;
#1551 = DIRECTION ( 'NONE',  ( -1.000000000000000000, 0.000000000000000000, 0.000000000000000000 ) ) ;
#1552 = CARTESIAN_POINT ( 'NONE',  ( -12.11167705983284826, 35.31608741023899256, 104.6266218876286018 ) ) ;
#1553 = ORIENTED_EDGE ( 'NONE', *, *, #381, .F. ) ;
#1554 = CARTESIAN_POINT ( 'NONE',  ( -85.61302080720817287, 38.31608741023928388, 62.50995732056694010 ) ) ;
#1555 = CARTESIAN_POINT ( 'NONE',  ( -12.96274190671481108, 60.77686895751736529, 18.34037924742497694 ) ) ;
#1556 = CARTESIAN_POINT ( 'NONE',  ( 31.85573642160352392, 45.31608741023889309, 117.8099573205673920 ) ) ;
#1557 = EDGE_LOOP ( 'NONE', ( #3988, #3660, #557, #2856 ) ) ;
#1558 = PRESENTATION_LAYER_ASSIGNMENT (  '', '', ( #3812 ) ) ;
#1559 = CARTESIAN_POINT ( 'NONE',  ( 5.165265600691056669, 95.13491715369421797, 29.26673740258015144 ) ) ;
#1560 = SURFACE_STYLE_USAGE ( .BOTH. , #2280 ) ;
#1561 = CARTESIAN_POINT ( 'NONE',  ( 18.81677028045111655, 51.31608741023971021, 43.50995732056697562 ) ) ;
#1562 = DIRECTION ( 'NONE',  ( -1.000000000000000000, 0.000000000000000000, -3.469446951953614189E-15 ) ) ;
#1563 = CIRCLE ( 'NONE', #3241, 2.200000000000003730 ) ;
#1564 = EDGE_CURVE ( 'NONE', #3479, #1833, #3263, .T. ) ;
#1565 = FILL_AREA_STYLE_COLOUR ( '', #1801 ) ;
#1566 = CIRCLE ( 'NONE', #676, 13.22875655532299710 ) ;
#1567 =( LENGTH_UNIT ( ) NAMED_UNIT ( * ) SI_UNIT ( .MILLI., .METRE. ) );
#1568 = PRESENTATION_LAYER_ASSIGNMENT (  '', '', ( #2070 ) ) ;
#1569 = FILL_AREA_STYLE ('',( #3523 ) ) ;
#1570 = VERTEX_POINT ( 'NONE', #3999 ) ;
#1572 = CARTESIAN_POINT ( 'NONE',  ( 22.80192781192484475, 45.31608741023912046, 86.50995732056738063 ) ) ;
#1571 = MECHANICAL_DESIGN_GEOMETRIC_PRESENTATION_REPRESENTATION (  '', ( #1495 ), #763 ) ;
#1573 = EDGE_LOOP ( 'NONE', ( #2771, #2173, #1238, #4921, #2151 ) ) ;
#1574 = PRESENTATION_STYLE_ASSIGNMENT (( #1239 ) ) ;
#1575 = EDGE_LOOP ( 'NONE', ( #512, #4426, #2492, #698 ) ) ;
#1576 = EDGE_CURVE ( 'NONE', #1824, #3096, #3705, .T. ) ;
#1577 = CIRCLE ( 'NONE', #4853, 24.99999999999999645 ) ;
#1578 = UNCERTAINTY_MEASURE_WITH_UNIT (LENGTH_MEASURE( 1.000000000000000082E-05 ), #181, 'distance_accuracy_value', 'NONE');
#1579 = VECTOR ( 'NONE', #4982, 1000.000000000000227 ) ;
#1580 =( GEOMETRIC_REPRESENTATION_CONTEXT ( 3 ) GLOBAL_UNCERTAINTY_ASSIGNED_CONTEXT ( ( #2947 ) ) GLOBAL_UNIT_ASSIGNED_CONTEXT ( ( #3070, #2197, #2989 ) ) REPRESENTATION_CONTEXT ( 'NONE', 'WORKASPACE' ) );
#1581 =( NAMED_UNIT ( * ) PLANE_ANGLE_UNIT ( ) SI_UNIT ( $, .RADIAN. ) );
#1582 = VERTEX_POINT ( 'NONE', #2056 ) ;
#1583 = COLOUR_RGB ( '',0.7921568627450980005, 0.8196078431372548767, 0.9333333333333333481 ) ;
#1584 = EDGE_CURVE ( 'NONE', #1748, #1336, #2481, .T. ) ;
#1585 = CARTESIAN_POINT ( 'NONE',  ( 8.763487591057836923, 101.9466142352544580, 27.43532379403758270 ) ) ;
#1586 = FILL_AREA_STYLE ('',( #2309 ) ) ;
#1587 = SPHERICAL_SURFACE ( 'NONE', #1243, 19.99999999999999645 ) ;
#1588 = PLANE ( 'NONE',  #2447 ) ;
#1589 = CARTESIAN_POINT ( 'NONE',  ( -5.861155078055012346, 38.31608741023972442, 39.50995732056697562 ) ) ;
#1590 = SURFACE_STYLE_USAGE ( .BOTH. , #3497 ) ;
#1591 = CARTESIAN_POINT ( 'NONE',  ( 11.13884492194495124, 106.3160874102397315, 39.50995732056697562 ) ) ;
#1592 = EDGE_CURVE ( 'NONE', #1679, #3636, #3243, .T. ) ;
#1593 = EDGE_CURVE ( 'NONE', #166, #2624, #870, .T. ) ;
#1594 = SURFACE_SIDE_STYLE ('',( #1625 ) ) ;
#1595 = ORIENTED_EDGE ( 'NONE', *, *, #5009, .F. ) ;
#1596 = LINE ( 'NONE', #1933, #956 ) ;
#1597 = FACE_OUTER_BOUND ( 'NONE', #4230, .T. ) ;
#1598 = AXIS2_PLACEMENT_3D ( 'NONE', #3030, #4577, #4602 ) ;
#1599 = ORIENTED_EDGE ( 'NONE', *, *, #278, .F. ) ;
#1600 = PRESENTATION_STYLE_ASSIGNMENT (( #3609 ) ) ;
#1601 = CARTESIAN_POINT ( 'NONE',  ( -13.36115507805501146, 38.31608741023972442, 18.56359725491356372 ) ) ;
#1602 = PRESENTATION_LAYER_ASSIGNMENT (  '', '', ( #1768 ) ) ;
#1603 = PRESENTATION_STYLE_ASSIGNMENT (( #4016 ) ) ;
#1604 = SURFACE_STYLE_FILL_AREA ( #1220 ) ;
#1605 = ORIENTED_EDGE ( 'NONE', *, *, #636, .F. ) ;
#1606 = AXIS2_PLACEMENT_3D ( 'NONE', #3484, #3230, #3276 ) ;
#1607 = DIRECTION ( 'NONE',  ( 3.491481338843133355E-15, 6.982962677686266711E-15, -1.000000000000000000 ) ) ;
#1608 = AXIS2_PLACEMENT_3D ( 'NONE', #2957, #647, #2112 ) ;
#1609 = CARTESIAN_POINT ( 'NONE',  ( -20.86115507805496705, 104.3338492394785249, 26.85456799562337338 ) ) ;
#1610 = PRESENTATION_STYLE_ASSIGNMENT (( #1682 ) ) ;
#1611 = VECTOR ( 'NONE', #3406, 1000.000000000000000 ) ;
#1612 = VECTOR ( 'NONE', #2351, 1000.000000000000000 ) ;
#1613 = FACE_OUTER_BOUND ( 'NONE', #880, .T. ) ;
#1614 = CARTESIAN_POINT ( 'NONE',  ( 24.17078192250341928, 45.31608741023888598, 120.0329000428977793 ) ) ;
#1615 = EDGE_CURVE ( 'NONE', #1679, #988, #4908, .T. ) ;
#1616 = DIRECTION ( 'NONE',  ( 3.491481338843133355E-15, 6.982962677686266711E-15, -1.000000000000000000 ) ) ;
#1617 = CIRCLE ( 'NONE', #4898, 2.000000000000000000 ) ;
#1618 = FILL_AREA_STYLE ('',( #1924 ) ) ;
#1619 = DIRECTION ( 'NONE',  ( -1.000000000000000000, -8.673615120850363174E-17, 0.000000000000000000 ) ) ;
#1620 = DIRECTION ( 'NONE',  ( 0.000000000000000000, -1.000000000000000000, -6.982962677686266711E-15 ) ) ;
#1621 = AXIS2_PLACEMENT_3D ( 'NONE', #3313, #1791, #5031 ) ;
#1622 = SURFACE_STYLE_FILL_AREA ( #903 ) ;
#1623 = STYLED_ITEM ( 'NONE', ( #1034 ), #944 ) ;
#1624 = CARTESIAN_POINT ( 'NONE',  ( -20.86115507805497415, 106.3160874102397315, 19.50995732056695076 ) ) ;
#1625 = SURFACE_STYLE_FILL_AREA ( #4352 ) ;
#1626 = STYLED_ITEM ( 'NONE', ( #2271 ), #3868 ) ;
#1627 =( NAMED_UNIT ( * ) PLANE_ANGLE_UNIT ( ) SI_UNIT ( $, .RADIAN. ) );
#1628 = ORIENTED_EDGE ( 'NONE', *, *, #4082, .T. ) ;
#1629 = SURFACE_SIDE_STYLE ('',( #529 ) ) ;
#1630 = SURFACE_STYLE_FILL_AREA ( #1183 ) ;
#1631 = VECTOR ( 'NONE', #3459, 1000.000000000000114 ) ;
#1632 = VERTEX_POINT ( 'NONE', #896 ) ;
#1633 = ADVANCED_FACE ( 'NONE', ( #1613 ), #4493, .F. ) ;
#1634 = UNCERTAINTY_MEASURE_WITH_UNIT (LENGTH_MEASURE( 1.000000000000000082E-05 ), #31, 'distance_accuracy_value', 'NONE');
#1635 = FILL_AREA_STYLE ('',( #4843 ) ) ;
#1636 = CARTESIAN_POINT ( 'NONE',  ( 20.51197919279169923, 38.31608741023904230, 97.00995732056730958 ) ) ;
#1637 = VECTOR ( 'NONE', #2338, 1000.000000000000000 ) ;
#1638 = SURFACE_STYLE_USAGE ( .BOTH. , #3210 ) ;
#1639 = EDGE_LOOP ( 'NONE', ( #2156, #2251, #603, #864 ) ) ;
#1640 = CARTESIAN_POINT ( 'NONE',  ( 5.245979192791780044, 35.31608741023924125, 68.50995732056723853 ) ) ;
#1641 = CARTESIAN_POINT ( 'NONE',  ( 3.389265686330156679, 93.46713736310755394, 29.76642661398776823 ) ) ;
#1642 = CARTESIAN_POINT ( 'NONE',  ( -20.86115507805497415, 106.3160874102397315, 19.50995732056695076 ) ) ;
#1643 = DIRECTION ( 'NONE',  ( 7.012323397502677495E-15, -0.000000000000000000, -1.000000000000000000 ) ) ;
#1644 = CARTESIAN_POINT ( 'NONE',  ( -13.36115507805501323, 48.31608741023972442, 39.50995732056697562 ) ) ;
#1645 =( GEOMETRIC_REPRESENTATION_CONTEXT ( 3 ) GLOBAL_UNCERTAINTY_ASSIGNED_CONTEXT ( ( #2692 ) ) GLOBAL_UNIT_ASSIGNED_CONTEXT ( ( #461, #2401, #155 ) ) REPRESENTATION_CONTEXT ( 'NONE', 'WORKASPACE' ) );
#1646 = EDGE_CURVE ( 'NONE', #2624, #3959, #4520, .T. ) ;
#1647 = DIRECTION ( 'NONE',  ( 3.352703460764988788E-15, 6.982962677686266711E-15, -1.000000000000000000 ) ) ;
#1648 = CARTESIAN_POINT ( 'NONE',  ( -13.61167705983283582, 38.31608741023898546, 104.6266218876286160 ) ) ;
#1649 = VERTEX_POINT ( 'NONE', #2932 ) ;
#1650 = COLOUR_RGB ( '',0.9215686274509803377, 0.9215686274509803377, 0.9215686274509803377 ) ;
#1651 = CARTESIAN_POINT ( 'NONE',  ( 30.60533114029264468, 41.81608741023892861, 113.4871704148235949 ) ) ;
#1652 = ORIENTED_EDGE ( 'NONE', *, *, #3156, .T. ) ;
#1653 = FACE_BOUND ( 'NONE', #1374, .T. ) ;
#1654 = DIRECTION ( 'NONE',  ( 0.000000000000000000, -1.000000000000000000, -6.982962677686266711E-15 ) ) ;
#1655 = ORIENTED_EDGE ( 'NONE', *, *, #2965, .T. ) ;
#1656 = FILL_AREA_STYLE_COLOUR ( '', #1784 ) ;
#1657 = ADVANCED_FACE ( 'NONE', ( #947 ), #3318, .T. ) ;
#1658 = VERTEX_POINT ( 'NONE', #1636 ) ;
#1659 = MECHANICAL_DESIGN_GEOMETRIC_PRESENTATION_REPRESENTATION (  '', ( #928 ), #438 ) ;
#1660 = MECHANICAL_DESIGN_GEOMETRIC_PRESENTATION_REPRESENTATION (  '', ( #2255 ), #4173 ) ;
#1661 = CARTESIAN_POINT ( 'NONE',  ( 9.144773727127681440, 106.4936840206444089, 52.60609455688078384 ) ) ;
#1662 = FACE_BOUND ( 'NONE', #2093, .T. ) ;
#1663 = SURFACE_SIDE_STYLE ('',( #3806 ) ) ;
#1664 = CARTESIAN_POINT ( 'NONE',  ( 1.638844921944987876, 38.31608741023972442, 39.50995732056697562 ) ) ;
#1665 = CARTESIAN_POINT ( 'NONE',  ( -5.861155078055011458, 38.31608741023972442, 47.00995732056697562 ) ) ;
#1666 = CARTESIAN_POINT ( 'NONE',  ( 1.453436519111401592, 59.99173868638293783, 17.89099135752811165 ) ) ;
#1667 = ORIENTED_EDGE ( 'NONE', *, *, #4542, .T. ) ;
#1668 =( LENGTH_UNIT ( ) NAMED_UNIT ( * ) SI_UNIT ( .MILLI., .METRE. ) );
#1669 = ORIENTED_EDGE ( 'NONE', *, *, #3639, .T. ) ;
#1670 = VERTEX_POINT ( 'NONE', #1188 ) ;
#1671 = DIRECTION ( 'NONE',  ( 0.000000000000000000, 1.000000000000000000, 6.982962677686266711E-15 ) ) ;
#1672 = EDGE_LOOP ( 'NONE', ( #2472, #1958, #5061, #3753, #906, #4113, #3086, #4946, #1257, #805, #1531 ) ) ;
#1673 = CARTESIAN_POINT ( 'NONE',  ( -15.36115507805501501, 38.31608741023972442, 18.56359725491356372 ) ) ;
#1674 = CARTESIAN_POINT ( 'NONE',  ( -20.86115507805497415, 106.3160874102397315, 26.43326048994492439 ) ) ;
#1675 = EDGE_CURVE ( 'NONE', #1763, #211, #4749, .T. ) ;
#1676 = ORIENTED_EDGE ( 'NONE', *, *, #3745, .F. ) ;
#1677 = PLANE ( 'NONE',  #3074 ) ;
#1678 = DIRECTION ( 'NONE',  ( 0.9606193123875094164, 1.940340758083401049E-15, -0.2778678402912949652 ) ) ;
#1679 = VERTEX_POINT ( 'NONE', #456 ) ;
#1680 = CYLINDRICAL_SURFACE ( 'NONE', #1203, 2.200000000000003730 ) ;
#1681 = SURFACE_STYLE_USAGE ( .BOTH. , #537 ) ;
#1682 = SURFACE_STYLE_USAGE ( .BOTH. , #818 ) ;
#1683 = CARTESIAN_POINT ( 'NONE',  ( 9.168310265087185940, 106.6694337731043731, 52.60238136012441146 ) ) ;
#1684 = MECHANICAL_DESIGN_GEOMETRIC_PRESENTATION_REPRESENTATION (  '', ( #1768 ), #3863 ) ;
#1685 = ORIENTED_EDGE ( 'NONE', *, *, #3137, .T. ) ;
#1686 = FILL_AREA_STYLE_COLOUR ( '', #1650 ) ;
#1687 = MECHANICAL_DESIGN_GEOMETRIC_PRESENTATION_REPRESENTATION (  '', ( #3949 ), #136 ) ;
#1688 = DIRECTION ( 'NONE',  ( -0.9606193123875081952, -1.940340758083427476E-15, 0.2778678402912987955 ) ) ;
#1689 = EDGE_CURVE ( 'NONE', #1081, #1759, #3157, .T. ) ;
#1690 = CARTESIAN_POINT ( 'NONE',  ( 1.604155166770355301, 60.28908144909943445, 17.50995732056685128 ) ) ;
#1691 = CYLINDRICAL_SURFACE ( 'NONE', #4713, 2.000000000000000000 ) ;
#1692 = VECTOR ( 'NONE', #1450, 1000.000000000000000 ) ;
#1693 = CARTESIAN_POINT ( 'NONE',  ( -22.86115507805497415, 108.3160874102397315, 28.97430356771416626 ) ) ;
#1694 = ORIENTED_EDGE ( 'NONE', *, *, #1970, .T. ) ;
#1695 = STYLED_ITEM ( 'NONE', ( #2607 ), #4159 ) ;
#1696 = PLANE ( 'NONE',  #4561 ) ;
#1697 = EDGE_LOOP ( 'NONE', ( #2019, #4995, #4450, #3561 ) ) ;
#1698 = VECTOR ( 'NONE', #1410, 1000.000000000000000 ) ;
#1699 = CARTESIAN_POINT ( 'NONE',  ( -82.46302080720835193, 41.81608741023891440, 115.3099573205669799 ) ) ;
#1700 = ORIENTED_EDGE ( 'NONE', *, *, #2235, .F. ) ;
#1701 = SURFACE_STYLE_FILL_AREA ( #2526 ) ;
#1702 = CARTESIAN_POINT ( 'NONE',  ( -22.86115507805497415, 106.3160874102397315, 14.50995732056697207 ) ) ;
#1703 =( GEOMETRIC_REPRESENTATION_CONTEXT ( 3 ) GLOBAL_UNCERTAINTY_ASSIGNED_CONTEXT ( ( #4617 ) ) GLOBAL_UNIT_ASSIGNED_CONTEXT ( ( #1135, #4002, #36 ) ) REPRESENTATION_CONTEXT ( 'NONE', 'WORKASPACE' ) );
#1704 = VECTOR ( 'NONE', #4681, 1000.000000000000114 ) ;
#1705 = EDGE_CURVE ( 'NONE', #4861, #3274, #4384, .T. ) ;
#1706 = DIRECTION ( 'NONE',  ( 0.000000000000000000, 0.000000000000000000, 1.000000000000000000 ) ) ;
#1707 = MECHANICAL_DESIGN_GEOMETRIC_PRESENTATION_REPRESENTATION (  '', ( #4650 ), #1461 ) ;
#1708 = ORIENTED_EDGE ( 'NONE', *, *, #95, .F. ) ;
#1709 =( NAMED_UNIT ( * ) PLANE_ANGLE_UNIT ( ) SI_UNIT ( $, .RADIAN. ) );
#1710 = LINE ( 'NONE', #2534, #302 ) ;
#1711 = CARTESIAN_POINT ( 'NONE',  ( 9.322597623074077688, 107.1682321717847088, 52.47790478147686599 ) ) ;
#1712 = ORIENTED_EDGE ( 'NONE', *, *, #4699, .T. ) ;
#1713 = DIRECTION ( 'NONE',  ( 0.000000000000000000, -6.505213034913026604E-16, 1.000000000000000000 ) ) ;
#1714 = CARTESIAN_POINT ( 'NONE',  ( -29.26402080720821886, 45.31608741023920572, 73.75995732056718168 ) ) ;
#1715 = DIRECTION ( 'NONE',  ( -0.000000000000000000, 1.000000000000000000, 6.982962677686266711E-15 ) ) ;
#1716 = CARTESIAN_POINT ( 'NONE',  ( -5.861155078055012346, 48.31608741023972442, 39.50995732056697562 ) ) ;
#1717 = AXIS2_PLACEMENT_3D ( 'NONE', #26, #1262, #2418 ) ;
#1718 = ADVANCED_FACE ( 'NONE', ( #1993 ), #1165, .F. ) ;
#1719 = SURFACE_SIDE_STYLE ('',( #165 ) ) ;
#1720 = VERTEX_POINT ( 'NONE', #4070 ) ;
#1721 = STYLED_ITEM ( 'NONE', ( #4393 ), #1917 ) ;
#1722 = SURFACE_STYLE_USAGE ( .BOTH. , #4860 ) ;
#1723 = EDGE_LOOP ( 'NONE', ( #1396, #2993 ) ) ;
#1724 = CARTESIAN_POINT ( 'NONE',  ( 9.138844921944986766, 105.3160874102397031, 59.50995732056699694 ) ) ;
#1725 = CARTESIAN_POINT ( 'NONE',  ( -21.04490777918410060, 107.1682321717847231, 26.54200985965708171 ) ) ;
#1726 = EDGE_LOOP ( 'NONE', ( #2943, #3108, #3794, #4780, #5028, #3405, #1358, #3692, #2180, #1920, #3834 ) ) ;
#1727 = SURFACE_SIDE_STYLE ('',( #227 ) ) ;
#1728 = CYLINDRICAL_SURFACE ( 'NONE', #5155, 2.000000000000001776 ) ;
#1729 = AXIS2_PLACEMENT_3D ( 'NONE', #3513, #1537, #4772 ) ;
#1730 = UNCERTAINTY_MEASURE_WITH_UNIT (LENGTH_MEASURE( 1.000000000000000082E-05 ), #773, 'distance_accuracy_value', 'NONE');
#1731 = ORIENTED_EDGE ( 'NONE', *, *, #1584, .T. ) ;
#1732 = EDGE_CURVE ( 'NONE', #2127, #4267, #1175, .T. ) ;
#1733 =( NAMED_UNIT ( * ) SI_UNIT ( $, .STERADIAN. ) SOLID_ANGLE_UNIT ( ) );
#1734 = CARTESIAN_POINT ( 'NONE',  ( -19.75886172271471963, 99.61258671474567450, 60.29363381964220281 ) ) ;
#1735 = FILL_AREA_STYLE_COLOUR ( '', #865 ) ;
#1736 =( NAMED_UNIT ( * ) PLANE_ANGLE_UNIT ( ) SI_UNIT ( $, .RADIAN. ) );
#1737 = B_SPLINE_CURVE_WITH_KNOTS ( 'NONE', 3,
 ( #863, #2845, #4787, #1940, #4432, #2442, #3534, #1189, #435, #6, #3966, #4763, #4043, #1166 ),
 .UNSPECIFIED., .F., .F.,
 ( 4, 2, 2, 2, 2, 2, 4 ),
 ( 0.03806466017258999107, 0.03931962731220723511, 0.04057459445182448610, 0.04308452873105900888, 0.04433949587067626680, 0.04559446301029352472, 0.04810439728952804750 ),
 .UNSPECIFIED. ) ;
#1738 = ORIENTED_EDGE ( 'NONE', *, *, #3275, .T. ) ;
#1739 = DIRECTION ( 'NONE',  ( -0.000000000000000000, 1.000000000000000000, 6.982962677686266711E-15 ) ) ;
#1740 = EDGE_CURVE ( 'NONE', #4535, #2787, #221, .T. ) ;
#1741 = PLANE ( 'NONE',  #260 ) ;
#1742 = CARTESIAN_POINT ( 'NONE',  ( -82.46302080720836614, 41.81608741023890019, 117.5099573205669827 ) ) ;
#1743 = VECTOR ( 'NONE', #1274, 1000.000000000000000 ) ;
#1744 = LINE ( 'NONE', #3088, #4514 ) ;
#1745 = LINE ( 'NONE', #3015, #3866 ) ;
#1746 = CARTESIAN_POINT ( 'NONE',  ( -0.1787272300803405267, 63.21830511096248273, 17.12804947703870440 ) ) ;
#1747 = EDGE_LOOP ( 'NONE', ( #925, #1775, #3382, #1066 ) ) ;
#1748 = VERTEX_POINT ( 'NONE', #1009 ) ;
#1749 = CIRCLE ( 'NONE', #937, 7.500000000000000000 ) ;
#1750 = EDGE_CURVE ( 'NONE', #2072, #3766, #1064, .T. ) ;
#1751 = DIRECTION ( 'NONE',  ( 1.000000000000000000, -2.341180313587150102E-29, 3.352703460764988788E-15 ) ) ;
#1752 = ORIENTED_EDGE ( 'NONE', *, *, #2919, .F. ) ;
#1753 = LINE ( 'NONE', #986, #1611 ) ;
#1754 = DIRECTION ( 'NONE',  ( -1.000000000000000000, 0.000000000000000000, -3.469446951953611033E-15 ) ) ;
#1755 = ORIENTED_EDGE ( 'NONE', *, *, #4128, .F. ) ;
#1756 = PLANE ( 'NONE',  #4821 ) ;
#1757 = EDGE_CURVE ( 'NONE', #2866, #5041, #629, .T. ) ;
#1758 = CARTESIAN_POINT ( 'NONE',  ( -20.16895960959023881, 100.7931723165897608, 19.00840607209509514 ) ) ;
#1759 = VERTEX_POINT ( 'NONE', #3818 ) ;
#1760 = SURFACE_STYLE_USAGE ( .BOTH. , #1048 ) ;
#1761 = PRESENTATION_STYLE_ASSIGNMENT (( #207 ) ) ;
#1762 = DIRECTION ( 'NONE',  ( 0.000000000000000000, -1.000000000000000000, -6.982962677686266711E-15 ) ) ;
#1763 = VERTEX_POINT ( 'NONE', #4241 ) ;
#1764 = FILL_AREA_STYLE ('',( #265 ) ) ;
#1765 = VECTOR ( 'NONE', #3365, 1000.000000000000000 ) ;
#1766 =( GEOMETRIC_REPRESENTATION_CONTEXT ( 3 ) GLOBAL_UNCERTAINTY_ASSIGNED_CONTEXT ( ( #202 ) ) GLOBAL_UNIT_ASSIGNED_CONTEXT ( ( #3787, #2699, #1402 ) ) REPRESENTATION_CONTEXT ( 'NONE', 'WORKASPACE' ) );
#1767 = DIRECTION ( 'NONE',  ( -1.000000000000000000, 0.000000000000000000, 0.000000000000000000 ) ) ;
#1768 = STYLED_ITEM ( 'NONE', ( #4816 ), #4597 ) ;
#1769 = EDGE_CURVE ( 'NONE', #3116, #2525, #3072, .T. ) ;
#1770 = FACE_OUTER_BOUND ( 'NONE', #1025, .T. ) ;
#1771 = CARTESIAN_POINT ( 'NONE',  ( -20.86115507805497415, 105.3160874102397031, 59.50995732056699694 ) ) ;
#1772 = LINE ( 'NONE', #4668, #2747 ) ;
#1773 = AXIS2_PLACEMENT_3D ( 'NONE', #5153, #5122, #1551 ) ;
#1774 = ORIENTED_EDGE ( 'NONE', *, *, #3378, .F. ) ;
#1775 = ORIENTED_EDGE ( 'NONE', *, *, #2092, .T. ) ;
#1776 = AXIS2_PLACEMENT_3D ( 'NONE', #2148, #1800, #3399 ) ;
#1777 = SURFACE_STYLE_USAGE ( .BOTH. , #3453 ) ;
#1778 = ORIENTED_EDGE ( 'NONE', *, *, #4534, .T. ) ;
#1779 =( GEOMETRIC_REPRESENTATION_CONTEXT ( 3 ) GLOBAL_UNCERTAINTY_ASSIGNED_CONTEXT ( ( #1896 ) ) GLOBAL_UNIT_ASSIGNED_CONTEXT ( ( #290, #366, #3890 ) ) REPRESENTATION_CONTEXT ( 'NONE', 'WORKASPACE' ) );
#1780 = CARTESIAN_POINT ( 'NONE',  ( -74.46302080720838035, 41.81608741023890019, 117.5099573205670112 ) ) ;
#1781 = CARTESIAN_POINT ( 'NONE',  ( -6.874785666740877765, 90.34206960501332162, 48.23670870285788936 ) ) ;
#1782 = EDGE_LOOP ( 'NONE', ( #1298, #2410 ) ) ;
#1783 = DIRECTION ( 'NONE',  ( -3.491481338843133355E-15, -6.982962677686266711E-15, 1.000000000000000000 ) ) ;
#1784 = COLOUR_RGB ( '',0.9215686274509803377, 0.9215686274509803377, 0.9215686274509803377 ) ;
#1785 = VECTOR ( 'NONE', #3176, 1000.000000000000000 ) ;
#1786 = CARTESIAN_POINT ( 'NONE',  ( 1.638844921944920152, 35.31608741023958942, 18.56359725491379820 ) ) ;
#1787 = STYLED_ITEM ( 'NONE', ( #341 ), #3805 ) ;
#1788 = ORIENTED_EDGE ( 'NONE', *, *, #651, .T. ) ;
#1789 = AXIS2_PLACEMENT_3D ( 'NONE', #4759, #2768, #4657 ) ;
#1790 = ADVANCED_FACE ( 'NONE', ( #2285 ), #1677, .F. ) ;
#1791 = DIRECTION ( 'NONE',  ( -0.000000000000000000, 1.000000000000000000, -0.000000000000000000 ) ) ;
#1792 = LINE ( 'NONE', #642, #627 ) ;
#1793 = PRESENTATION_LAYER_ASSIGNMENT (  '', '', ( #1626 ) ) ;
#1794 = CIRCLE ( 'NONE', #2879, 2.000000000000001776 ) ;
#1795 = DIRECTION ( 'NONE',  ( 0.000000000000000000, 1.000000000000000000, 6.982962677686266711E-15 ) ) ;
#1796 = ORIENTED_EDGE ( 'NONE', *, *, #3107, .T. ) ;
#1797 = SURFACE_STYLE_USAGE ( .BOTH. , #4132 ) ;
#1798 = FILL_AREA_STYLE_COLOUR ( '', #1583 ) ;
#1799 = CARTESIAN_POINT ( 'NONE',  ( 24.71197919279168076, 35.31608741023904230, 97.00995732056730958 ) ) ;
#1800 = DIRECTION ( 'NONE',  ( 0.000000000000000000, -1.000000000000000000, -6.982962677686266711E-15 ) ) ;
#1801 = COLOUR_RGB ( '',0.9215686274509803377, 0.9215686274509803377, 0.9215686274509803377 ) ;
#1802 = CARTESIAN_POINT ( 'NONE',  ( -82.46302080720838035, 41.81608741023888598, 119.7099573205669998 ) ) ;
#1803 = ORIENTED_EDGE ( 'NONE', *, *, #5131, .F. ) ;
#1804 = EDGE_CURVE ( 'NONE', #1491, #1081, #4579, .T. ) ;
#1805 = ORIENTED_EDGE ( 'NONE', *, *, #1430, .F. ) ;
#1806 = DIRECTION ( 'NONE',  ( 0.000000000000000000, 0.000000000000000000, -1.000000000000000000 ) ) ;
#1807 = FILL_AREA_STYLE_COLOUR ( '', #1282 ) ;
#1808 = EDGE_LOOP ( 'NONE', ( #3717, #4089, #1667, #3603 ) ) ;
#1809 = CARTESIAN_POINT ( 'NONE',  ( -38.26402080720821886, 38.31608741023920572, 73.75995732056709642 ) ) ;
#1810 = FILL_AREA_STYLE ('',( #4348 ) ) ;
#1811 = CARTESIAN_POINT ( 'NONE',  ( -13.36115507805504699, 58.31609252952934241, 17.99413942133861966 ) ) ;
#1812 = SURFACE_STYLE_USAGE ( .BOTH. , #256 ) ;
#1813 =( GEOMETRIC_REPRESENTATION_CONTEXT ( 3 ) GLOBAL_UNCERTAINTY_ASSIGNED_CONTEXT ( ( #4842 ) ) GLOBAL_UNIT_ASSIGNED_CONTEXT ( ( #2470, #1581, #839 ) ) REPRESENTATION_CONTEXT ( 'NONE', 'WORKASPACE' ) );
#1814 = DIRECTION ( 'NONE',  ( 0.2778678402912957979, -6.308085367188378605E-15, 0.9606193123875090834 ) ) ;
#1815 = ORIENTED_EDGE ( 'NONE', *, *, #2590, .F. ) ;
#1816 = CARTESIAN_POINT ( 'NONE',  ( -13.64406452096974220, 58.82454641830049269, 17.50995732056674470 ) ) ;
#1817 =( GEOMETRIC_REPRESENTATION_CONTEXT ( 3 ) GLOBAL_UNCERTAINTY_ASSIGNED_CONTEXT ( ( #3154 ) ) GLOBAL_UNIT_ASSIGNED_CONTEXT ( ( #3166, #747, #3407 ) ) REPRESENTATION_CONTEXT ( 'NONE', 'WORKASPACE' ) );
#1818 = DIRECTION ( 'NONE',  ( -0.000000000000000000, 1.000000000000000000, -0.000000000000000000 ) ) ;
#1819 = AXIS2_PLACEMENT_3D ( 'NONE', #1087, #3375, #3091 ) ;
#1820 = AXIS2_PLACEMENT_3D ( 'NONE', #4986, #1739, #1382 ) ;
#1821 = LINE ( 'NONE', #668, #1579 ) ;
#1822 = ADVANCED_FACE ( 'NONE', ( #4214 ), #1832, .F. ) ;
#1823 = FACE_OUTER_BOUND ( 'NONE', #2621, .T. ) ;
#1824 = VERTEX_POINT ( 'NONE', #3144 ) ;
#1825 = SURFACE_SIDE_STYLE ('',( #3341 ) ) ;
#1826 = SURFACE_SIDE_STYLE ('',( #1506 ) ) ;
#1827 = CIRCLE ( 'NONE', #4765, 2.200000000000000622 ) ;
#1828 = SURFACE_SIDE_STYLE ('',( #4529 ) ) ;
#1829 = PRESENTATION_STYLE_ASSIGNMENT (( #4164 ) ) ;
#1830 = VECTOR ( 'NONE', #4558, 1000.000000000000000 ) ;
#1831 = ORIENTED_EDGE ( 'NONE', *, *, #4569, .T. ) ;
#1832 = PLANE ( 'NONE',  #349 ) ;
#1833 = VERTEX_POINT ( 'NONE', #775 ) ;
#1834 = AXIS2_PLACEMENT_3D ( 'NONE', #1971, #3972, #1485 ) ;
#1835 = DIRECTION ( 'NONE',  ( 0.000000000000000000, -1.000000000000000000, 0.000000000000000000 ) ) ;
#1836 = UNCERTAINTY_MEASURE_WITH_UNIT (LENGTH_MEASURE( 1.000000000000000082E-05 ), #3575, 'distance_accuracy_value', 'NONE');
#1837 = ADVANCED_FACE ( 'NONE', ( #3115, #1544, #352, #421, #332, #4695, #1109, #3196, #2385 ), #3979, .F. ) ;
#1838 =( LENGTH_UNIT ( ) NAMED_UNIT ( * ) SI_UNIT ( .MILLI., .METRE. ) );
#1839 = ORIENTED_EDGE ( 'NONE', *, *, #796, .T. ) ;
#1840 = DIRECTION ( 'NONE',  ( -0.9606193123875089723, -1.940340758083408938E-15, 0.2778678402912961309 ) ) ;
#1841 = CYLINDRICAL_SURFACE ( 'NONE', #1060, 2.099999999999990763 ) ;
#1842 = LINE ( 'NONE', #1868, #3967 ) ;
#1843 = UNCERTAINTY_MEASURE_WITH_UNIT (LENGTH_MEASURE( 1.000000000000000082E-05 ), #428, 'distance_accuracy_value', 'NONE');
#1844 = EDGE_LOOP ( 'NONE', ( #3798, #841, #585, #1553 ) ) ;
#1845 = CARTESIAN_POINT ( 'NONE',  ( -82.46302080720836614, 41.81608741023890019, 117.5099573205669827 ) ) ;
#1846 = ORIENTED_EDGE ( 'NONE', *, *, #491, .T. ) ;
#1847 = CARTESIAN_POINT ( 'NONE',  ( -13.36115507805501323, 58.31609261921808240, 14.50995732056697207 ) ) ;
#1848 = CARTESIAN_POINT ( 'NONE',  ( 9.138844921944951238, 106.3160874102397315, 26.43326048994491018 ) ) ;
#1849 = CARTESIAN_POINT ( 'NONE',  ( 14.47787728015479836, 41.81608741023912046, 86.52347562440645845 ) ) ;
#1850 = SURFACE_STYLE_FILL_AREA ( #4207 ) ;
#1851 = DIRECTION ( 'NONE',  ( 1.000000000000000000, -2.438088387897967896E-29, 3.491481338843133355E-15 ) ) ;
#1852 = DIRECTION ( 'NONE',  ( 0.000000000000000000, -1.000000000000000000, -6.982962677686266711E-15 ) ) ;
#1853 = ADVANCED_FACE ( 'NONE', ( #5119 ), #2339, .T. ) ;
#1854 = EDGE_LOOP ( 'NONE', ( #1018, #3877, #1110, #2095, #4902, #3795 ) ) ;
#1855 = DIRECTION ( 'NONE',  ( -0.000000000000000000, -0.000000000000000000, 1.000000000000000000 ) ) ;
#1856 = CARTESIAN_POINT ( 'NONE',  ( 11.13884492194495124, 108.3160874102397315, 26.28120076524397675 ) ) ;
#1857 = VERTEX_POINT ( 'NONE', #1928 ) ;
#1858 =( NAMED_UNIT ( * ) SI_UNIT ( $, .STERADIAN. ) SOLID_ANGLE_UNIT ( ) );
#1859 = PRESENTATION_LAYER_ASSIGNMENT (  '', '', ( #2198 ) ) ;
#1860 = LINE ( 'NONE', #5024, #1631 ) ;
#1861 = VECTOR ( 'NONE', #197, 1000.000000000000000 ) ;
#1862 = STYLED_ITEM ( 'NONE', ( #3260 ), #2134 ) ;
#1863 = STYLED_ITEM ( 'NONE', ( #3771 ), #5094 ) ;
#1864 = MECHANICAL_DESIGN_GEOMETRIC_PRESENTATION_REPRESENTATION (  '', ( #1439 ), #4039 ) ;
#1865 = ORIENTED_EDGE ( 'NONE', *, *, #2317, .T. ) ;
#1866 =( LENGTH_UNIT ( ) NAMED_UNIT ( * ) SI_UNIT ( .MILLI., .METRE. ) );
#1867 = CIRCLE ( 'NONE', #323, 1.499999999999987566 ) ;
#1868 = CARTESIAN_POINT ( 'NONE',  ( 37.60597919279155832, 35.31608741023878650, 134.0099573205673664 ) ) ;
#1869 = EDGE_CURVE ( 'NONE', #3959, #3151, #2529, .T. ) ;
#1870 = FILL_AREA_STYLE_COLOUR ( '', #704 ) ;
#1871 = CIRCLE ( 'NONE', #563, 20.00000000000000355 ) ;
#1872 = DIRECTION ( 'NONE',  ( -0.2778678402913061785, 6.707968805866601013E-15, -0.9606193123875061968 ) ) ;
#1873 = ORIENTED_EDGE ( 'NONE', *, *, #2387, .F. ) ;
#1874 = STYLED_ITEM ( 'NONE', ( #3167 ), #3711 ) ;
#1875 = EDGE_LOOP ( 'NONE', ( #3552, #701 ) ) ;
#1876 = PRESENTATION_LAYER_ASSIGNMENT (  '', '', ( #483 ) ) ;
#1877 = AXIS2_PLACEMENT_3D ( 'NONE', #4622, #1120, #738 ) ;
#1878 = FILL_AREA_STYLE ('',( #2645 ) ) ;
#1879 = CARTESIAN_POINT ( 'NONE',  ( 1.638844921944987876, 48.31608741023972442, 39.50995732056697562 ) ) ;
#1880 = CARTESIAN_POINT ( 'NONE',  ( -5.861155078054975931, 105.3160874102397031, 61.50995732056697562 ) ) ;
#1881 = PRESENTATION_LAYER_ASSIGNMENT (  '', '', ( #77 ) ) ;
#1882 = PRESENTATION_STYLE_ASSIGNMENT (( #3326 ) ) ;
#1883 = ORIENTED_EDGE ( 'NONE', *, *, #51, .F. ) ;
#1884 =( GEOMETRIC_REPRESENTATION_CONTEXT ( 3 ) GLOBAL_UNCERTAINTY_ASSIGNED_CONTEXT ( ( #3416 ) ) GLOBAL_UNIT_ASSIGNED_CONTEXT ( ( #2313, #1906, #442 ) ) REPRESENTATION_CONTEXT ( 'NONE', 'WORKASPACE' ) );
#1885 =( NAMED_UNIT ( * ) SI_UNIT ( $, .STERADIAN. ) SOLID_ANGLE_UNIT ( ) );
#1886 =( NAMED_UNIT ( * ) SI_UNIT ( $, .STERADIAN. ) SOLID_ANGLE_UNIT ( ) );
#1887 = ORIENTED_EDGE ( 'NONE', *, *, #2853, .F. ) ;
#1888 = EDGE_CURVE ( 'NONE', #4170, #2522, #2027, .T. ) ;
#1889 = DIRECTION ( 'NONE',  ( 0.000000000000000000, 1.000000000000000000, 6.982962677686266711E-15 ) ) ;
#1890 = SURFACE_SIDE_STYLE ('',( #2656 ) ) ;
#1891 = UNCERTAINTY_MEASURE_WITH_UNIT (LENGTH_MEASURE( 1.000000000000000082E-05 ), #2073, 'distance_accuracy_value', 'NONE');
#1892 = ORIENTED_EDGE ( 'NONE', *, *, #3233, .F. ) ;
#1893 = SURFACE_STYLE_FILL_AREA ( #709 ) ;
#1894 =( NAMED_UNIT ( * ) SI_UNIT ( $, .STERADIAN. ) SOLID_ANGLE_UNIT ( ) );
#1895 = CARTESIAN_POINT ( 'NONE',  ( -29.26402080720819043, 45.31608741023926257, 65.75995732056719589 ) ) ;
#1896 = UNCERTAINTY_MEASURE_WITH_UNIT (LENGTH_MEASURE( 1.000000000000000082E-05 ), #290, 'distance_accuracy_value', 'NONE');
#1897 = LINE ( 'NONE', #4808, #4914 ) ;
#1898 = COLOUR_RGB ( '',0.9215686274509803377, 0.9215686274509803377, 0.9215686274509803377 ) ;
#1899 = CARTESIAN_POINT ( 'NONE',  ( -53.61167705983285714, 38.31608741023898546, 104.6266218876284597 ) ) ;
#1900 = ORIENTED_EDGE ( 'NONE', *, *, #4191, .F. ) ;
#1901 = AXIS2_PLACEMENT_3D ( 'NONE', #4093, #530, #1754 ) ;
#1902 = CARTESIAN_POINT ( 'NONE',  ( 1.147606019475791106, 60.99704935783360327, 18.29198614726047012 ) ) ;
#1903 = PLANE ( 'NONE',  #4691 ) ;
#1904 = EDGE_CURVE ( 'NONE', #118, #1985, #5095, .T. ) ;
#1905 = DIRECTION ( 'NONE',  ( 3.491481338843133355E-15, 6.982962677686266711E-15, -1.000000000000000000 ) ) ;
#1906 =( NAMED_UNIT ( * ) PLANE_ANGLE_UNIT ( ) SI_UNIT ( $, .RADIAN. ) );
#1907 = ORIENTED_EDGE ( 'NONE', *, *, #4341, .F. ) ;
#1908 = VECTOR ( 'NONE', #417, 1000.000000000000000 ) ;
#1909 = CARTESIAN_POINT ( 'NONE',  ( -5.861155078055012346, 108.3160874102397315, 39.50995732056697562 ) ) ;
#1910 = FILL_AREA_STYLE ('',( #1414 ) ) ;
#1911 = ADVANCED_FACE ( 'NONE', ( #2402, #80 ), #1225, .F. ) ;
#1912 = DIRECTION ( 'NONE',  ( -0.9606193123875089723, -1.940340758083408938E-15, 0.2778678402912961309 ) ) ;
#1913 = EDGE_LOOP ( 'NONE', ( #2189, #3041, #3838, #4784 ) ) ;
#1914 = FILL_AREA_STYLE ('',( #3908 ) ) ;
#1915 = PRESENTATION_STYLE_ASSIGNMENT (( #4656 ) ) ;
#1916 = DIRECTION ( 'NONE',  ( 1.000000000000000000, 0.000000000000000000, 0.000000000000000000 ) ) ;
#1917 = ADVANCED_FACE ( 'NONE', ( #2803, #3591, #3974, #3648, #2849, #105, #54, #3219, #2828, #34, #4438, #1662, #1973 ), #1588, .T. ) ;
#1918 = DIRECTION ( 'NONE',  ( -0.9606193123875061968, -1.940340758083479146E-15, 0.2778678402913061785 ) ) ;
#1919 = CARTESIAN_POINT ( 'NONE',  ( 21.66997135988173895, 45.31608741023894282, 111.3873262314101709 ) ) ;
#1920 = ORIENTED_EDGE ( 'NONE', *, *, #2596, .F. ) ;
#1921 = CARTESIAN_POINT ( 'NONE',  ( -14.67990882693725041, 93.17235428456501722, 29.85878908397861764 ) ) ;
#1922 =( LENGTH_UNIT ( ) NAMED_UNIT ( * ) SI_UNIT ( .MILLI., .METRE. ) );
#1923 = DIRECTION ( 'NONE',  ( 0.9606193123875090834, 1.940340758083406966E-15, -0.2778678402912957979 ) ) ;
#1924 = FILL_AREA_STYLE_COLOUR ( '', #2799 ) ;
#1925 = SURFACE_SIDE_STYLE ('',( #373 ) ) ;
#1926 = DIRECTION ( 'NONE',  ( -1.000000000000000000, 0.000000000000000000, 0.000000000000000000 ) ) ;
#1927 = EDGE_CURVE ( 'NONE', #2161, #3055, #147, .T. ) ;
#1928 = CARTESIAN_POINT ( 'NONE',  ( 37.60597919279155832, 35.31608741023878650, 134.0099573205673664 ) ) ;
#1929 = EDGE_LOOP ( 'NONE', ( #339, #2075, #4510, #3662 ) ) ;
#1930 = VECTOR ( 'NONE', #4465, 1000.000000000000000 ) ;
#1931 = DIRECTION ( 'NONE',  ( 0.000000000000000000, -1.000000000000000000, -6.982962677686266711E-15 ) ) ;
#1932 = STYLED_ITEM ( 'NONE', ( #4106 ), #4727 ) ;
#1933 = CARTESIAN_POINT ( 'NONE',  ( 1.638844921944987876, 38.31608741023972442, 39.50995732056697562 ) ) ;
#1934 = VERTEX_POINT ( 'NONE', #4179 ) ;
#1935 = CARTESIAN_POINT ( 'NONE',  ( 39.38697919279156423, 35.31608741023876519, 137.5099573205673664 ) ) ;
#1936 = PRESENTATION_LAYER_ASSIGNMENT (  '', '', ( #3366 ) ) ;
#1937 = UNCERTAINTY_MEASURE_WITH_UNIT (LENGTH_MEASURE( 1.000000000000000082E-05 ), #4582, 'distance_accuracy_value', 'NONE');
#1938 = DIRECTION ( 'NONE',  ( -0.000000000000000000, -1.000000000000000000, -0.000000000000000000 ) ) ;
#1939 = AXIS2_PLACEMENT_3D ( 'NONE', #1716, #216, #2939 ) ;
#1940 = CARTESIAN_POINT ( 'NONE',  ( 6.930491489799293525, 97.47167396661109251, 18.02885174421682635 ) ) ;
#1941 = MECHANICAL_DESIGN_GEOMETRIC_PRESENTATION_REPRESENTATION (  '', ( #4979 ), #3612 ) ;
#1942 = ADVANCED_FACE ( 'NONE', ( #2187 ), #645, .F. ) ;
#1943 = ORIENTED_EDGE ( 'NONE', *, *, #628, .T. ) ;
#1944 = PRESENTATION_LAYER_ASSIGNMENT (  '', '', ( #231 ) ) ;
#1945 = CARTESIAN_POINT ( 'NONE',  ( -15.07134259413005140, 93.46650973607491153, 29.76769615979988615 ) ) ;
#1947 = AXIS2_PLACEMENT_3D ( 'NONE', #2061, #4473, #1688 ) ;
#1946 =( NAMED_UNIT ( * ) SI_UNIT ( $, .STERADIAN. ) SOLID_ANGLE_UNIT ( ) );
#1948 = MECHANICAL_DESIGN_GEOMETRIC_PRESENTATION_REPRESENTATION (  '', ( #567 ), #4557 ) ;
#1949 = SURFACE_STYLE_FILL_AREA ( #1536 ) ;
#1950 = CARTESIAN_POINT ( 'NONE',  ( -20.86115507805497415, 106.3160874102397315, 26.43326048994492439 ) ) ;
#1951 = MECHANICAL_DESIGN_GEOMETRIC_PRESENTATION_REPRESENTATION (  '', ( #1787 ), #3970 ) ;
#1952 = AXIS2_PLACEMENT_3D ( 'NONE', #761, #2350, #1916 ) ;
#1953 = MECHANICAL_DESIGN_GEOMETRIC_PRESENTATION_REPRESENTATION (  '', ( #248 ), #405 ) ;
#1954 = SURFACE_STYLE_FILL_AREA ( #3899 ) ;
#1955 = AXIS2_PLACEMENT_3D ( 'NONE', #1361, #1671, #2521 ) ;
#1956 = EDGE_CURVE ( 'NONE', #2782, #2795, #4637, .T. ) ;
#1957 = FACE_OUTER_BOUND ( 'NONE', #1808, .T. ) ;
#1958 = ORIENTED_EDGE ( 'NONE', *, *, #369, .T. ) ;
#1959 = CARTESIAN_POINT ( 'NONE',  ( 21.66997135988173895, 45.31608741023894282, 111.3873262314101709 ) ) ;
#1960 = LINE ( 'NONE', #3580, #3325 ) ;
#1961 = ORIENTED_EDGE ( 'NONE', *, *, #4098, .T. ) ;
#1962 = CYLINDRICAL_SURFACE ( 'NONE', #3061, 2.099999999999990763 ) ;
#1963 = ORIENTED_EDGE ( 'NONE', *, *, #1970, .F. ) ;
#1964 = CARTESIAN_POINT ( 'NONE',  ( -74.46302080720836614, 38.31608741023892861, 113.0099573205669827 ) ) ;
#1965 = CARTESIAN_POINT ( 'NONE',  ( 9.557948880051016616, 107.5818319575021889, 26.78829929671993426 ) ) ;
#1966 = PRESENTATION_LAYER_ASSIGNMENT (  '', '', ( #4833 ) ) ;
#1967 = ORIENTED_EDGE ( 'NONE', *, *, #1904, .T. ) ;
#1968 = CARTESIAN_POINT ( 'NONE',  ( -1.881592504452309855, 90.81880102291293611, 30.62058541843710913 ) ) ;
#1969 = COLOUR_RGB ( '',0.9215686274509803377, 0.9215686274509803377, 0.9215686274509803377 ) ;
#1970 = EDGE_CURVE ( 'NONE', #4788, #2667, #3393, .T. ) ;
#1971 = CARTESIAN_POINT ( 'NONE',  ( -33.61167705983276477, 38.31608741023913467, 84.62662188762853077 ) ) ;
#1972 = DIRECTION ( 'NONE',  ( -0.000000000000000000, -1.000000000000000000, -0.000000000000000000 ) ) ;
#1973 = FACE_BOUND ( 'NONE', #1007, .T. ) ;
#1974 = FACE_OUTER_BOUND ( 'NONE', #1557, .T. ) ;
#1975 = VECTOR ( 'NONE', #2739, 1000.000000000000227 ) ;
#1976 = SURFACE_SIDE_STYLE ('',( #3594 ) ) ;
#1977 = VECTOR ( 'NONE', #81, 1000.000000000000000 ) ;
#1978 = FILL_AREA_STYLE ('',( #3171 ) ) ;
#1979 =( GEOMETRIC_REPRESENTATION_CONTEXT ( 3 ) GLOBAL_UNCERTAINTY_ASSIGNED_CONTEXT ( ( #2223 ) ) GLOBAL_UNIT_ASSIGNED_CONTEXT ( ( #4463, #2473, #2506 ) ) REPRESENTATION_CONTEXT ( 'NONE', 'WORKASPACE' ) );
#1980 = SURFACE_STYLE_USAGE ( .BOTH. , #3952 ) ;
#1981 = CARTESIAN_POINT ( 'NONE',  ( 24.71197919279168076, 35.31608741023904230, 97.00995732056730958 ) ) ;
#1982 = ORIENTED_EDGE ( 'NONE', *, *, #4948, .T. ) ;
#1983 =( NAMED_UNIT ( * ) SI_UNIT ( $, .STERADIAN. ) SOLID_ANGLE_UNIT ( ) );
#1984 =( GEOMETRIC_REPRESENTATION_CONTEXT ( 3 ) GLOBAL_UNCERTAINTY_ASSIGNED_CONTEXT ( ( #1370 ) ) GLOBAL_UNIT_ASSIGNED_CONTEXT ( ( #172, #4150, #586 ) ) REPRESENTATION_CONTEXT ( 'NONE', 'WORKASPACE' ) );
#1985 = VERTEX_POINT ( 'NONE', #2609 ) ;
#1986 = FILL_AREA_STYLE ('',( #4783 ) ) ;
#1987 = SURFACE_SIDE_STYLE ('',( #3638 ) ) ;
#1988 = AXIS2_PLACEMENT_3D ( 'NONE', #3224, #4475, #4829 ) ;
#1989 = UNCERTAINTY_MEASURE_WITH_UNIT (LENGTH_MEASURE( 1.000000000000000082E-05 ), #3062, 'distance_accuracy_value', 'NONE');
#1990 = VECTOR ( 'NONE', #3265, 1000.000000000000000 ) ;
#1991 = CARTESIAN_POINT ( 'NONE',  ( -12.57335246856412780, 61.67111313613467871, 18.13850335089391663 ) ) ;
#1992 = ADVANCED_FACE ( 'NONE', ( #1823 ), #262, .F. ) ;
#1993 = FACE_OUTER_BOUND ( 'NONE', #2890, .T. ) ;
#1994 = FACE_OUTER_BOUND ( 'NONE', #1697, .T. ) ;
#1995 = ORIENTED_EDGE ( 'NONE', *, *, #693, .T. ) ;
#1996 = CIRCLE ( 'NONE', #1099, 1.499999999999994449 ) ;
#1997 =( NAMED_UNIT ( * ) SI_UNIT ( $, .STERADIAN. ) SOLID_ANGLE_UNIT ( ) );
#1998 = CARTESIAN_POINT ( 'NONE',  ( 11.13884492194495124, 108.3160874102397315, 21.17965454074358789 ) ) ;
#1999 = SURFACE_STYLE_FILL_AREA ( #1192 ) ;
#2000 = CARTESIAN_POINT ( 'NONE',  ( 10.15632474651263095, 108.0617382216397147, 51.48522083502203373 ) ) ;
#2001 =( NAMED_UNIT ( * ) PLANE_ANGLE_UNIT ( ) SI_UNIT ( $, .RADIAN. ) );
#2002 = DIRECTION ( 'NONE',  ( 0.000000000000000000, -1.000000000000000000, -6.982962677686266711E-15 ) ) ;
#2003 = FILL_AREA_STYLE ('',( #3568 ) ) ;
#2004 = PRESENTATION_STYLE_ASSIGNMENT (( #37 ) ) ;
#2005 = CARTESIAN_POINT ( 'NONE',  ( 0.1221039112154363310, 62.88922820863344754, 17.50995732056683707 ) ) ;
#2006 = SURFACE_STYLE_USAGE ( .BOTH. , #826 ) ;
#2007 = EDGE_CURVE ( 'NONE', #2043, #1649, #3525, .T. ) ;
#2008 = CARTESIAN_POINT ( 'NONE',  ( -13.66120128787434318, 38.31608741023972442, 17.50995732056674115 ) ) ;
#2009 = EDGE_LOOP ( 'NONE', ( #2567, #670, #4430, #2234 ) ) ;
#2010 = LINE ( 'NONE', #2434, #2888 ) ;
#2011 = EDGE_LOOP ( 'NONE', ( #1000, #354, #3723, #1545 ) ) ;
#2012 = FILL_AREA_STYLE ('',( #4862 ) ) ;
#2013 = CARTESIAN_POINT ( 'NONE',  ( -13.89141149999068681, 92.63709071561277142, 48.99328703962922305 ) ) ;
#2014 = ORIENTED_EDGE ( 'NONE', *, *, #3885, .F. ) ;
#2015 = CARTESIAN_POINT ( 'NONE',  ( -5.861155078054975931, 105.3160874102397031, 14.50995732056697207 ) ) ;
#2016 =( GEOMETRIC_REPRESENTATION_CONTEXT ( 3 ) GLOBAL_UNCERTAINTY_ASSIGNED_CONTEXT ( ( #2101 ) ) GLOBAL_UNIT_ASSIGNED_CONTEXT ( ( #3584, #2417, #365 ) ) REPRESENTATION_CONTEXT ( 'NONE', 'WORKASPACE' ) );
#2017 = CARTESIAN_POINT ( 'NONE',  ( 31.21664038893351290, 41.81608741023891440, 115.6005329020760826 ) ) ;
#2018 = FACE_BOUND ( 'NONE', #1875, .T. ) ;
#2019 = ORIENTED_EDGE ( 'NONE', *, *, #4777, .F. ) ;
#2020 = MECHANICAL_DESIGN_GEOMETRIC_PRESENTATION_REPRESENTATION (  '', ( #4799 ), #4709 ) ;
#2021 = EDGE_CURVE ( 'NONE', #4838, #3066, #3418, .T. ) ;
#2022 = CARTESIAN_POINT ( 'NONE',  ( -38.26402080720819043, 38.31608741023926257, 65.75995732056711063 ) ) ;
#2023 = CARTESIAN_POINT ( 'NONE',  ( 10.24627233148888195, 108.1213851362760039, 20.38831610957555895 ) ) ;
#2024 =( NAMED_UNIT ( * ) SI_UNIT ( $, .STERADIAN. ) SOLID_ANGLE_UNIT ( ) );
#2025 = VECTOR ( 'NONE', #2109, 1000.000000000000000 ) ;
#2026 = CARTESIAN_POINT ( 'NONE',  ( 9.568244553170849542, 107.5621517625939845, 52.21416598629906503 ) ) ;
#2027 = LINE ( 'NONE', #868, #3321 ) ;
#2028 = SURFACE_STYLE_FILL_AREA ( #2479 ) ;
#2029 = STYLED_ITEM ( 'NONE', ( #1600 ), #3189 ) ;
#2030 = COLOUR_RGB ( '',0.9215686274509803377, 0.9215686274509803377, 0.9215686274509803377 ) ;
#2031 = FILL_AREA_STYLE ('',( #900 ) ) ;
#2032 = VECTOR ( 'NONE', #3297, 1000.000000000000000 ) ;
#2033 = CARTESIAN_POINT ( 'NONE',  ( 0.7206782709120476138, 62.07898902881427006, 17.50995732056684773 ) ) ;
#2034 = CARTESIAN_POINT ( 'NONE',  ( -20.94600844825120589, 106.9116447095562847, 59.44607979501024886 ) ) ;
#2035 = PRESENTATION_LAYER_ASSIGNMENT (  '', '', ( #889 ) ) ;
#2036 = PRESENTATION_LAYER_ASSIGNMENT (  '', '', ( #1623 ) ) ;
#2037 = CARTESIAN_POINT ( 'NONE',  ( 0.07277553176059856077, 63.31362634292896274, 16.68560004690425203 ) ) ;
#2038 = LINE ( 'NONE', #2761, #2212 ) ;
#2039 = ORIENTED_EDGE ( 'NONE', *, *, #3233, .T. ) ;
#2040 = COLOUR_RGB ( '',1.000000000000000000, 1.000000000000000000, 1.000000000000000000 ) ;
#2041 = AXIS2_PLACEMENT_3D ( 'NONE', #831, #1918, #1872 ) ;
#2042 = ADVANCED_FACE ( 'NONE', ( #3508 ), #3491, .F. ) ;
#2043 = VERTEX_POINT ( 'NONE', #1504 ) ;
#2044 = CARTESIAN_POINT ( 'NONE',  ( -33.61167705983291398, 38.31608741023885045, 124.6266218876285450 ) ) ;
#2045 = ORIENTED_EDGE ( 'NONE', *, *, #1534, .T. ) ;
#2046 = CYLINDRICAL_SURFACE ( 'NONE', #2500, 2.000000000000001776 ) ;
#2047 =( NAMED_UNIT ( * ) PLANE_ANGLE_UNIT ( ) SI_UNIT ( $, .RADIAN. ) );
#2048 = UNCERTAINTY_MEASURE_WITH_UNIT (LENGTH_MEASURE( 1.000000000000000082E-05 ), #518, 'distance_accuracy_value', 'NONE');
#2049 = DIRECTION ( 'NONE',  ( -0.000000000000000000, -0.000000000000000000, 1.000000000000000000 ) ) ;
#2050 = PRESENTATION_LAYER_ASSIGNMENT (  '', '', ( #4739 ) ) ;
#2051 =( NAMED_UNIT ( * ) SI_UNIT ( $, .STERADIAN. ) SOLID_ANGLE_UNIT ( ) );
#2052 = ORIENTED_EDGE ( 'NONE', *, *, #1036, .T. ) ;
#2053 = CARTESIAN_POINT ( 'NONE',  ( -35.86115507805501323, 48.31608741023972442, 35.50995732056696852 ) ) ;
#2054 =( NAMED_UNIT ( * ) PLANE_ANGLE_UNIT ( ) SI_UNIT ( $, .RADIAN. ) );
#2055 = CARTESIAN_POINT ( 'NONE',  ( -33.76402080720819754, 41.81608741023926257, 65.75995732056715326 ) ) ;
#2056 = CARTESIAN_POINT ( 'NONE',  ( -13.36115507805507541, 38.31608741023958942, 18.56359725491377333 ) ) ;
#2057 = CARTESIAN_POINT ( 'NONE',  ( 10.35786472228605248, 108.1610799315103151, 58.53533418938176425 ) ) ;
#2058 =( LENGTH_UNIT ( ) NAMED_UNIT ( * ) SI_UNIT ( .MILLI., .METRE. ) );
#2059 = FILL_AREA_STYLE ('',( #4054 ) ) ;
#2060 = MECHANICAL_DESIGN_GEOMETRIC_PRESENTATION_REPRESENTATION (  '', ( #4403 ), #1228 ) ;
#2061 = CARTESIAN_POINT ( 'NONE',  ( 21.66997135988173895, 45.31608741023894282, 111.3873262314101709 ) ) ;
#2062 = SURFACE_SIDE_STYLE ('',( #3740 ) ) ;
#2063 = EDGE_CURVE ( 'NONE', #943, #2438, #5087, .T. ) ;
#2064 = DIRECTION ( 'NONE',  ( 0.2778678402912961309, -6.707968805866619946E-15, 0.9606193123875089723 ) ) ;
#2065 = CARTESIAN_POINT ( 'NONE',  ( -13.66120128787435739, 58.31609255746701592, 17.50995732056674115 ) ) ;
#2066 = CARTESIAN_POINT ( 'NONE',  ( -32.11167705983277187, 38.31608741023913467, 84.62662188762851656 ) ) ;
#2067 = EDGE_LOOP ( 'NONE', ( #3871, #3319, #3198, #1104 ) ) ;
#2068 = ORIENTED_EDGE ( 'NONE', *, *, #4665, .T. ) ;
#2069 = AXIS2_PLACEMENT_3D ( 'NONE', #1029, #1005, #624 ) ;
#2070 = STYLED_ITEM ( 'NONE', ( #439 ), #2789 ) ;
#2071 = DIRECTION ( 'NONE',  ( -1.000000000000000000, 0.000000000000000000, -3.469446951953611033E-15 ) ) ;
#2072 = VERTEX_POINT ( 'NONE', #4660 ) ;
#2073 =( LENGTH_UNIT ( ) NAMED_UNIT ( * ) SI_UNIT ( .MILLI., .METRE. ) );
#2074 = CARTESIAN_POINT ( 'NONE',  ( 7.624060229212003215, 98.72917864343438055, 50.75682686304173785 ) ) ;
#2075 = ORIENTED_EDGE ( 'NONE', *, *, #2021, .F. ) ;
#2076 = SURFACE_STYLE_USAGE ( .BOTH. , #2559 ) ;
#2077 = CARTESIAN_POINT ( 'NONE',  ( 10.15493609104511386, 108.0749091250331162, 27.52861363055806621 ) ) ;
#2078 = LINE ( 'NONE', #3671, #2963 ) ;
#2079 = VERTEX_POINT ( 'NONE', #2724 ) ;
#2080 = EDGE_CURVE ( 'NONE', #3869, #4262, #5059, .T. ) ;
#2081 = VECTOR ( 'NONE', #1972, 1000.000000000000000 ) ;
#2082 = PRESENTATION_LAYER_ASSIGNMENT (  '', '', ( #682 ) ) ;
#2083 = LINE ( 'NONE', #2053, #4941 ) ;
#2084 = DIRECTION ( 'NONE',  ( 1.000000000000000000, 0.000000000000000000, 6.308085367188387283E-15 ) ) ;
#2085 = SURFACE_STYLE_USAGE ( .BOTH. , #4793 ) ;
#2086 = ORIENTED_EDGE ( 'NONE', *, *, #128, .T. ) ;
#2087 = LINE ( 'NONE', #2850, #4335 ) ;
#2088 = CARTESIAN_POINT ( 'NONE',  ( 1.638844921944987876, 38.31608741023971731, 35.50995732056696852 ) ) ;
#2089 = DIRECTION ( 'NONE',  ( -0.000000000000000000, 1.000000000000000000, 6.982962677686266711E-15 ) ) ;
#2090 = DIRECTION ( 'NONE',  ( 0.000000000000000000, 0.000000000000000000, -1.000000000000000000 ) ) ;
#2091 = DIRECTION ( 'NONE',  ( 0.000000000000000000, 1.049062151062890416E-15, 1.000000000000000000 ) ) ;
#2092 = EDGE_CURVE ( 'NONE', #1658, #2104, #4545, .T. ) ;
#2093 = EDGE_LOOP ( 'NONE', ( #4448, #1700, #3930, #283 ) ) ;
#2094 = FILL_AREA_STYLE ('',( #4968 ) ) ;
#2095 = ORIENTED_EDGE ( 'NONE', *, *, #2465, .F. ) ;
#2096 =( NAMED_UNIT ( * ) SI_UNIT ( $, .STERADIAN. ) SOLID_ANGLE_UNIT ( ) );
#2097 = CARTESIAN_POINT ( 'NONE',  ( 0.4831336921697487741, 48.31608741023972442, 43.50995732056697562 ) ) ;
#2098 = ORIENTED_EDGE ( 'NONE', *, *, #2630, .T. ) ;
#2099 = CARTESIAN_POINT ( 'NONE',  ( -12.26095051929013380, 62.23568250372368027, 17.43302621072156100 ) ) ;
#2100 = CARTESIAN_POINT ( 'NONE',  ( 19.13884492194477360, 35.31608741023928388, 62.50995732056728826 ) ) ;
#2101 = UNCERTAINTY_MEASURE_WITH_UNIT (LENGTH_MEASURE( 1.000000000000000082E-05 ), #3584, 'distance_accuracy_value', 'NONE');
#2102 = CARTESIAN_POINT ( 'NONE',  ( 22.92037664119260043, 41.81608741023891440, 115.7101131371540390 ) ) ;
#2103 = AXIS2_PLACEMENT_3D ( 'NONE', #2253, #1084, #2193 ) ;
#2104 = VERTEX_POINT ( 'NONE', #1080 ) ;
#2105 = CIRCLE ( 'NONE', #5047, 2.000000000000001776 ) ;
#2106 = CARTESIAN_POINT ( 'NONE',  ( -20.86115507805497415, 105.3160874102397031, 59.50995732056699694 ) ) ;
#2107 = ADVANCED_FACE ( 'NONE', ( #1124 ), #2305, .F. ) ;
#2108 = DIRECTION ( 'NONE',  ( 0.000000000000000000, -1.000000000000000000, -6.982962677686266711E-15 ) ) ;
#2109 = DIRECTION ( 'NONE',  ( 3.491481338843133355E-15, 6.982962677686266711E-15, -1.000000000000000000 ) ) ;
#2110 =( GEOMETRIC_REPRESENTATION_CONTEXT ( 3 ) GLOBAL_UNCERTAINTY_ASSIGNED_CONTEXT ( ( #257 ) ) GLOBAL_UNIT_ASSIGNED_CONTEXT ( ( #5144, #4774, #2455 ) ) REPRESENTATION_CONTEXT ( 'NONE', 'WORKASPACE' ) );
#2111 = ORIENTED_EDGE ( 'NONE', *, *, #1052, .F. ) ;
#2112 = DIRECTION ( 'NONE',  ( 1.000000000000000000, 0.000000000000000000, 0.000000000000000000 ) ) ;
#2113 =( GEOMETRIC_REPRESENTATION_CONTEXT ( 3 ) GLOBAL_UNCERTAINTY_ASSIGNED_CONTEXT ( ( #148 ) ) GLOBAL_UNIT_ASSIGNED_CONTEXT ( ( #3578, #427, #1983 ) ) REPRESENTATION_CONTEXT ( 'NONE', 'WORKASPACE' ) );
#2114 = PLANE ( 'NONE',  #1041 ) ;
#2115 = VECTOR ( 'NONE', #840, 1000.000000000000000 ) ;
#2116 = AXIS2_PLACEMENT_3D ( 'NONE', #5043, #2206, #2264 ) ;
#2117 = B_SPLINE_CURVE_WITH_KNOTS ( 'NONE', 3,
 ( #3215, #2825, #2378, #1585, #3162, #3563, #2749, #817, #4019, #3621, #460, #2353, #1559, #78, #1641, #3239, #4317, #4790, #743, #414, #1968, #4416, #2334, #368, #5134, #4740, #3190, #1147, #4766, #3588, #1170, #389, #768, #3939, #3539, #1921, #1945, #2798, #4391, #791, #4361, #2398, #4822, #8, #3971, #3996, #437, #52, #1609, #1223 ),
 .UNSPECIFIED., .F., .F.,
 ( 4, 2, 2, 2, 2, 2, 2, 2, 2, 2, 2, 2, 2, 2, 2, 2, 2, 2, 2, 2, 2, 2, 2, 2, 4 ),
 ( 2.024290042078162053E-07, 0.002982357994986118387, 0.004473435777977051268, 0.005964513560967985885, 0.008946669126949857720, 0.01043774690994077672, 0.01192882469293169573, 0.01491098025891353027, 0.01640205804190444580, 0.01789313582489535787, 0.02087529139087719240, 0.02236636917386810794, 0.02385744695685901307, 0.02534852473984992513, 0.02683960252284083026, 0.02982175808882264051, 0.03131283587181353523, 0.03280391365480443688, 0.03429499143779533854, 0.03578606922078624020, 0.03876822478676807127, 0.04025930256975897292, 0.04175038035274987458, 0.04473253591873171953, 0.04771469148471355060 ),
 .UNSPECIFIED. ) ;
#2118 = DIRECTION ( 'NONE',  ( 0.000000000000000000, 1.000000000000000000, 6.982962677686266711E-15 ) ) ;
#2119 = STYLED_ITEM ( 'NONE', ( #113 ), #2864 ) ;
#2120 = CARTESIAN_POINT ( 'NONE',  ( 9.067012140266115239, 103.6309659250737241, 59.56436820495468254 ) ) ;
#2121 = AXIS2_PLACEMENT_3D ( 'NONE', #2605, #4541, #5004 ) ;
#2122 = CIRCLE ( 'NONE', #1051, 1.499999999999994449 ) ;
#2123 = FILL_AREA_STYLE_COLOUR ( '', #4079 ) ;
#2124 = VERTEX_POINT ( 'NONE', #100 ) ;
#2125 = MECHANICAL_DESIGN_GEOMETRIC_PRESENTATION_REPRESENTATION (  '', ( #1371 ), #4134 ) ;
#2126 = VECTOR ( 'NONE', #3413, 1000.000000000000000 ) ;
#2127 = VERTEX_POINT ( 'NONE', #892 ) ;
#2128 = EDGE_CURVE ( 'NONE', #1389, #2966, #3641, .T. ) ;
#2129 = AXIS2_PLACEMENT_3D ( 'NONE', #2230, #3842, #5066 ) ;
#2130 = CARTESIAN_POINT ( 'NONE',  ( -82.46302080720838035, 45.31608741023887177, 122.0099573205670254 ) ) ;
#2131 = CARTESIAN_POINT ( 'NONE',  ( 7.832474501151797774, 99.17437588307632268, 50.87497061161563749 ) ) ;
#2132 = ORIENTED_EDGE ( 'NONE', *, *, #3853, .F. ) ;
#2133 = VECTOR ( 'NONE', #3708, 1000.000000000000227 ) ;
#2134 = ADVANCED_FACE ( 'NONE', ( #2018, #75 ), #4818, .F. ) ;
#2135 = AXIS2_PLACEMENT_3D ( 'NONE', #941, #1312, #2182 ) ;
#2136 = CARTESIAN_POINT ( 'NONE',  ( -19.76382510413081306, 99.62434848667669485, 18.72959970643028882 ) ) ;
#2137 = ORIENTED_EDGE ( 'NONE', *, *, #3672, .F. ) ;
#2138 = CARTESIAN_POINT ( 'NONE',  ( -18.21507198435715935, 96.79894110037390931, 61.24575396507443514 ) ) ;
#2139 = MECHANICAL_DESIGN_GEOMETRIC_PRESENTATION_REPRESENTATION (  '', ( #4396 ), #812 ) ;
#2140 = CARTESIAN_POINT ( 'NONE',  ( -80.61302080720844287, 38.31608741023872255, 142.5099573205669685 ) ) ;
#2141 = FILL_AREA_STYLE_COLOUR ( '', #233 ) ;
#2142 = EDGE_LOOP ( 'NONE', ( #3686, #4325, #2914, #379 ) ) ;
#2143 = EDGE_CURVE ( 'NONE', #815, #2414, #3456, .T. ) ;
#2144 = CARTESIAN_POINT ( 'NONE',  ( -11.15710555108033653, 63.62673108594334082, 17.50995732056675891 ) ) ;
#2145 =( NAMED_UNIT ( * ) SI_UNIT ( $, .STERADIAN. ) SOLID_ANGLE_UNIT ( ) );
#2146 = EDGE_CURVE ( 'NONE', #3428, #2941, #237, .T. ) ;
#2147 = CARTESIAN_POINT ( 'NONE',  ( 6.013187008982902704, 108.3160874102397315, 61.50995732056698273 ) ) ;
#2148 = CARTESIAN_POINT ( 'NONE',  ( -82.11302080720842866, 35.31608741023878650, 134.0099573205669401 ) ) ;
#2149 = VECTOR ( 'NONE', #4792, 1000.000000000000000 ) ;
#2150 = CARTESIAN_POINT ( 'NONE',  ( 1.395864189747126671, 60.22635565965850901, 17.85960954025201275 ) ) ;
#2151 = ORIENTED_EDGE ( 'NONE', *, *, #4311, .F. ) ;
#2152 =( GEOMETRIC_REPRESENTATION_CONTEXT ( 3 ) GLOBAL_UNCERTAINTY_ASSIGNED_CONTEXT ( ( #4735 ) ) GLOBAL_UNIT_ASSIGNED_CONTEXT ( ( #1567, #3170, #4718 ) ) REPRESENTATION_CONTEXT ( 'NONE', 'WORKASPACE' ) );
#2153 =( NAMED_UNIT ( * ) PLANE_ANGLE_UNIT ( ) SI_UNIT ( $, .RADIAN. ) );
#2154 = VERTEX_POINT ( 'NONE', #3616 ) ;
#2155 = CARTESIAN_POINT ( 'NONE',  ( -22.86115507805497415, 108.3160874102397315, 28.97430356771416626 ) ) ;
#2156 = ORIENTED_EDGE ( 'NONE', *, *, #4710, .T. ) ;
#2157 = CARTESIAN_POINT ( 'NONE',  ( 9.138844921944951238, 106.3160874102397315, 52.73871387588997095 ) ) ;
#2158 = VECTOR ( 'NONE', #3635, 1000.000000000000000 ) ;
#2159 = UNCERTAINTY_MEASURE_WITH_UNIT (LENGTH_MEASURE( 1.000000000000000082E-05 ), #2386, 'distance_accuracy_value', 'NONE');
#2160 = CARTESIAN_POINT ( 'NONE',  ( -5.861155078055012346, 108.3160874102397315, 39.50995732056697562 ) ) ;
#2161 = VERTEX_POINT ( 'NONE', #4844 ) ;
#2162 = DIRECTION ( 'NONE',  ( 1.000000000000000000, -2.438088387897967896E-29, 3.491481338843133355E-15 ) ) ;
#2163 = EDGE_CURVE ( 'NONE', #3891, #4861, #1737, .T. ) ;
#2164 = SURFACE_STYLE_FILL_AREA ( #3674 ) ;
#2165 = CARTESIAN_POINT ( 'NONE',  ( 1.638844921944987876, 58.31608741023971731, 18.56359725491356372 ) ) ;
#2166 = CIRCLE ( 'NONE', #1162, 1.499999999999994449 ) ;
#2167 = EDGE_LOOP ( 'NONE', ( #4270, #1235, #2241, #1505 ) ) ;
#2168 = MECHANICAL_DESIGN_GEOMETRIC_PRESENTATION_REPRESENTATION (  '', ( #682 ), #1984 ) ;
#2169 = DIRECTION ( 'NONE',  ( -0.9999999999999397149, 3.472652235214646055E-07, 0.000000000000000000 ) ) ;
#2170 = CARTESIAN_POINT ( 'NONE',  ( -35.86115507805501323, 48.31608741023972442, 43.50995732056697562 ) ) ;
#2171 = CARTESIAN_POINT ( 'NONE',  ( 8.041514948020900277, 99.62434848667679432, 60.29031493470359493 ) ) ;
#2172 = CARTESIAN_POINT ( 'NONE',  ( -30.53908043656114302, 48.31608741023972442, 35.50995732056696852 ) ) ;
#2173 = ORIENTED_EDGE ( 'NONE', *, *, #4441, .F. ) ;
#2174 = PRESENTATION_LAYER_ASSIGNMENT (  '', '', ( #3760 ) ) ;
#2175 = SURFACE_STYLE_USAGE ( .BOTH. , #2651 ) ;
#2176 = ORIENTED_EDGE ( 'NONE', *, *, #2128, .T. ) ;
#2177 = EDGE_CURVE ( 'NONE', #4262, #2893, #2297, .T. ) ;
#2178 = FACE_OUTER_BOUND ( 'NONE', #3659, .T. ) ;
#2179 = CARTESIAN_POINT ( 'NONE',  ( -80.61302080720844287, 35.31608741023872966, 142.5099573205669401 ) ) ;
#2180 = ORIENTED_EDGE ( 'NONE', *, *, #278, .T. ) ;
#2181 = CARTESIAN_POINT ( 'NONE',  ( -12.38597746990996207, 62.02368668163931886, 17.49100391225247364 ) ) ;
#2182 = DIRECTION ( 'NONE',  ( 0.2778678402912970191, -6.707968805866618368E-15, 0.9606193123875087503 ) ) ;
#2183 = DIRECTION ( 'NONE',  ( 0.2778678402912970191, -6.707968805866618368E-15, 0.9606193123875087503 ) ) ;
#2184 = ORIENTED_EDGE ( 'NONE', *, *, #4814, .F. ) ;
#2185 = DIRECTION ( 'NONE',  ( 3.491481338843133355E-15, 6.982962677686266711E-15, -1.000000000000000000 ) ) ;
#2186 = FACE_BOUND ( 'NONE', #517, .T. ) ;
#2187 = FACE_OUTER_BOUND ( 'NONE', #2011, .T. ) ;
#2188 = ADVANCED_FACE ( 'NONE', ( #1994 ), #4600, .F. ) ;
#2189 = ORIENTED_EDGE ( 'NONE', *, *, #2478, .F. ) ;
#2190 = FACE_OUTER_BOUND ( 'NONE', #1854, .T. ) ;
#2191 = PRESENTATION_LAYER_ASSIGNMENT (  '', '', ( #1515 ) ) ;
#2192 =( GEOMETRIC_REPRESENTATION_CONTEXT ( 3 ) GLOBAL_UNCERTAINTY_ASSIGNED_CONTEXT ( ( #2895 ) ) GLOBAL_UNIT_ASSIGNED_CONTEXT ( ( #236, #4227, #4177 ) ) REPRESENTATION_CONTEXT ( 'NONE', 'WORKASPACE' ) );
#2193 = DIRECTION ( 'NONE',  ( 1.000000000000000000, 0.000000000000000000, 0.000000000000000000 ) ) ;
#2194 = CARTESIAN_POINT ( 'NONE',  ( 20.30111724930317507, 45.31608741023917730, 77.86438350907977224 ) ) ;
#2195 = STYLED_ITEM ( 'NONE', ( #24 ), #4604 ) ;
#2196 = CARTESIAN_POINT ( 'NONE',  ( 8.772908715087647025, 101.9970077763072140, 59.77964335572829668 ) ) ;
#2197 =( NAMED_UNIT ( * ) PLANE_ANGLE_UNIT ( ) SI_UNIT ( $, .RADIAN. ) );
#2198 = STYLED_ITEM ( 'NONE', ( #337 ), #4835 ) ;
#2199 = ORIENTED_EDGE ( 'NONE', *, *, #4980, .F. ) ;
#2200 = ORIENTED_EDGE ( 'NONE', *, *, #1342, .T. ) ;
#2201 = SURFACE_STYLE_FILL_AREA ( #3380 ) ;
#2202 = PLANE ( 'NONE',  #4211 ) ;
#2203 = EDGE_LOOP ( 'NONE', ( #626, #330, #4243, #93 ) ) ;
#2204 = PRESENTATION_LAYER_ASSIGNMENT (  '', '', ( #1862 ) ) ;
#2205 = MECHANICAL_DESIGN_GEOMETRIC_PRESENTATION_REPRESENTATION (  '', ( #1277 ), #4205 ) ;
#2206 = DIRECTION ( 'NONE',  ( 0.9606193123875093054, 1.940340758083407360E-15, -0.2778678402912958534 ) ) ;
#2207 =( LENGTH_UNIT ( ) NAMED_UNIT ( * ) SI_UNIT ( .MILLI., .METRE. ) );
#2208 = DIRECTION ( 'NONE',  ( 0.9606193123875061968, 1.940340758083479541E-15, -0.2778678402913062340 ) ) ;
#2209 = VECTOR ( 'NONE', #1851, 1000.000000000000000 ) ;
#2210 = CARTESIAN_POINT ( 'NONE',  ( -13.36115507805523706, 62.70948829693081450, 35.11655903836506099 ) ) ;
#2211 = EDGE_CURVE ( 'NONE', #3959, #497, #4127, .T. ) ;
#2212 = VECTOR ( 'NONE', #376, 1000.000000000000000 ) ;
#2213 = UNCERTAINTY_MEASURE_WITH_UNIT (LENGTH_MEASURE( 1.000000000000000082E-05 ), #733, 'distance_accuracy_value', 'NONE');
#2214 = COLOUR_RGB ( '',0.9215686274509803377, 0.9215686274509803377, 0.9215686274509803377 ) ;
#2215 = COLOUR_RGB ( '',1.000000000000000000, 1.000000000000000000, 1.000000000000000000 ) ;
#2216 =( NAMED_UNIT ( * ) PLANE_ANGLE_UNIT ( ) SI_UNIT ( $, .RADIAN. ) );
#2217 = CIRCLE ( 'NONE', #72, 24.99999999999999289 ) ;
#2218 = ORIENTED_EDGE ( 'NONE', *, *, #2583, .F. ) ;
#2219 = CARTESIAN_POINT ( 'NONE',  ( -12.43425325253423352, 62.09162907694214084, 17.50995732056674470 ) ) ;
#2220 = VECTOR ( 'NONE', #2719, 1000.000000000000000 ) ;
#2221 = PRESENTATION_STYLE_ASSIGNMENT (( #1300 ) ) ;
#2222 = CARTESIAN_POINT ( 'NONE',  ( 21.55152253061402945, 41.81608741023914888, 82.18717041482356933 ) ) ;
#2223 = UNCERTAINTY_MEASURE_WITH_UNIT (LENGTH_MEASURE( 1.000000000000000082E-05 ), #4463, 'distance_accuracy_value', 'NONE');
#2224 = DIRECTION ( 'NONE',  ( -0.000000000000000000, -1.000000000000000000, -6.505213034913026604E-16 ) ) ;
#2225 = STYLED_ITEM ( 'NONE', ( #716 ), #827 ) ;
#2226 = PRESENTATION_STYLE_ASSIGNMENT (( #4157 ) ) ;
#2227 = ORIENTED_EDGE ( 'NONE', *, *, #2128, .F. ) ;
#2228 =( LENGTH_UNIT ( ) NAMED_UNIT ( * ) SI_UNIT ( .MILLI., .METRE. ) );
#2229 = CARTESIAN_POINT ( 'NONE',  ( 1.638844921944987876, 58.31608741023971731, 18.56359725491356372 ) ) ;
#2230 = CARTESIAN_POINT ( 'NONE',  ( 3.145979192791789725, 38.31608741023924125, 68.50995732056725274 ) ) ;
#2231 =( NAMED_UNIT ( * ) PLANE_ANGLE_UNIT ( ) SI_UNIT ( $, .RADIAN. ) );
#2232 =( NAMED_UNIT ( * ) SI_UNIT ( $, .STERADIAN. ) SOLID_ANGLE_UNIT ( ) );
#2233 = DIRECTION ( 'NONE',  ( 0.000000000000000000, -1.000000000000000000, -6.982962677686266711E-15 ) ) ;
#2234 = ORIENTED_EDGE ( 'NONE', *, *, #1576, .F. ) ;
#2235 = EDGE_CURVE ( 'NONE', #3066, #232, #919, .T. ) ;
#2236 = ORIENTED_EDGE ( 'NONE', *, *, #753, .F. ) ;
#2237 = MECHANICAL_DESIGN_GEOMETRIC_PRESENTATION_REPRESENTATION (  '', ( #3317 ), #1645 ) ;
#2238 = CARTESIAN_POINT ( 'NONE',  ( -13.36115507805501679, 58.31609261921808240, 18.56359725491350687 ) ) ;
#2239 =( GEOMETRIC_REPRESENTATION_CONTEXT ( 3 ) GLOBAL_UNCERTAINTY_ASSIGNED_CONTEXT ( ( #2637 ) ) GLOBAL_UNIT_ASSIGNED_CONTEXT ( ( #5020, #3043, #1885 ) ) REPRESENTATION_CONTEXT ( 'NONE', 'WORKASPACE' ) );
#2240 = FACE_OUTER_BOUND ( 'NONE', #2340, .T. ) ;
#2241 = ORIENTED_EDGE ( 'NONE', *, *, #2063, .T. ) ;
#2242 =( LENGTH_UNIT ( ) NAMED_UNIT ( * ) SI_UNIT ( .MILLI., .METRE. ) );
#2243 = AXIS2_PLACEMENT_3D ( 'NONE', #2436, #1654, #4863 ) ;
#2244 = DIRECTION ( 'NONE',  ( 0.000000000000000000, 0.000000000000000000, 1.000000000000000000 ) ) ;
#2245 = CIRCLE ( 'NONE', #2069, 7.500000000000013323 ) ;
#2246 = VECTOR ( 'NONE', #2907, 1000.000000000000000 ) ;
#2247 = LINE ( 'NONE', #2931, #1765 ) ;
#2248 = VERTEX_POINT ( 'NONE', #1786 ) ;
#2249 = SURFACE_STYLE_FILL_AREA ( #1529 ) ;
#2250 = EDGE_CURVE ( 'NONE', #4885, #2782, #125, .T. ) ;
#2251 = ORIENTED_EDGE ( 'NONE', *, *, #5040, .T. ) ;
#2252 = CARTESIAN_POINT ( 'NONE',  ( -80.61302080720844287, 35.31608741023872966, 142.5099573205669401 ) ) ;
#2253 = CARTESIAN_POINT ( 'NONE',  ( -82.11302080720842866, 35.31608741023878650, 134.0099573205669401 ) ) ;
#2254 = DIRECTION ( 'NONE',  ( -3.491481338843133355E-15, -6.982962677686266711E-15, 1.000000000000000000 ) ) ;
#2255 = STYLED_ITEM ( 'NONE', ( #5150 ), #3389 ) ;
#2256 = DIRECTION ( 'NONE',  ( -3.491481338843133355E-15, -6.982962677686266711E-15, 1.000000000000000000 ) ) ;
#2257 = FILL_AREA_STYLE_COLOUR ( '', #3824 ) ;
#2258 = COLOUR_RGB ( '',1.000000000000000000, 1.000000000000000000, 1.000000000000000000 ) ;
#2259 = AXIS2_PLACEMENT_3D ( 'NONE', #4074, #514, #2084 ) ;
#2260 = ORIENTED_EDGE ( 'NONE', *, *, #5148, .F. ) ;
#2261 = CIRCLE ( 'NONE', #98, 7.500000000000000000 ) ;
#2262 = CARTESIAN_POINT ( 'NONE',  ( 29.35492585898175477, 45.31608741023895703, 109.1643835090797978 ) ) ;
#2263 = ORIENTED_EDGE ( 'NONE', *, *, #3745, .T. ) ;
#2264 = DIRECTION ( 'NONE',  ( 0.2778678402912957979, -6.308085367188378605E-15, 0.9606193123875090834 ) ) ;
#2265 = EDGE_CURVE ( 'NONE', #2438, #3779, #4550, .T. ) ;
#2266 = CARTESIAN_POINT ( 'NONE',  ( -13.12580737097911943, 60.24355906296960228, 17.86351399504394877 ) ) ;
#2267 = UNCERTAINTY_MEASURE_WITH_UNIT (LENGTH_MEASURE( 1.000000000000000082E-05 ), #3050, 'distance_accuracy_value', 'NONE');
#2268 = DIRECTION ( 'NONE',  ( -1.000000000000000000, 0.000000000000000000, -0.000000000000000000 ) ) ;
#2269 = EDGE_LOOP ( 'NONE', ( #4708, #5099, #1963, #1242 ) ) ;
#2270 = CARTESIAN_POINT ( 'NONE',  ( -13.66120128787435739, 58.31609255746701592, 17.50995732056674115 ) ) ;
#2271 = PRESENTATION_STYLE_ASSIGNMENT (( #1444 ) ) ;
#2272 = CARTESIAN_POINT ( 'NONE',  ( 1.638844921944987876, 58.31608741023971731, 39.50995732056697562 ) ) ;
#2273 = EDGE_CURVE ( 'NONE', #2536, #3803, #612, .T. ) ;
#2274 = DIRECTION ( 'NONE',  ( -1.000000000000000000, 2.544687269639867442E-29, -3.644137004729092380E-15 ) ) ;
#2275 = CARTESIAN_POINT ( 'NONE',  ( 1.045979192791798962, 35.31608741023924125, 68.50995732056721010 ) ) ;
#2276 = EDGE_LOOP ( 'NONE', ( #1595, #1044, #3302, #3441 ) ) ;
#2277 = ORIENTED_EDGE ( 'NONE', *, *, #1615, .F. ) ;
#2278 = CARTESIAN_POINT ( 'NONE',  ( 9.735235835784413538, 107.7467515118416799, 19.97105702526428672 ) ) ;
#2279 = EDGE_CURVE ( 'NONE', #3770, #2725, #3755, .T. ) ;
#2280 = SURFACE_SIDE_STYLE ('',( #696 ) ) ;
#2281 = DIRECTION ( 'NONE',  ( -1.000000000000000000, 0.000000000000000000, -3.469446951953614189E-15 ) ) ;
#2282 = PRESENTATION_LAYER_ASSIGNMENT (  '', '', ( #541 ) ) ;
#2283 = ORIENTED_EDGE ( 'NONE', *, *, #1036, .F. ) ;
#2284 = MECHANICAL_DESIGN_GEOMETRIC_PRESENTATION_REPRESENTATION (  '', ( #2195 ), #2016 ) ;
#2285 = FACE_OUTER_BOUND ( 'NONE', #4033, .T. ) ;
#2286 = SURFACE_STYLE_USAGE ( .BOTH. , #252 ) ;
#2287 = ORIENTED_EDGE ( 'NONE', *, *, #459, .F. ) ;
#2288 = DIRECTION ( 'NONE',  ( 1.000000000000000000, 0.000000000000000000, 0.000000000000000000 ) ) ;
#2289 = CARTESIAN_POINT ( 'NONE',  ( -13.36115490301865272, 58.82013492343731542, 18.56359715400106936 ) ) ;
#2290 =( NAMED_UNIT ( * ) PLANE_ANGLE_UNIT ( ) SI_UNIT ( $, .RADIAN. ) );
#2291 = COLOUR_RGB ( '',1.000000000000000000, 1.000000000000000000, 1.000000000000000000 ) ;
#2292 = CIRCLE ( 'NONE', #319, 5.000000000000000888 ) ;
#2293 = EDGE_CURVE ( 'NONE', #4535, #4910, #2691, .T. ) ;
#2294 = COLOUR_RGB ( '',1.000000000000000000, 1.000000000000000000, 1.000000000000000000 ) ;
#2295 = ORIENTED_EDGE ( 'NONE', *, *, #3329, .F. ) ;
#2296 = CARTESIAN_POINT ( 'NONE',  ( -13.66120117484883068, 58.57014899246193096, 17.50995732056674470 ) ) ;
#2297 = CIRCLE ( 'NONE', #2545, 2.000000000000001332 ) ;
#2298 =( NAMED_UNIT ( * ) PLANE_ANGLE_UNIT ( ) SI_UNIT ( $, .RADIAN. ) );
#2299 = VECTOR ( 'NONE', #5029, 1000.000000000000000 ) ;
#2300 = DIRECTION ( 'NONE',  ( 1.000000000000000000, 0.000000000000000000, 0.000000000000000000 ) ) ;
#2301 = DIRECTION ( 'NONE',  ( 1.000000000000000000, 0.000000000000000000, 6.608470384673580212E-15 ) ) ;
#2302 = EDGE_CURVE ( 'NONE', #1833, #2536, #5065, .T. ) ;
#2303 = STYLED_ITEM ( 'NONE', ( #3363 ), #313 ) ;
#2304 = MECHANICAL_DESIGN_GEOMETRIC_PRESENTATION_REPRESENTATION (  '', ( #1874 ), #3131 ) ;
#2305 = CYLINDRICAL_SURFACE ( 'NONE', #4458, 1.499999999999994449 ) ;
#2306 = ORIENTED_EDGE ( 'NONE', *, *, #4864, .T. ) ;
#2307 =( GEOMETRIC_REPRESENTATION_CONTEXT ( 3 ) GLOBAL_UNCERTAINTY_ASSIGNED_CONTEXT ( ( #1420 ) ) GLOBAL_UNIT_ASSIGNED_CONTEXT ( ( #5098, #3381, #1886 ) ) REPRESENTATION_CONTEXT ( 'NONE', 'WORKASPACE' ) );
#2308 = COLOUR_RGB ( '',0.9215686274509803377, 0.9215686274509803377, 0.9215686274509803377 ) ;
#2309 = FILL_AREA_STYLE_COLOUR ( '', #4350 ) ;
#2310 = STYLED_ITEM ( 'NONE', ( #4221 ), #3997 ) ;
#2311 = EDGE_CURVE ( 'NONE', #2377, #2941, #4574, .T. ) ;
#2312 = DIRECTION ( 'NONE',  ( 1.000000000000000000, -0.000000000000000000, -0.000000000000000000 ) ) ;
#2313 =( LENGTH_UNIT ( ) NAMED_UNIT ( * ) SI_UNIT ( .MILLI., .METRE. ) );
#2314 = MECHANICAL_DESIGN_GEOMETRIC_PRESENTATION_REPRESENTATION (  '', ( #4739 ), #1884 ) ;
#2315 = SURFACE_STYLE_FILL_AREA ( #3900 ) ;
#2316 = EDGE_LOOP ( 'NONE', ( #126, #44, #2098, #316 ) ) ;
#2317 = EDGE_CURVE ( 'NONE', #232, #2966, #2078, .T. ) ;
#2318 = FILL_AREA_STYLE ('',( #3480 ) ) ;
#2319 =( NAMED_UNIT ( * ) SI_UNIT ( $, .STERADIAN. ) SOLID_ANGLE_UNIT ( ) );
#2320 = DIRECTION ( 'NONE',  ( 0.000000000000000000, -1.000000000000000000, -6.982962677686266711E-15 ) ) ;
#2321 = DIRECTION ( 'NONE',  ( 1.000000000000000000, -0.000000000000000000, -0.000000000000000000 ) ) ;
#2322 = ORIENTED_EDGE ( 'NONE', *, *, #85, .T. ) ;
#2323 = CARTESIAN_POINT ( 'NONE',  ( -11.51475693517630283, 63.27006905750243249, 17.50995732056675536 ) ) ;
#2324 = VECTOR ( 'NONE', #656, 1000.000000000000000 ) ;
#2325 =( LENGTH_UNIT ( ) NAMED_UNIT ( * ) SI_UNIT ( .MILLI., .METRE. ) );
#2326 = FILL_AREA_STYLE ('',( #739 ) ) ;
#2327 = UNCERTAINTY_MEASURE_WITH_UNIT (LENGTH_MEASURE( 1.000000000000000082E-05 ), #3732, 'distance_accuracy_value', 'NONE');
#2328 = CARTESIAN_POINT ( 'NONE',  ( -13.36115490220957369, 58.82246478023754577, 18.56359715389324805 ) ) ;
#2329 = DIRECTION ( 'NONE',  ( 0.000000000000000000, -1.000000000000000000, -6.982962677686266711E-15 ) ) ;
#2330 = VECTOR ( 'NONE', #4509, 1000.000000000000000 ) ;
#2331 = ORIENTED_EDGE ( 'NONE', *, *, #2899, .F. ) ;
#2332 = EDGE_CURVE ( 'NONE', #3518, #4117, #1291, .T. ) ;
#2333 = VECTOR ( 'NONE', #1299, 1000.000000000000000 ) ;
#2334 = CARTESIAN_POINT ( 'NONE',  ( -3.855280164626060824, 90.44244891681006493, 30.74876644494417377 ) ) ;
#2335 = LINE ( 'NONE', #770, #2081 ) ;
#2336 = FACE_OUTER_BOUND ( 'NONE', #1747, .T. ) ;
#2337 = PLANE ( 'NONE',  #4905 ) ;
#2338 = DIRECTION ( 'NONE',  ( 0.000000000000000000, 1.000000000000000000, 6.982962677686266711E-15 ) ) ;
#2339 = CYLINDRICAL_SURFACE ( 'NONE', #16, 5.000000000000000888 ) ;
#2340 = EDGE_LOOP ( 'NONE', ( #143, #1466, #3419, #4251 ) ) ;
#2341 = STYLED_ITEM ( 'NONE', ( #4750 ), #3422 ) ;
#2342 = PLANE ( 'NONE',  #4901 ) ;
#2343 = EDGE_CURVE ( 'NONE', #4117, #156, #306, .T. ) ;
#2344 = B_SPLINE_CURVE_WITH_KNOTS ( 'NONE', 3,
 ( #3833, #2535, #3392, #5034, #4933, #180, #998, #4155, #261, #288, #4549, #2589, #1322, #4628 ),
 .UNSPECIFIED., .F., .F.,
 ( 4, 2, 2, 2, 2, 2, 4 ),
 ( 0.000000000000000000, 0.001056273792093881522, 0.002112547584187763044, 0.003168821376281644783, 0.003432889824305113049, 0.003696958272328580881, 0.004225095168375556445 ),
 .UNSPECIFIED. ) ;
#2345 = DIRECTION ( 'NONE',  ( 0.000000000000000000, -1.000000000000000000, -6.982962677686266711E-15 ) ) ;
#2346 = AXIS2_PLACEMENT_3D ( 'NONE', #3104, #932, #3682 ) ;
#2347 = ORIENTED_EDGE ( 'NONE', *, *, #4191, .T. ) ;
#2348 = CARTESIAN_POINT ( 'NONE',  ( 22.61197919279169000, 35.31608741023904230, 97.00995732056730958 ) ) ;
#2349 = LINE ( 'NONE', #3932, #331 ) ;
#2350 = DIRECTION ( 'NONE',  ( 0.000000000000000000, -1.000000000000000000, -6.982962677686266711E-15 ) ) ;
#2351 = DIRECTION ( 'NONE',  ( 0.000000000000000000, -1.000000000000000000, -6.982962677686266711E-15 ) ) ;
#2352 = ORIENTED_EDGE ( 'NONE', *, *, #3987, .F. ) ;
#2353 = CARTESIAN_POINT ( 'NONE',  ( 5.493048748424135930, 95.50164964387815303, 29.15981888067329564 ) ) ;
#2354 = ADVANCED_FACE ( 'NONE', ( #4250 ), #3802, .F. ) ;
#2355 = PRESENTATION_STYLE_ASSIGNMENT (( #370 ) ) ;
#2356 = FILL_AREA_STYLE_COLOUR ( '', #2445 ) ;
#2357 = SURFACE_STYLE_USAGE ( .BOTH. , #3545 ) ;
#2358 =( LENGTH_UNIT ( ) NAMED_UNIT ( * ) SI_UNIT ( .MILLI., .METRE. ) );
#2359 = CARTESIAN_POINT ( 'NONE',  ( -20.93399159637200313, 106.9237071664349656, 19.56417043876688666 ) ) ;
#2360 = DIRECTION ( 'NONE',  ( -0.2778678402912969636, 6.707968805866618368E-15, -0.9606193123875087503 ) ) ;
#2361 = ORIENTED_EDGE ( 'NONE', *, *, #1232, .F. ) ;
#2362 = MECHANICAL_DESIGN_GEOMETRIC_PRESENTATION_REPRESENTATION (  '', ( #1932 ), #4883 ) ;
#2363 = DIRECTION ( 'NONE',  ( 0.000000000000000000, 1.000000000000000000, 0.000000000000000000 ) ) ;
#2364 = DIRECTION ( 'NONE',  ( -1.000000000000000000, 0.000000000000000000, 0.000000000000000000 ) ) ;
#2365 = ORIENTED_EDGE ( 'NONE', *, *, #878, .T. ) ;
#2366 = CYLINDRICAL_SURFACE ( 'NONE', #4346, 2.099999999999990763 ) ;
#2367 = ADVANCED_FACE ( 'NONE', ( #2240 ), #3432, .T. ) ;
#2368 = DIRECTION ( 'NONE',  ( 0.000000000000000000, 0.000000000000000000, 1.000000000000000000 ) ) ;
#2369 = DIRECTION ( 'NONE',  ( -0.000000000000000000, 1.000000000000000000, 6.982962677686266711E-15 ) ) ;
#2370 = CIRCLE ( 'NONE', #2709, 1.499999999999987566 ) ;
#2371 = EDGE_CURVE ( 'NONE', #988, #1030, #5123, .T. ) ;
#2372 = UNCERTAINTY_MEASURE_WITH_UNIT (LENGTH_MEASURE( 1.000000000000000082E-05 ), #4917, 'distance_accuracy_value', 'NONE');
#2373 = FILL_AREA_STYLE ('',( #384 ) ) ;
#2374 = CARTESIAN_POINT ( 'NONE',  ( 10.95145931702775677, 108.3160874102398026, 28.67194404088083814 ) ) ;
#2375 = DIRECTION ( 'NONE',  ( 0.9606193123875093054, 1.940340758083407360E-15, -0.2778678402912958534 ) ) ;
#2376 =( GEOMETRIC_REPRESENTATION_CONTEXT ( 3 ) GLOBAL_UNCERTAINTY_ASSIGNED_CONTEXT ( ( #3830 ) ) GLOBAL_UNIT_ASSIGNED_CONTEXT ( ( #3861, #718, #2051 ) ) REPRESENTATION_CONTEXT ( 'NONE', 'WORKASPACE' ) );
#2377 = VERTEX_POINT ( 'NONE', #359 ) ;
#2378 = CARTESIAN_POINT ( 'NONE',  ( 9.043315438036724885, 103.3690770508235488, 27.08528858280568841 ) ) ;
#2379 = MECHANICAL_DESIGN_GEOMETRIC_PRESENTATION_REPRESENTATION (  '', ( #1695 ), #4380 ) ;
#2380 = CARTESIAN_POINT ( 'NONE',  ( -30.86115507805554969, -33.20237785007998355, 153.7311177574581222 ) ) ;
#2381 = SURFACE_STYLE_FILL_AREA ( #4711 ) ;
#2382 = DIRECTION ( 'NONE',  ( 0.2778678402912970746, -6.707968805866618368E-15, 0.9606193123875087503 ) ) ;
#2383 = CARTESIAN_POINT ( 'NONE',  ( -5.861155078055149126, 35.31608741023944020, 39.50995732056718168 ) ) ;
#2384 = PRESENTATION_LAYER_ASSIGNMENT (  '', '', ( #565 ) ) ;
#2385 = FACE_BOUND ( 'NONE', #972, .T. ) ;
#2386 =( LENGTH_UNIT ( ) NAMED_UNIT ( * ) SI_UNIT ( .MILLI., .METRE. ) );
#2387 = EDGE_CURVE ( 'NONE', #367, #1073, #1563, .T. ) ;
#2388 = DIRECTION ( 'NONE',  ( 1.000000000000000000, 0.000000000000000000, 0.000000000000000000 ) ) ;
#2389 = VERTEX_POINT ( 'NONE', #5027 ) ;
#2390 = SURFACE_STYLE_FILL_AREA ( #4406 ) ;
#2391 = VERTEX_POINT ( 'NONE', #1416 ) ;
#2392 = DIRECTION ( 'NONE',  ( 0.000000000000000000, -1.000000000000000000, -6.982962677686266711E-15 ) ) ;
#2393 = SURFACE_STYLE_FILL_AREA ( #2373 ) ;
#2394 =( NAMED_UNIT ( * ) PLANE_ANGLE_UNIT ( ) SI_UNIT ( $, .RADIAN. ) );
#2395 = PRESENTATION_LAYER_ASSIGNMENT (  '', '', ( #1075 ) ) ;
#2396 = ORIENTED_EDGE ( 'NONE', *, *, #2457, .F. ) ;
#2397 = PRESENTATION_STYLE_ASSIGNMENT (( #2868 ) ) ;
#2398 = CARTESIAN_POINT ( 'NONE',  ( -18.64129077642220267, 97.44821455158647439, 28.61016714017125295 ) ) ;
#2399 = STYLED_ITEM ( 'NONE', ( #4351 ), #1837 ) ;
#2400 = EDGE_CURVE ( 'NONE', #4846, #1759, #1397, .T. ) ;
#2401 =( NAMED_UNIT ( * ) PLANE_ANGLE_UNIT ( ) SI_UNIT ( $, .RADIAN. ) );
#2402 = FACE_BOUND ( 'NONE', #171, .T. ) ;
#2403 = SURFACE_STYLE_FILL_AREA ( #821 ) ;
#2404 = PRESENTATION_STYLE_ASSIGNMENT (( #3141 ) ) ;
#2405 = VECTOR ( 'NONE', #4366, 1000.000000000000000 ) ;
#2406 = SURFACE_STYLE_FILL_AREA ( #1635 ) ;
#2407 = SURFACE_SIDE_STYLE ('',( #2706 ) ) ;
#2408 = SURFACE_STYLE_FILL_AREA ( #1569 ) ;
#2409 = ORIENTED_EDGE ( 'NONE', *, *, #2919, .T. ) ;
#2410 = ORIENTED_EDGE ( 'NONE', *, *, #2387, .T. ) ;
#2411 = EDGE_CURVE ( 'NONE', #1339, #4381, #4225, .T. ) ;
#2413 =( NAMED_UNIT ( * ) PLANE_ANGLE_UNIT ( ) SI_UNIT ( $, .RADIAN. ) );
#2412 = CIRCLE ( 'NONE', #2673, 2.099999999999990763 ) ;
#2414 = VERTEX_POINT ( 'NONE', #3986 ) ;
#2415 = UNCERTAINTY_MEASURE_WITH_UNIT (LENGTH_MEASURE( 1.000000000000000082E-05 ), #2564, 'distance_accuracy_value', 'NONE');
#2416 = COLOUR_RGB ( '',1.000000000000000000, 1.000000000000000000, 1.000000000000000000 ) ;
#2417 =( NAMED_UNIT ( * ) PLANE_ANGLE_UNIT ( ) SI_UNIT ( $, .RADIAN. ) );
#2418 = DIRECTION ( 'NONE',  ( 1.000000000000000000, 0.000000000000000000, 6.608470384673580212E-15 ) ) ;
#2419 = ORIENTED_EDGE ( 'NONE', *, *, #2822, .F. ) ;
#2420 = COLOUR_RGB ( '',0.9215686274509803377, 0.9215686274509803377, 0.9215686274509803377 ) ;
#2421 = LINE ( 'NONE', #28, #3437 ) ;
#2422 = FILL_AREA_STYLE_COLOUR ( '', #4626 ) ;
#2423 = CARTESIAN_POINT ( 'NONE',  ( 9.854178972733912190, 107.8539420582142867, 51.87305248410965675 ) ) ;
#2424 = CARTESIAN_POINT ( 'NONE',  ( 9.138844921944951238, 106.6234681669242832, 59.50995732056699694 ) ) ;
#2425 = PLANE ( 'NONE',  #4588 ) ;
#2426 = PLANE ( 'NONE',  #4300 ) ;
#2427 = ADVANCED_FACE ( 'NONE', ( #1597 ), #4407, .F. ) ;
#2428 = CARTESIAN_POINT ( 'NONE',  ( 12.61616275020310418, 38.31608741023916309, 80.08732623141008844 ) ) ;
#2429 = CARTESIAN_POINT ( 'NONE',  ( -5.861155078054975931, 105.3160874102397031, 17.50995732056679799 ) ) ;
#2430 = CARTESIAN_POINT ( 'NONE',  ( 1.638844921944850652, 35.31608741023944020, 39.50995732056721010 ) ) ;
#2431 = FILL_AREA_STYLE ('',( #3067 ) ) ;
#2432 = CYLINDRICAL_SURFACE ( 'NONE', #3255, 7.500000000000000000 ) ;
#2433 = DIRECTION ( 'NONE',  ( 0.2778678402912960199, -6.308085367188419626E-15, 0.9606193123875090834 ) ) ;
#2434 = CARTESIAN_POINT ( 'NONE',  ( 1.638844921944987876, 51.31608741023973863, 14.50995732056697918 ) ) ;
#2435 = ORIENTED_EDGE ( 'NONE', *, *, #4527, .F. ) ;
#2436 = CARTESIAN_POINT ( 'NONE',  ( 35.50597919279156400, 35.31608741023878650, 134.0099573205673664 ) ) ;
#2437 = PRESENTATION_LAYER_ASSIGNMENT (  '', '', ( #3943 ) ) ;
#2438 = VERTEX_POINT ( 'NONE', #1552 ) ;
#2439 =( NAMED_UNIT ( * ) PLANE_ANGLE_UNIT ( ) SI_UNIT ( $, .RADIAN. ) );
#2440 =( LENGTH_UNIT ( ) NAMED_UNIT ( * ) SI_UNIT ( .MILLI., .METRE. ) );
#2441 = CARTESIAN_POINT ( 'NONE',  ( 9.755075710079836426, 107.7812540151846292, 27.02103306218742418 ) ) ;
#2442 = CARTESIAN_POINT ( 'NONE',  ( 7.708863212438716417, 98.87416536964137492, 18.50859749531440812 ) ) ;
#2443 = ORIENTED_EDGE ( 'NONE', *, *, #878, .F. ) ;
#2444 = EDGE_CURVE ( 'NONE', #4885, #1424, #1234, .T. ) ;
#2445 = COLOUR_RGB ( '',0.9215686274509803377, 0.9215686274509803377, 0.9215686274509803377 ) ;
#2446 = LINE ( 'NONE', #866, #1930 ) ;
#2447 = AXIS2_PLACEMENT_3D ( 'NONE', #2508, #1795, #4494 ) ;
#2448 = DIRECTION ( 'NONE',  ( 0.000000000000000000, -1.000000000000000000, 0.000000000000000000 ) ) ;
#2449 = SURFACE_SIDE_STYLE ('',( #1197 ) ) ;
#2450 = CARTESIAN_POINT ( 'NONE',  ( -82.46302080720838035, 41.81608741023888598, 119.7099573205669998 ) ) ;
#2451 = MECHANICAL_DESIGN_GEOMETRIC_PRESENTATION_REPRESENTATION (  '', ( #967 ), #4460 ) ;
#2452 = AXIS2_PLACEMENT_3D ( 'NONE', #788, #4071, #1241 ) ;
#2453 = AXIS2_PLACEMENT_3D ( 'NONE', #4246, #3025, #5079 ) ;
#2454 = LINE ( 'NONE', #4025, #4903 ) ;
#2455 =( NAMED_UNIT ( * ) SI_UNIT ( $, .STERADIAN. ) SOLID_ANGLE_UNIT ( ) );
#2456 = SURFACE_SIDE_STYLE ('',( #4880 ) ) ;
#2457 = EDGE_CURVE ( 'NONE', #3485, #3518, #1960, .T. ) ;
#2458 = COLOUR_RGB ( '',0.9215686274509803377, 0.9215686274509803377, 0.9215686274509803377 ) ;
#2459 = VECTOR ( 'NONE', #3436, 1000.000000000000000 ) ;
#2460 = CARTESIAN_POINT ( 'NONE',  ( 9.138844921944951238, 108.3160874102397315, 39.50995732056697562 ) ) ;
#2461 = CARTESIAN_POINT ( 'NONE',  ( -13.61167705983283582, 35.31608741023899256, 104.6266218876286018 ) ) ;
#2462 = ORIENTED_EDGE ( 'NONE', *, *, #4744, .F. ) ;
#2463 = PRESENTATION_LAYER_ASSIGNMENT (  '', '', ( #807 ) ) ;
#2464 = ORIENTED_EDGE ( 'NONE', *, *, #2371, .T. ) ;
#2465 = EDGE_CURVE ( 'NONE', #4891, #4945, #404, .T. ) ;
#2466 = CARTESIAN_POINT ( 'NONE',  ( -20.86708388323770791, 106.4936840206444373, 26.41382008425319938 ) ) ;
#2467 = ORIENTED_EDGE ( 'NONE', *, *, #2982, .F. ) ;
#2468 =( NAMED_UNIT ( * ) SI_UNIT ( $, .STERADIAN. ) SOLID_ANGLE_UNIT ( ) );
#2469 = UNCERTAINTY_MEASURE_WITH_UNIT (LENGTH_MEASURE( 1.000000000000000082E-05 ), #1514, 'distance_accuracy_value', 'NONE');
#2470 =( LENGTH_UNIT ( ) NAMED_UNIT ( * ) SI_UNIT ( .MILLI., .METRE. ) );
#2471 = DIRECTION ( 'NONE',  ( 1.000000000000000000, -2.438088387897967896E-29, 3.491481338843133355E-15 ) ) ;
#2472 = ORIENTED_EDGE ( 'NONE', *, *, #4321, .F. ) ;
#2473 =( NAMED_UNIT ( * ) PLANE_ANGLE_UNIT ( ) SI_UNIT ( $, .RADIAN. ) );
#2474 = CARTESIAN_POINT ( 'NONE',  ( -20.49277874191810866, 101.9859807144323014, 59.78141193363792638 ) ) ;
#2475 = VECTOR ( 'NONE', #4048, 1000.000000000000000 ) ;
#2476 = FILL_AREA_STYLE_COLOUR ( '', #907 ) ;
#2477 = CARTESIAN_POINT ( 'NONE',  ( 9.138844921944951238, 106.3160874102397315, 59.50995732056699694 ) ) ;
#2478 = EDGE_CURVE ( 'NONE', #4154, #3428, #3551, .T. ) ;
#2479 = FILL_AREA_STYLE ('',( #1686 ) ) ;
#2480 = CYLINDRICAL_SURFACE ( 'NONE', #2551, 2.099999999999990763 ) ;
#2481 = CIRCLE ( 'NONE', #2903, 7.500000000000000000 ) ;
#2482 = SURFACE_STYLE_USAGE ( .BOTH. , #2540 ) ;
#2483 = CARTESIAN_POINT ( 'NONE',  ( 3.638844921944987654, 38.31608741023972442, 18.56359725491356372 ) ) ;
#2484 = CARTESIAN_POINT ( 'NONE',  ( 1.938891357290397632, 58.82302042753275373, 17.50995732056685128 ) ) ;
#2485 = DIRECTION ( 'NONE',  ( 0.000000000000000000, -2.891205793294680792E-16, 1.000000000000000000 ) ) ;
#2486 = AXIS2_PLACEMENT_3D ( 'NONE', #3464, #3827, #5081 ) ;
#2487 = CARTESIAN_POINT ( 'NONE',  ( 0.8584772786210352891, 61.68367477304131086, 18.14122226395931747 ) ) ;
#2488 = VERTEX_POINT ( 'NONE', #803 ) ;
#2489 = ORIENTED_EDGE ( 'NONE', *, *, #3987, .T. ) ;
#2490 = CIRCLE ( 'NONE', #1820, 2.099999999999990763 ) ;
#2491 = CARTESIAN_POINT ( 'NONE',  ( 22.80192781192484475, 45.31608741023912046, 86.50995732056738063 ) ) ;
#2492 = ORIENTED_EDGE ( 'NONE', *, *, #2332, .F. ) ;
#2493 = FACE_OUTER_BOUND ( 'NONE', #958, .T. ) ;
#2494 = CARTESIAN_POINT ( 'NONE',  ( -21.87863490262265032, 108.0617382216397289, 27.53469380611192108 ) ) ;
#2495 = ORIENTED_EDGE ( 'NONE', *, *, #619, .T. ) ;
#2496 = CARTESIAN_POINT ( 'NONE',  ( -12.96239294097994410, 60.77853221520385318, 18.34016494108762529 ) ) ;
#2497 = EDGE_CURVE ( 'NONE', #2866, #3485, #3180, .T. ) ;
#2498 =( NAMED_UNIT ( * ) SI_UNIT ( $, .STERADIAN. ) SOLID_ANGLE_UNIT ( ) );
#2499 = EDGE_CURVE ( 'NONE', #4166, #4891, #4309, .T. ) ;
#2500 = AXIS2_PLACEMENT_3D ( 'NONE', #3356, #2581, #887 ) ;
#2501 = SURFACE_STYLE_USAGE ( .BOTH. , #917 ) ;
#2502 = FILL_AREA_STYLE_COLOUR ( '', #2030 ) ;
#2503 = ORIENTED_EDGE ( 'NONE', *, *, #2743, .F. ) ;
#2504 = CIRCLE ( 'NONE', #1988, 2.200000000000000622 ) ;
#2505 = STYLED_ITEM ( 'NONE', ( #3589 ), #589 ) ;
#2506 =( NAMED_UNIT ( * ) SI_UNIT ( $, .STERADIAN. ) SOLID_ANGLE_UNIT ( ) );
#2507 = CARTESIAN_POINT ( 'NONE',  ( -20.57959743418861009, 102.3935240372221074, 59.71824656341162552 ) ) ;
#2508 = CARTESIAN_POINT ( 'NONE',  ( 13.11453579222220078, 38.31608741023864440, 153.7311177574588044 ) ) ;
#2509 = ORIENTED_EDGE ( 'NONE', *, *, #1359, .F. ) ;
#2510 = DIRECTION ( 'NONE',  ( -0.000000000000000000, 1.000000000000000000, 6.982962677686266711E-15 ) ) ;
#2511 = CARTESIAN_POINT ( 'NONE',  ( 34.38697919279154291, 35.31608741023872966, 142.5099573205673380 ) ) ;
#2512 =( NAMED_UNIT ( * ) SI_UNIT ( $, .STERADIAN. ) SOLID_ANGLE_UNIT ( ) );
#2513 = DIRECTION ( 'NONE',  ( 0.000000000000000000, -1.000000000000000000, -6.982962677686266711E-15 ) ) ;
#2514 = EDGE_CURVE ( 'NONE', #2598, #3479, #3118, .T. ) ;
#2515 =( NAMED_UNIT ( * ) SI_UNIT ( $, .STERADIAN. ) SOLID_ANGLE_UNIT ( ) );
#2516 =( NAMED_UNIT ( * ) SI_UNIT ( $, .STERADIAN. ) SOLID_ANGLE_UNIT ( ) );
#2517 = CARTESIAN_POINT ( 'NONE',  ( -0.2516755737826041339, 63.30044176242295606, 17.63399037369317668 ) ) ;
#2518 = ORIENTED_EDGE ( 'NONE', *, *, #2950, .T. ) ;
#2519 = ORIENTED_EDGE ( 'NONE', *, *, #115, .F. ) ;
#2520 = EDGE_CURVE ( 'NONE', #1582, #2072, #19, .T. ) ;
#2521 = DIRECTION ( 'NONE',  ( -1.000000000000000000, 0.000000000000000000, -3.608224830031757968E-15 ) ) ;
#2522 = VERTEX_POINT ( 'NONE', #2097 ) ;
#2523 = CARTESIAN_POINT ( 'NONE',  ( -5.861155078055012346, 88.31608741023971731, 39.50995732056697562 ) ) ;
#2524 = CARTESIAN_POINT ( 'NONE',  ( -0.9723210338233932992, 91.10046791099418328, 48.49451425648732794 ) ) ;
#2525 = VERTEX_POINT ( 'NONE', #2556 ) ;
#2526 = FILL_AREA_STYLE ('',( #3774 ) ) ;
#2527 = SURFACE_SIDE_STYLE ('',( #3357 ) ) ;
#2528 = AXIS2_PLACEMENT_3D ( 'NONE', #3315, #974, #103 ) ;
#2529 = B_SPLINE_CURVE_WITH_KNOTS ( 'NONE', 3,
 ( #4000, #130, #4420, #2057, #516, #820, #4825, #3292, #3565, #1269, #490, #462, #2424, #2477 ),
 .UNSPECIFIED., .F., .F.,
 ( 4, 2, 2, 2, 2, 2, 4 ),
 ( 0.000000000000000000, 0.0009059278427725905945, 0.001358891764158889470, 0.001811855685545188345, 0.002264819606931487220, 0.002717783528317786312, 0.003623711371090428297 ),
 .UNSPECIFIED. ) ;
#2530 = CARTESIAN_POINT ( 'NONE',  ( -20.49521887119758645, 101.9970077763071430, 19.24027128540559062 ) ) ;
#2531 = EDGE_CURVE ( 'NONE', #1482, #2818, #1310, .T. ) ;
#2532 = EDGE_LOOP ( 'NONE', ( #5058, #4719, #2361, #1349, #4613 ) ) ;
#2533 = VECTOR ( 'NONE', #4556, 1000.000000000000000 ) ;
#2534 = CARTESIAN_POINT ( 'NONE',  ( -13.36115507805501323, 51.31608741023973863, 14.50995732056696852 ) ) ;
#2535 = CARTESIAN_POINT ( 'NONE',  ( -22.67376947313777791, 108.3160874102397457, 50.34797060025312732 ) ) ;
#2536 = VERTEX_POINT ( 'NONE', #3689 ) ;
#2537 = SURFACE_STYLE_FILL_AREA ( #1764 ) ;
#2538 =( NAMED_UNIT ( * ) PLANE_ANGLE_UNIT ( ) SI_UNIT ( $, .RADIAN. ) );
#2539 = COLOUR_RGB ( '',1.000000000000000000, 1.000000000000000000, 1.000000000000000000 ) ;
#2540 = SURFACE_SIDE_STYLE ('',( #3680 ) ) ;
#2541 = CARTESIAN_POINT ( 'NONE',  ( -35.86115507805501323, 51.31608741023972442, 35.50995732056697562 ) ) ;
#2542 = DIRECTION ( 'NONE',  ( 1.000000000000000000, 0.000000000000000000, 0.000000000000000000 ) ) ;
#2543 = CIRCLE ( 'NONE', #715, 2.099999999999990763 ) ;
#2544 = CARTESIAN_POINT ( 'NONE',  ( 6.945231286490778366, 97.46454772373911624, 60.98554257345492147 ) ) ;
#2545 = AXIS2_PLACEMENT_3D ( 'NONE', #813, #2770, #3993 ) ;
#2546 = MECHANICAL_DESIGN_GEOMETRIC_PRESENTATION_REPRESENTATION (  '', ( #3531 ), #4209 ) ;
#2547 = CARTESIAN_POINT ( 'NONE',  ( 1.938809912009981762, 58.80959339274132702, 17.51009450340775686 ) ) ;
#2548 = ORIENTED_EDGE ( 'NONE', *, *, #2853, .T. ) ;
#2549 = ORIENTED_EDGE ( 'NONE', *, *, #4165, .F. ) ;
#2550 = COLOUR_RGB ( '',0.9215686274509803377, 0.9215686274509803377, 0.9215686274509803377 ) ;
#2551 = AXIS2_PLACEMENT_3D ( 'NONE', #4471, #4080, #4440 ) ;
#2552 = FILL_AREA_STYLE_COLOUR ( '', #3387 ) ;
#2553 = ORIENTED_EDGE ( 'NONE', *, *, #2177, .F. ) ;
#2554 = VECTOR ( 'NONE', #245, 1000.000000000000000 ) ;
#2555 = DIRECTION ( 'NONE',  ( 0.000000000000000000, 1.000000000000000000, 6.982962677686267499E-15 ) ) ;
#2556 = CARTESIAN_POINT ( 'NONE',  ( -85.61302080720817287, 35.31608741023928388, 62.50995732056691168 ) ) ;
#2557 = EDGE_CURVE ( 'NONE', #3200, #5146, #3666, .T. ) ;
#2558 = ORIENTED_EDGE ( 'NONE', *, *, #491, .F. ) ;
#2559 = SURFACE_SIDE_STYLE ('',( #1701 ) ) ;
#2560 = STYLED_ITEM ( 'NONE', ( #888 ), #3919 ) ;
#2561 = PRESENTATION_LAYER_ASSIGNMENT (  '', '', ( #2310 ) ) ;
#2562 = FILL_AREA_STYLE ('',( #2502 ) ) ;
#2563 = ORIENTED_EDGE ( 'NONE', *, *, #229, .T. ) ;
#2564 =( LENGTH_UNIT ( ) NAMED_UNIT ( * ) SI_UNIT ( .MILLI., .METRE. ) );
#2565 = CARTESIAN_POINT ( 'NONE',  ( -74.46302080720836614, 45.31608741023892861, 113.0099573205670396 ) ) ;
#2566 = DIRECTION ( 'NONE',  ( 0.000000000000000000, -2.891205793294680792E-16, 1.000000000000000000 ) ) ;
#2567 = ORIENTED_EDGE ( 'NONE', *, *, #665, .F. ) ;
#2568 = PRESENTATION_STYLE_ASSIGNMENT (( #3738 ) ) ;
#2569 = PRESENTATION_STYLE_ASSIGNMENT (( #2958 ) ) ;
#2570 = CARTESIAN_POINT ( 'NONE',  ( -38.26402080720821886, 45.31608741023920572, 73.75995732056715326 ) ) ;
#2571 = EDGE_CURVE ( 'NONE', #694, #2861, #4148, .T. ) ;
#2572 = SURFACE_STYLE_USAGE ( .BOTH. , #268 ) ;
#2573 = FILL_AREA_STYLE_COLOUR ( '', #3573 ) ;
#2574 = SURFACE_SIDE_STYLE ('',( #5096 ) ) ;
#2575 = ORIENTED_EDGE ( 'NONE', *, *, #3358, .T. ) ;
#2576 = PRESENTATION_LAYER_ASSIGNMENT (  '', '', ( #2399 ) ) ;
#2577 = ORIENTED_EDGE ( 'NONE', *, *, #2411, .F. ) ;
#2578 = DIRECTION ( 'NONE',  ( 8.673615120850363174E-17, -1.000000000000000000, 0.000000000000000000 ) ) ;
#2579 = LINE ( 'NONE', #939, #3992 ) ;
#2580 = EDGE_LOOP ( 'NONE', ( #977, #1381, #1995, #2409 ) ) ;
#2581 = DIRECTION ( 'NONE',  ( -0.000000000000000000, 1.000000000000000000, -0.000000000000000000 ) ) ;
#2582 = STYLED_ITEM ( 'NONE', ( #3140 ), #2613 ) ;
#2583 = EDGE_CURVE ( 'NONE', #449, #3773, #2579, .T. ) ;
#2584 = PRODUCT_DEFINITION_SHAPE ( 'NONE', 'NONE',  #394 ) ;
#2585 = CARTESIAN_POINT ( 'NONE',  ( -20.28939193466204216, 101.1932129363079014, 19.09324905808183459 ) ) ;
#2586 = ORIENTED_EDGE ( 'NONE', *, *, #3119, .F. ) ;
#2587 = CARTESIAN_POINT ( 'NONE',  ( 1.638844921944987876, 51.31608741023972442, 35.50995732056697562 ) ) ;
#2588 = FACE_OUTER_BOUND ( 'NONE', #1726, .T. ) ;
#2589 = CARTESIAN_POINT ( 'NONE',  ( -20.88555359798893107, 106.6732805800253345, 52.60959013038688425 ) ) ;
#2590 = EDGE_CURVE ( 'NONE', #3773, #4581, #4712, .T. ) ;
#2591 = VERTEX_POINT ( 'NONE', #5139 ) ;
#2592 = VECTOR ( 'NONE', #1783, 1000.000000000000000 ) ;
#2593 = FILL_AREA_STYLE_COLOUR ( '', #552 ) ;
#2594 = CARTESIAN_POINT ( 'NONE',  ( 23.53168588983345089, 41.81608741023890019, 117.8234756244065409 ) ) ;
#2595 = CYLINDRICAL_SURFACE ( 'NONE', #2840, 1.499999999999994449 ) ;
#2596 = EDGE_CURVE ( 'NONE', #678, #457, #5100, .T. ) ;
#2597 = CARTESIAN_POINT ( 'NONE',  ( -5.861155078055012346, 89.77559119250058473, 39.50995732056697562 ) ) ;
#2598 = VERTEX_POINT ( 'NONE', #1950 ) ;
#2599 = ORIENTED_EDGE ( 'NONE', *, *, #441, .F. ) ;
#2600 = LINE ( 'NONE', #1856, #1698 ) ;
#2601 = ORIENTED_EDGE ( 'NONE', *, *, #3761, .T. ) ;
#2602 = SURFACE_SIDE_STYLE ('',( #3023 ) ) ;
#2603 =( NAMED_UNIT ( * ) SI_UNIT ( $, .STERADIAN. ) SOLID_ANGLE_UNIT ( ) );
#2604 =( LENGTH_UNIT ( ) NAMED_UNIT ( * ) SI_UNIT ( .MILLI., .METRE. ) );
#2605 = CARTESIAN_POINT ( 'NONE',  ( 35.50597919279156400, 35.31608741023878650, 134.0099573205673664 ) ) ;
#2606 = ORIENTED_EDGE ( 'NONE', *, *, #2302, .T. ) ;
#2607 = PRESENTATION_STYLE_ASSIGNMENT (( #1019 ) ) ;
#2608 = LINE ( 'NONE', #2639, #2928 ) ;
#2609 = CARTESIAN_POINT ( 'NONE',  ( -0.5652046050294914359, 63.62673108594313476, 17.50995732056683707 ) ) ;
#2610 = VERTEX_POINT ( 'NONE', #254 ) ;
#2611 = PRESENTATION_STYLE_ASSIGNMENT (( #3707 ) ) ;
#2612 = STYLED_ITEM ( 'NONE', ( #1761 ), #4427 ) ;
#2613 = ADVANCED_FACE ( 'NONE', ( #1133, #2730 ), #5000, .T. ) ;
#2614 = CARTESIAN_POINT ( 'NONE',  ( -5.861155078055015899, 58.31609001472889986, 14.50995732056697207 ) ) ;
#2615 = PRESENTATION_LAYER_ASSIGNMENT (  '', '', ( #3364 ) ) ;
#2616 = SURFACE_STYLE_USAGE ( .BOTH. , #187 ) ;
#2617 = DIRECTION ( 'NONE',  ( -1.000000000000000000, 0.000000000000000000, 0.000000000000000000 ) ) ;
#2618 = COLOUR_RGB ( '',0.9215686274509803377, 0.9215686274509803377, 0.9215686274509803377 ) ;
#2619 = CARTESIAN_POINT ( 'NONE',  ( 18.81677028045111655, 51.31608741023972442, 35.50995732056697562 ) ) ;
#2620 = MECHANICAL_DESIGN_GEOMETRIC_PRESENTATION_REPRESENTATION (  '', ( #2198 ), #2113 ) ;
#2621 = EDGE_LOOP ( 'NONE', ( #609, #452, #2558, #4239 ) ) ;
#2622 = ORIENTED_EDGE ( 'NONE', *, *, #844, .F. ) ;
#2623 = LINE ( 'NONE', #4215, #3218 ) ;
#2624 = VERTEX_POINT ( 'NONE', #1390 ) ;
#2625 = LINE ( 'NONE', #4218, #3788 ) ;
#2626 = FILL_AREA_STYLE ('',( #2775 ) ) ;
#2627 = SURFACE_STYLE_USAGE ( .BOTH. , #3874 ) ;
#2628 = PRESENTATION_LAYER_ASSIGNMENT (  '', '', ( #3531 ) ) ;
#2629 = UNCERTAINTY_MEASURE_WITH_UNIT (LENGTH_MEASURE( 1.000000000000000082E-05 ), #2781, 'distance_accuracy_value', 'NONE');
#2630 = EDGE_CURVE ( 'NONE', #4180, #1400, #996, .T. ) ;
#2631 = VECTOR ( 'NONE', #3478, 1000.000000000000000 ) ;
#2632 = CARTESIAN_POINT ( 'NONE',  ( 30.60533114029264468, 41.81608741023892861, 113.4871704148235949 ) ) ;
#2633 = EDGE_LOOP ( 'NONE', ( #3362, #2111 ) ) ;
#2634 = PRESENTATION_STYLE_ASSIGNMENT (( #1045 ) ) ;
#2635 = AXIS2_PLACEMENT_3D ( 'NONE', #711, #1501, #2300 ) ;
#2636 =( NAMED_UNIT ( * ) SI_UNIT ( $, .STERADIAN. ) SOLID_ANGLE_UNIT ( ) );
#2637 = UNCERTAINTY_MEASURE_WITH_UNIT (LENGTH_MEASURE( 1.000000000000000082E-05 ), #5020, 'distance_accuracy_value', 'NONE');
#2638 = SURFACE_SIDE_STYLE ('',( #3470 ) ) ;
#2639 = CARTESIAN_POINT ( 'NONE',  ( 39.38697919279153581, 35.31608741023872966, 142.5099573205673664 ) ) ;
#2640 = VECTOR ( 'NONE', #476, 1000.000000000000000 ) ;
#2641 = VERTEX_POINT ( 'NONE', #348 ) ;
#2642 = DIRECTION ( 'NONE',  ( -1.000000000000000000, 0.000000000000000000, -6.608470384673580212E-15 ) ) ;
#2643 = ORIENTED_EDGE ( 'NONE', *, *, #1089, .F. ) ;
#2644 = CARTESIAN_POINT ( 'NONE',  ( -33.61167705983276477, 35.31608741023912756, 84.62662188762850235 ) ) ;
#2645 = FILL_AREA_STYLE_COLOUR ( '', #1113 ) ;
#2646 =( NAMED_UNIT ( * ) PLANE_ANGLE_UNIT ( ) SI_UNIT ( $, .RADIAN. ) );
#2647 = ADVANCED_FACE ( 'NONE', ( #1174, #1013 ), #794, .F. ) ;
#2648 = LINE ( 'NONE', #1003, #604 ) ;
#2649 = CARTESIAN_POINT ( 'NONE',  ( 22.16283177925487990, 41.81608741023913467, 84.30053290207608541 ) ) ;
#2650 = ORIENTED_EDGE ( 'NONE', *, *, #3968, .F. ) ;
#2651 = SURFACE_SIDE_STYLE ('',( #4997 ) ) ;
#2652 = ORIENTED_EDGE ( 'NONE', *, *, #2757, .F. ) ;
#2653 = COLOUR_RGB ( '',0.9215686274509803377, 0.9215686274509803377, 0.9215686274509803377 ) ;
#2654 = CARTESIAN_POINT ( 'NONE',  ( 15.11697331282477919, 38.31608741023909914, 88.73290004289769684 ) ) ;
#2655 = LINE ( 'NONE', #732, #2592 ) ;
#2656 = SURFACE_STYLE_FILL_AREA ( #3875 ) ;
#2657 = B_SPLINE_CURVE_WITH_KNOTS ( 'NONE', 3,
 ( #3268, #4424, #4028, #2034, #4881, #3683, #1302, #3630, #933, #2910, #3197, #4801, #1204, #2811 ),
 .UNSPECIFIED., .F., .F.,
 ( 4, 2, 2, 2, 2, 2, 4 ),
 ( 0.000000000000000000, 0.0004537149792349510742, 0.0009074299584699021485, 0.001361144937704853114, 0.001814859916939804297, 0.002722289875409678907, 0.003629719833879554384 ),
 .UNSPECIFIED. ) ;
#2658 = STYLED_ITEM ( 'NONE', ( #4022 ), #1911 ) ;
#2659 = ORIENTED_EDGE ( 'NONE', *, *, #1059, .T. ) ;
#2660 = LINE ( 'NONE', #5106, #2299 ) ;
#2661 = EDGE_CURVE ( 'NONE', #1118, #135, #5017, .T. ) ;
#2662 = SURFACE_STYLE_FILL_AREA ( #1418 ) ;
#2663 = LINE ( 'NONE', #362, #1465 ) ;
#2664 = DIRECTION ( 'NONE',  ( -1.000000000000000000, 0.000000000000000000, -3.700743415417181631E-15 ) ) ;
#2665 = AXIS2_PLACEMENT_3D ( 'NONE', #392, #3543, #1905 ) ;
#2666 = LINE ( 'NONE', #3106, #249 ) ;
#2667 = VERTEX_POINT ( 'NONE', #1198 ) ;
#2668 = COLOUR_RGB ( '',0.9215686274509803377, 0.9215686274509803377, 0.9215686274509803377 ) ;
#2669 = SURFACE_SIDE_STYLE ('',( #1422 ) ) ;
#2670 = ORIENTED_EDGE ( 'NONE', *, *, #1168, .T. ) ;
#2671 = CARTESIAN_POINT ( 'NONE',  ( 0.6307762018350097089, 62.10313945014733150, 18.02706020235922679 ) ) ;
#2672 = DIRECTION ( 'NONE',  ( -0.000000000000000000, -1.000000000000000000, -0.000000000000000000 ) ) ;
#2673 = AXIS2_PLACEMENT_3D ( 'NONE', #660, #4649, #3409 ) ;
#2674 = ORIENTED_EDGE ( 'NONE', *, *, #1486, .F. ) ;
#2675 = EDGE_CURVE ( 'NONE', #4928, #211, #3193, .T. ) ;
#2676 = MECHANICAL_DESIGN_GEOMETRIC_PRESENTATION_REPRESENTATION (  '', ( #280 ), #110 ) ;
#2677 = AXIS2_PLACEMENT_3D ( 'NONE', #1229, #2832, #466 ) ;
#2678 = ORIENTED_EDGE ( 'NONE', *, *, #1373, .F. ) ;
#2679 = CARTESIAN_POINT ( 'NONE',  ( 9.260794962088308324, 107.0088433782569837, 26.48591665305161058 ) ) ;
#2680 = CARTESIAN_POINT ( 'NONE',  ( -80.61302080720842866, 35.31608741023876519, 137.5099573205669117 ) ) ;
#2681 = ORIENTED_EDGE ( 'NONE', *, *, #1103, .F. ) ;
#2682 = LINE ( 'NONE', #5023, #3754 ) ;
#2683 =( GEOMETRIC_REPRESENTATION_CONTEXT ( 3 ) GLOBAL_UNCERTAINTY_ASSIGNED_CONTEXT ( ( #1525 ) ) GLOBAL_UNIT_ASSIGNED_CONTEXT ( ( #415, #4689, #2728 ) ) REPRESENTATION_CONTEXT ( 'NONE', 'WORKASPACE' ) );
#2684 = EDGE_CURVE ( 'NONE', #4888, #2687, #1249, .T. ) ;
#2685 = UNCERTAINTY_MEASURE_WITH_UNIT (LENGTH_MEASURE( 1.000000000000000082E-05 ), #3266, 'distance_accuracy_value', 'NONE');
#2686 = FILL_AREA_STYLE ('',( #3100 ) ) ;
#2687 = VERTEX_POINT ( 'NONE', #4053 ) ;
#2688 = CARTESIAN_POINT ( 'NONE',  ( -13.14393644060803545, 60.76386464928235398, 17.50995732056674825 ) ) ;
#2689 = SURFACE_SIDE_STYLE ('',( #1142 ) ) ;
#2690 = LINE ( 'NONE', #3505, #4726 ) ;
#2691 = B_SPLINE_CURVE_WITH_KNOTS ( 'NONE', 3,
 ( #564, #3003, #4900, #942, #2530, #2585, #1758, #2136, #3730, #3361, #3335, #3388 ),
 .UNSPECIFIED., .F., .F.,
 ( 4, 2, 2, 2, 2, 4 ),
 ( 0.000000000000000000, 0.002509622704188500895, 0.003764434056282729008, 0.005019245408376958421, 0.007528868112565414647, 0.01003849081675387174 ),
 .UNSPECIFIED. ) ;
#2692 = UNCERTAINTY_MEASURE_WITH_UNIT (LENGTH_MEASURE( 1.000000000000000082E-05 ), #461, 'distance_accuracy_value', 'NONE');
#2693 = SPHERICAL_SURFACE ( 'NONE', #1598, 19.99999999999999645 ) ;
#2694 = SURFACE_SIDE_STYLE ('',( #1123 ) ) ;
#2695 = ORIENTED_EDGE ( 'NONE', *, *, #1432, .T. ) ;
#2696 = EDGE_CURVE ( 'NONE', #2942, #2488, #1271, .T. ) ;
#2697 = CARTESIAN_POINT ( 'NONE',  ( -12.11167705983284115, 35.31608741023899256, 104.6266218876286018 ) ) ;
#2698 = EDGE_LOOP ( 'NONE', ( #2599, #4686 ) ) ;
#2699 =( NAMED_UNIT ( * ) PLANE_ANGLE_UNIT ( ) SI_UNIT ( $, .RADIAN. ) );
#2700 =( LENGTH_UNIT ( ) NAMED_UNIT ( * ) SI_UNIT ( .MILLI., .METRE. ) );
#2701 = EDGE_CURVE ( 'NONE', #2104, #1658, #918, .T. ) ;
#2702 = LINE ( 'NONE', #5116, #1908 ) ;
#2703 = COLOUR_RGB ( '',1.000000000000000000, 1.000000000000000000, 1.000000000000000000 ) ;
#2704 = CARTESIAN_POINT ( 'NONE',  ( -35.86115507805501323, 51.31608741023972442, 35.50995732056697562 ) ) ;
#2705 = PRESENTATION_LAYER_ASSIGNMENT (  '', '', ( #2195 ) ) ;
#2706 = SURFACE_STYLE_FILL_AREA ( #4399 ) ;
#2707 = FILL_AREA_STYLE_COLOUR ( '', #2215 ) ;
#2708 = ORIENTED_EDGE ( 'NONE', *, *, #2457, .T. ) ;
#2709 = AXIS2_PLACEMENT_3D ( 'NONE', #42, #2345, #4753 ) ;
#2710 = CARTESIAN_POINT ( 'NONE',  ( -13.31013894534966013, 59.32341308798087454, 18.53394868635489345 ) ) ;
#2711 = COLOUR_RGB ( '',1.000000000000000000, 1.000000000000000000, 1.000000000000000000 ) ;
#2712 =( GEOMETRIC_REPRESENTATION_CONTEXT ( 3 ) GLOBAL_UNCERTAINTY_ASSIGNED_CONTEXT ( ( #311 ) ) GLOBAL_UNIT_ASSIGNED_CONTEXT ( ( #924, #1736, #3836 ) ) REPRESENTATION_CONTEXT ( 'NONE', 'WORKASPACE' ) );
#2713 = EDGE_CURVE ( 'NONE', #2391, #1336, #2087, .T. ) ;
#2714 = FILL_AREA_STYLE ('',( #3102 ) ) ;
#2715 = VECTOR ( 'NONE', #1923, 1000.000000000000227 ) ;
#2716 = ORIENTED_EDGE ( 'NONE', *, *, #294, .T. ) ;
#2717 = CARTESIAN_POINT ( 'NONE',  ( 0.4831336921697470532, 51.31608741023971021, 43.50995732056697562 ) ) ;
#2718 =( GEOMETRIC_REPRESENTATION_CONTEXT ( 3 ) GLOBAL_UNCERTAINTY_ASSIGNED_CONTEXT ( ( #4785 ) ) GLOBAL_UNIT_ASSIGNED_CONTEXT ( ( #3311, #204, #3778 ) ) REPRESENTATION_CONTEXT ( 'NONE', 'WORKASPACE' ) );
#2719 = DIRECTION ( 'NONE',  ( -0.2778678402913062340, 6.707968805866601013E-15, -0.9606193123875061968 ) ) ;
#2720 = VECTOR ( 'NONE', #4940, 1000.000000000000227 ) ;
#2721 = CARTESIAN_POINT ( 'NONE',  ( -11.15710555108033653, 63.62673108594334082, 17.50995732056675891 ) ) ;
#2722 = PRESENTATION_STYLE_ASSIGNMENT (( #5057 ) ) ;
#2723 =( GEOMETRIC_REPRESENTATION_CONTEXT ( 3 ) GLOBAL_UNCERTAINTY_ASSIGNED_CONTEXT ( ( #706 ) ) GLOBAL_UNIT_ASSIGNED_CONTEXT ( ( #2325, #2298, #1894 ) ) REPRESENTATION_CONTEXT ( 'NONE', 'WORKASPACE' ) );
#2724 = CARTESIAN_POINT ( 'NONE',  ( 20.30111724930317152, 38.31608741023917730, 77.86438350907972961 ) ) ;
#2725 = VERTEX_POINT ( 'NONE', #4850 ) ;
#2726 = CIRCLE ( 'NONE', #3712, 2.099999999999990763 ) ;
#2727 = CARTESIAN_POINT ( 'NONE',  ( -5.861155078055012346, 51.31608741023971731, 39.50995732056697562 ) ) ;
#2728 =( NAMED_UNIT ( * ) SI_UNIT ( $, .STERADIAN. ) SOLID_ANGLE_UNIT ( ) );
#2729 = SURFACE_SIDE_STYLE ('',( #1949 ) ) ;
#2730 = FACE_OUTER_BOUND ( 'NONE', #5132, .T. ) ;
#2731 = LINE ( 'NONE', #1539, #4554 ) ;
#2732 = EDGE_CURVE ( 'NONE', #1720, #4661, #869, .T. ) ;
#2733 = FILL_AREA_STYLE_COLOUR ( '', #2214 ) ;
#2734 = EDGE_LOOP ( 'NONE', ( #2509, #3556, #4589, #413 ) ) ;
#2735 = APPLICATION_CONTEXT ( 'automotive_design' ) ;
#2736 =( NAMED_UNIT ( * ) PLANE_ANGLE_UNIT ( ) SI_UNIT ( $, .RADIAN. ) );
#2737 = CARTESIAN_POINT ( 'NONE',  ( 24.17078192250341928, 45.31608741023888598, 120.0329000428977793 ) ) ;
#2738 = CARTESIAN_POINT ( 'NONE',  ( -30.86115507805515534, 38.31608741023944731, 39.50995732056712484 ) ) ;
#2739 = DIRECTION ( 'NONE',  ( 0.9606193123875089723, 1.940340758083409727E-15, -0.2778678402912962420 ) ) ;
#2740 = ORIENTED_EDGE ( 'NONE', *, *, #1927, .F. ) ;
#2741 = MECHANICAL_DESIGN_GEOMETRIC_PRESENTATION_REPRESENTATION (  '', ( #4833 ), #3735 ) ;
#2742 = CARTESIAN_POINT ( 'NONE',  ( 29.35492585898175477, 38.31608741023895703, 109.1643835090797552 ) ) ;
#2743 = EDGE_CURVE ( 'NONE', #694, #2725, #464, .T. ) ;
#2744 = DIRECTION ( 'NONE',  ( -1.000000000000000000, -0.000000000000000000, -0.000000000000000000 ) ) ;
#2745 = DIRECTION ( 'NONE',  ( -3.491481338843133355E-15, -6.982962677686266711E-15, 1.000000000000000000 ) ) ;
#2746 = VERTEX_POINT ( 'NONE', #2450 ) ;
#2747 = VECTOR ( 'NONE', #2233, 1000.000000000000000 ) ;
#2748 = AXIS2_PLACEMENT_3D ( 'NONE', #4796, #2829, #1226 ) ;
#2749 = CARTESIAN_POINT ( 'NONE',  ( 8.204276957424143646, 100.0815044817044992, 27.90795896979453872 ) ) ;
#2750 = PLANE ( 'NONE',  #2346 ) ;
#2751 = DIRECTION ( 'NONE',  ( 1.000000000000000000, 0.000000000000000000, 0.000000000000000000 ) ) ;
#2752 = CARTESIAN_POINT ( 'NONE',  ( 13.11453579222220078, 45.31608741023864440, 153.7311177574588328 ) ) ;
#2753 = DIRECTION ( 'NONE',  ( 1.000000000000000000, 0.000000000000000000, 6.608470384673580212E-15 ) ) ;
#2754 = FILL_AREA_STYLE_COLOUR ( '', #2458 ) ;
#2755 = PRESENTATION_STYLE_ASSIGNMENT (( #2807 ) ) ;
#2756 = FILL_AREA_STYLE_COLOUR ( '', #1898 ) ;
#2757 = EDGE_CURVE ( 'NONE', #1108, #135, #3244, .T. ) ;
#2758 = STYLED_ITEM ( 'NONE', ( #4690 ), #1528 ) ;
#2759 = FACE_OUTER_BOUND ( 'NONE', #4296, .T. ) ;
#2760 = STYLED_ITEM ( 'NONE', ( #3385 ), #3295 ) ;
#2761 = CARTESIAN_POINT ( 'NONE',  ( -13.36115507805514824, -33.20237785007919484, 39.50995732056668430 ) ) ;
#2762 = CARTESIAN_POINT ( 'NONE',  ( 9.138844921944986766, 105.3160874102397031, 19.50995732056695076 ) ) ;
#2763 = STYLED_ITEM ( 'NONE', ( #324 ), #1217 ) ;
#2764 = CARTESIAN_POINT ( 'NONE',  ( -9.840717651657646670, 90.81880102291292189, 48.39932922269685633 ) ) ;
#2765 = VERTEX_POINT ( 'NONE', #1644 ) ;
#2766 = LINE ( 'NONE', #3960, #3831 ) ;
#2767 = DIRECTION ( 'NONE',  ( -0.000000000000000000, 1.000000000000000000, -0.000000000000000000 ) ) ;
#2768 = DIRECTION ( 'NONE',  ( -0.000000000000000000, -1.000000000000000000, -0.000000000000000000 ) ) ;
#2769 = CARTESIAN_POINT ( 'NONE',  ( -12.67879421832991937, 61.45125965536450963, 18.19231427317424021 ) ) ;
#2770 = DIRECTION ( 'NONE',  ( -0.000000000000000000, 0.9999999999999272804, 3.813120807605075184E-07 ) ) ;
#2771 = ORIENTED_EDGE ( 'NONE', *, *, #3598, .F. ) ;
#2772 = CARTESIAN_POINT ( 'NONE',  ( -5.861155078055005241, 108.3160874102397315, 39.50995732056697562 ) ) ;
#2773 = SURFACE_STYLE_USAGE ( .BOTH. , #3893 ) ;
#2774 = EDGE_CURVE ( 'NONE', #1311, #1031, #4939, .T. ) ;
#2775 = FILL_AREA_STYLE_COLOUR ( '', #4673 ) ;
#2776 = LINE ( 'NONE', #3593, #1455 ) ;
#2777 = LINE ( 'NONE', #1541, #1637 ) ;
#2778 = CARTESIAN_POINT ( 'NONE',  ( 9.138844921944951238, 38.31608741023972442, 14.50995732056697207 ) ) ;
#2779 = CIRCLE ( 'NONE', #4789, 7.500000000000000000 ) ;
#2780 =( NAMED_UNIT ( * ) PLANE_ANGLE_UNIT ( ) SI_UNIT ( $, .RADIAN. ) );
#2781 =( LENGTH_UNIT ( ) NAMED_UNIT ( * ) SI_UNIT ( .MILLI., .METRE. ) );
#2782 = VERTEX_POINT ( 'NONE', #4911 ) ;
#2783 =( GEOMETRIC_REPRESENTATION_CONTEXT ( 3 ) GLOBAL_UNCERTAINTY_ASSIGNED_CONTEXT ( ( #3878 ) ) GLOBAL_UNIT_ASSIGNED_CONTEXT ( ( #3681, #4915, #2145 ) ) REPRESENTATION_CONTEXT ( 'NONE', 'WORKASPACE' ) );
#2784 = ORIENTED_EDGE ( 'NONE', *, *, #4480, .T. ) ;
#2785 =( NAMED_UNIT ( * ) SI_UNIT ( $, .STERADIAN. ) SOLID_ANGLE_UNIT ( ) );
#2786 =( NAMED_UNIT ( * ) SI_UNIT ( $, .STERADIAN. ) SOLID_ANGLE_UNIT ( ) );
#2787 = VERTEX_POINT ( 'NONE', #4001 ) ;
#2788 = VECTOR ( 'NONE', #2320, 1000.000000000000000 ) ;
#2789 = ADVANCED_FACE ( 'NONE', ( #4469 ), #2425, .F. ) ;
#2790 = UNCERTAINTY_MEASURE_WITH_UNIT (LENGTH_MEASURE( 1.000000000000000082E-05 ), #3764, 'distance_accuracy_value', 'NONE');
#2791 = STYLED_ITEM ( 'NONE', ( #445 ), #2883 ) ;
#2792 = CARTESIAN_POINT ( 'NONE',  ( -85.61302080720817287, 35.31608741023928388, 62.50995732056691168 ) ) ;
#2793 = DIRECTION ( 'NONE',  ( 0.000000000000000000, -1.000000000000000000, -6.982962677686266711E-15 ) ) ;
#2794 = VECTOR ( 'NONE', #1317, 1000.000000000000000 ) ;
#2795 = VERTEX_POINT ( 'NONE', #4104 ) ;
#2796 = DIRECTION ( 'NONE',  ( 0.000000000000000000, 2.891205793294676354E-16, -1.000000000000000000 ) ) ;
#2797 = AXIS2_PLACEMENT_3D ( 'NONE', #945, #1320, #177 ) ;
#2798 = CARTESIAN_POINT ( 'NONE',  ( -15.82497043198365816, 94.09278893206739269, 29.57671375662744850 ) ) ;
#2799 = COLOUR_RGB ( '',0.9215686274509803377, 0.9215686274509803377, 0.9215686274509803377 ) ;
#2800 = FACE_OUTER_BOUND ( 'NONE', #3748, .T. ) ;
#2801 = DIRECTION ( 'NONE',  ( -3.491481338843133355E-15, -6.982962677686266711E-15, 1.000000000000000000 ) ) ;
#2802 = CIRCLE ( 'NONE', #4137, 7.500000000000000000 ) ;
#2803 = FACE_BOUND ( 'NONE', #3688, .T. ) ;
#2804 = FILL_AREA_STYLE_COLOUR ( '', #3161 ) ;
#2805 = STYLED_ITEM ( 'NONE', ( #2221 ), #3769 ) ;
#2806 = DIRECTION ( 'NONE',  ( -0.000000000000000000, -0.000000000000000000, 1.000000000000000000 ) ) ;
#2807 = SURFACE_STYLE_USAGE ( .BOTH. , #3922 ) ;
#2808 = FACE_OUTER_BOUND ( 'NONE', #23, .T. ) ;
#2809 = ADVANCED_FACE ( 'NONE', ( #3566 ), #35, .F. ) ;
#2810 = AXIS2_PLACEMENT_3D ( 'NONE', #3910, #3829, #4733 ) ;
#2811 = CARTESIAN_POINT ( 'NONE',  ( -22.86115507805497415, 108.3160874102397315, 57.84026010039035981 ) ) ;
#2812 =( NAMED_UNIT ( * ) SI_UNIT ( $, .STERADIAN. ) SOLID_ANGLE_UNIT ( ) );
#2813 = LINE ( 'NONE', #3547, #1449 ) ;
#2814 = AXIS2_PLACEMENT_3D ( 'NONE', #5084, #1445, #3058 ) ;
#2815 = DIRECTION ( 'NONE',  ( -1.000000000000000000, 0.000000000000000000, -5.551115123125777969E-15 ) ) ;
#2816 = ORIENTED_EDGE ( 'NONE', *, *, #4585, .T. ) ;
#2817 = FILL_AREA_STYLE_COLOUR ( '', #3560 ) ;
#2818 = VERTEX_POINT ( 'NONE', #2985 ) ;
#2819 = FILL_AREA_STYLE ('',( #4457 ) ) ;
#2820 = DIRECTION ( 'NONE',  ( 3.491481338843133355E-15, 6.982962677686266711E-15, -1.000000000000000000 ) ) ;
#2821 = AXIS2_PLACEMENT_3D ( 'NONE', #4868, #4762, #787 ) ;
#2822 = EDGE_CURVE ( 'NONE', #4928, #150, #2490, .T. ) ;
#2823 = ORIENTED_EDGE ( 'NONE', *, *, #4240, .F. ) ;
#2824 = FACE_OUTER_BOUND ( 'NONE', #3586, .T. ) ;
#2825 = CARTESIAN_POINT ( 'NONE',  ( 9.138844921945024069, 104.3339646513197465, 26.85454112253506409 ) ) ;
#2826 =( GEOMETRIC_REPRESENTATION_CONTEXT ( 3 ) GLOBAL_UNCERTAINTY_ASSIGNED_CONTEXT ( ( #861 ) ) GLOBAL_UNIT_ASSIGNED_CONTEXT ( ( #4365, #418, #3676 ) ) REPRESENTATION_CONTEXT ( 'NONE', 'WORKASPACE' ) );
#2827 = DIRECTION ( 'NONE',  ( 1.000000000000000000, -0.000000000000000000, -0.000000000000000000 ) ) ;
#2828 = FACE_OUTER_BOUND ( 'NONE', #4121, .T. ) ;
#2829 = DIRECTION ( 'NONE',  ( 0.000000000000000000, -1.000000000000000000, -6.982962677686266711E-15 ) ) ;
#2830 = SURFACE_SIDE_STYLE ('',( #4421 ) ) ;
#2831 =( GEOMETRIC_REPRESENTATION_CONTEXT ( 3 ) GLOBAL_UNCERTAINTY_ASSIGNED_CONTEXT ( ( #762 ) ) GLOBAL_UNIT_ASSIGNED_CONTEXT ( ( #3906, #2216, #4729 ) ) REPRESENTATION_CONTEXT ( 'NONE', 'WORKASPACE' ) );
#2832 = DIRECTION ( 'NONE',  ( 0.9606193123875061968, 1.940340758083479541E-15, -0.2778678402913062340 ) ) ;
#2833 = SURFACE_SIDE_STYLE ('',( #2406 ) ) ;
#2834 = CARTESIAN_POINT ( 'NONE',  ( 1.682457003597755740, 60.04731804331908052, 17.50995732056685483 ) ) ;
#2835 = DIRECTION ( 'NONE',  ( -1.000000000000000000, 0.000000000000000000, 0.000000000000000000 ) ) ;
#2836 = CARTESIAN_POINT ( 'NONE',  ( -17.73549716509277729, 38.31608741023972442, 17.50995732056671628 ) ) ;
#2837 = PRESENTATION_STYLE_ASSIGNMENT (( #3953 ) ) ;
#2838 = FILL_AREA_STYLE ('',( #5129 ) ) ;
#2839 = ORIENTED_EDGE ( 'NONE', *, *, #3314, .T. ) ;
#2840 = AXIS2_PLACEMENT_3D ( 'NONE', #1027, #4161, #2542 ) ;
#2841 = DIRECTION ( 'NONE',  ( 0.000000000000000000, -1.000000000000000000, 0.000000000000000000 ) ) ;
#2842 = ADVANCED_FACE ( 'NONE', ( #2190 ), #240, .F. ) ;
#2843 = VERTEX_POINT ( 'NONE', #5037 ) ;
#2844 = UNCERTAINTY_MEASURE_WITH_UNIT (LENGTH_MEASURE( 1.000000000000000082E-05 ), #274, 'distance_accuracy_value', 'NONE');
#2845 = CARTESIAN_POINT ( 'NONE',  ( 6.258945653378970242, 96.46934016776172882, 17.64260378485813874 ) ) ;
#2846 = ORIENTED_EDGE ( 'NONE', *, *, #784, .T. ) ;
#2847 = ADVANCED_FACE ( 'NONE', ( #4523 ), #183, .F. ) ;
#2848 = CARTESIAN_POINT ( 'NONE',  ( -30.53908043656113591, 88.31608741023971731, 43.50995732056698273 ) ) ;
#2849 = FACE_BOUND ( 'NONE', #3925, .T. ) ;
#2850 = CARTESIAN_POINT ( 'NONE',  ( -5.861155078055011458, 108.3160874102397315, 47.00995732056697562 ) ) ;
#2851 = LINE ( 'NONE', #2088, #1743 ) ;
#2852 = CARTESIAN_POINT ( 'NONE',  ( -82.11302080720842866, 38.31608741023878650, 134.0099573205669401 ) ) ;
#2853 = EDGE_CURVE ( 'NONE', #4262, #2389, #1082, .T. ) ;
#2854 =( NAMED_UNIT ( * ) SI_UNIT ( $, .STERADIAN. ) SOLID_ANGLE_UNIT ( ) );
#2855 = CARTESIAN_POINT ( 'NONE',  ( -0.09578282398125245733, 63.50216949755170504, 16.62472908357309720 ) ) ;
#2856 = ORIENTED_EDGE ( 'NONE', *, *, #1215, .T. ) ;
#2857 = DIRECTION ( 'NONE',  ( 0.2778678402913064560, -6.308085367188442503E-15, 0.9606193123875060857 ) ) ;
#2858 = ORIENTED_EDGE ( 'NONE', *, *, #2713, .T. ) ;
#2859 = CYLINDRICAL_SURFACE ( 'NONE', #4975, 1.499999999999994449 ) ;
#2860 = CARTESIAN_POINT ( 'NONE',  ( 9.138844921944951238, 105.3160874102397031, 52.39405604729213906 ) ) ;
#2861 = VERTEX_POINT ( 'NONE', #2252 ) ;
#2862 = CARTESIAN_POINT ( 'NONE',  ( -11.79143021859888663, 62.93372718329795390, 17.76800375249730024 ) ) ;
#2863 = DIRECTION ( 'NONE',  ( 1.000000000000000000, 0.000000000000000000, 6.608470384673580212E-15 ) ) ;
#2864 = ADVANCED_FACE ( 'NONE', ( #5062 ), #1452, .F. ) ;
#2865 = DIRECTION ( 'NONE',  ( 0.9606193123875061968, 1.940340758083479541E-15, -0.2778678402913062340 ) ) ;
#2866 = VERTEX_POINT ( 'NONE', #3299 ) ;
#2867 = STYLED_ITEM ( 'NONE', ( #1337 ), #4994 ) ;
#2868 = SURFACE_STYLE_USAGE ( .BOTH. , #1222 ) ;
#2869 = FACE_OUTER_BOUND ( 'NONE', #2009, .T. ) ;
#2870 = CIRCLE ( 'NONE', #4546, 2.200000000000007283 ) ;
#2871 = CARTESIAN_POINT ( 'NONE',  ( 9.138844921944951238, 106.3160874102397315, 52.58665415118903752 ) ) ;
#2872 = DIRECTION ( 'NONE',  ( -0.000000000000000000, -1.000000000000000000, -0.000000000000000000 ) ) ;
#2873 = CARTESIAN_POINT ( 'NONE',  ( -13.36115507805554792, -33.20237785007998355, 153.7311177574582075 ) ) ;
#2874 = MECHANICAL_DESIGN_GEOMETRIC_PRESENTATION_REPRESENTATION (  '', ( #231 ), #235 ) ;
#2875 = CYLINDRICAL_SURFACE ( 'NONE', #4050, 2.200000000000007283 ) ;
#2876 = DIRECTION ( 'NONE',  ( 0.000000000000000000, -6.505213034913026604E-16, 1.000000000000000000 ) ) ;
#2877 = CARTESIAN_POINT ( 'NONE',  ( -15.36115507805501501, 88.31608741023971731, 18.56359725491356372 ) ) ;
#2878 = PRESENTATION_LAYER_ASSIGNMENT (  '', '', ( #5149 ) ) ;
#2879 = AXIS2_PLACEMENT_3D ( 'NONE', #4449, #499, #2071 ) ;
#2880 = DIRECTION ( 'NONE',  ( -1.000000000000000000, 0.000000000000000000, -3.469446951953614189E-15 ) ) ;
#2881 = PRESENTATION_LAYER_ASSIGNMENT (  '', '', ( #4385 ) ) ;
#2882 = CIRCLE ( 'NONE', #2635, 1.499999999999987566 ) ;
#2883 = ADVANCED_FACE ( 'NONE', ( #4445 ), #1691, .T. ) ;
#2884 = CARTESIAN_POINT ( 'NONE',  ( -0.2743721109740533959, 63.68313390798562068, 16.56384345402844360 ) ) ;
#2885 = ORIENTED_EDGE ( 'NONE', *, *, #4311, .T. ) ;
#2886 = ORIENTED_EDGE ( 'NONE', *, *, #5103, .T. ) ;
#2887 = COLOUR_RGB ( '',0.9215686274509803377, 0.9215686274509803377, 0.9215686274509803377 ) ;
#2888 = VECTOR ( 'NONE', #66, 1000.000000000000000 ) ;
#2889 = CARTESIAN_POINT ( 'NONE',  ( 1.638844921944467403, -33.20237785007998355, 153.7311177574582644 ) ) ;
#2890 = EDGE_LOOP ( 'NONE', ( #2495, #307, #2708, #2926 ) ) ;
#2891 = FILL_AREA_STYLE ('',( #3664 ) ) ;
#2892 = CARTESIAN_POINT ( 'NONE',  ( -22.47832458283378898, 108.2900304920765393, 28.37473648946063420 ) ) ;
#2893 = VERTEX_POINT ( 'NONE', #2065 ) ;
#2894 = CARTESIAN_POINT ( 'NONE',  ( -11.44785907885419896, 63.68321373606660529, 16.56381681054218191 ) ) ;
#2895 = UNCERTAINTY_MEASURE_WITH_UNIT (LENGTH_MEASURE( 1.000000000000000082E-05 ), #236, 'distance_accuracy_value', 'NONE');
#2896 = FILL_AREA_STYLE ('',( #4612 ) ) ;
#2897 = CARTESIAN_POINT ( 'NONE',  ( 12.61616275020310418, 45.31608741023916309, 80.08732623141014528 ) ) ;
#2898 = ORIENTED_EDGE ( 'NONE', *, *, #1757, .F. ) ;
#2899 = EDGE_CURVE ( 'NONE', #3160, #4086, #2543, .T. ) ;
#2900 = FACE_OUTER_BOUND ( 'NONE', #258, .T. ) ;
#2901 = SURFACE_STYLE_FILL_AREA ( #4100 ) ;
#2902 =( LENGTH_UNIT ( ) NAMED_UNIT ( * ) SI_UNIT ( .MILLI., .METRE. ) );
#2903 = AXIS2_PLACEMENT_3D ( 'NONE', #4874, #1268, #3291 ) ;
#2904 = CARTESIAN_POINT ( 'NONE',  ( 10.75601442672377495, 108.2900304920765393, 50.64517815167335613 ) ) ;
#2905 = CARTESIAN_POINT ( 'NONE',  ( -35.86115507805501323, 51.31608741023971731, 43.50995732056697562 ) ) ;
#2906 = VERTEX_POINT ( 'NONE', #3571 ) ;
#2907 = DIRECTION ( 'NONE',  ( -3.491481338843133355E-15, -6.982962677686266711E-15, 1.000000000000000000 ) ) ;
#2908 = MECHANICAL_DESIGN_GEOMETRIC_PRESENTATION_REPRESENTATION (  '', ( #2658 ), #2826 ) ;
#2909 = DIRECTION ( 'NONE',  ( 0.000000000000000000, -1.000000000000000000, -6.982962677686266711E-15 ) ) ;
#2910 = CARTESIAN_POINT ( 'NONE',  ( -21.75323529678470180, 108.0013727604785601, 58.81036984128144240 ) ) ;
#2911 = VECTOR ( 'NONE', #2321, 1000.000000000000000 ) ;
#2912 = CARTESIAN_POINT ( 'NONE',  ( 1.588255534908260991, 59.31747368649979535, 18.53420871112761503 ) ) ;
#2913 = ORIENTED_EDGE ( 'NONE', *, *, #3394, .T. ) ;
#2914 = ORIENTED_EDGE ( 'NONE', *, *, #1732, .F. ) ;
#2915 = VECTOR ( 'NONE', #1852, 1000.000000000000000 ) ;
#2916 = EDGE_CURVE ( 'NONE', #3096, #2536, #2657, .T. ) ;
#2917 =( LENGTH_UNIT ( ) NAMED_UNIT ( * ) SI_UNIT ( .MILLI., .METRE. ) );
#2918 = ORIENTED_EDGE ( 'NONE', *, *, #4047, .F. ) ;
#2919 = EDGE_CURVE ( 'NONE', #2591, #686, #4400, .T. ) ;
#2920 = CARTESIAN_POINT ( 'NONE',  ( -4.885892606092855139, 90.33945169720661283, 48.23580803395554994 ) ) ;
#2921 = ORIENTED_EDGE ( 'NONE', *, *, #2661, .F. ) ;
#2922 = SURFACE_STYLE_USAGE ( .BOTH. , #1727 ) ;
#2923 = DIRECTION ( 'NONE',  ( -0.000000000000000000, -0.000000000000000000, -1.000000000000000000 ) ) ;
#2924 = ADVANCED_BREP_SHAPE_REPRESENTATION ( 'l2v2', ( #1130, #4604, #3370 ), #139 ) ;
#2925 = CARTESIAN_POINT ( 'NONE',  ( -13.61167705983283582, 35.31608741023899256, 104.6266218876286018 ) ) ;
#2926 = ORIENTED_EDGE ( 'NONE', *, *, #2332, .T. ) ;
#2927 = VECTOR ( 'NONE', #215, 1000.000000000000000 ) ;
#2928 = VECTOR ( 'NONE', #4578, 1000.000000000000000 ) ;
#2929 = DIRECTION ( 'NONE',  ( 0.9606193123875093054, 1.940340758083407360E-15, -0.2778678402912958534 ) ) ;
#2930 = CARTESIAN_POINT ( 'NONE',  ( -19.43117336854863808, 98.87416536964127545, 60.51131714581958931 ) ) ;
#2931 = CARTESIAN_POINT ( 'NONE',  ( 20.51197919279169923, 35.31608741023904230, 97.00995732056729537 ) ) ;
#2932 = CARTESIAN_POINT ( 'NONE',  ( -55.11167705983285003, 38.31608741023898546, 104.6266218876284597 ) ) ;
#2933 =( NAMED_UNIT ( * ) SI_UNIT ( $, .STERADIAN. ) SOLID_ANGLE_UNIT ( ) );
#2934 = ORIENTED_EDGE ( 'NONE', *, *, #3655, .T. ) ;
#2935 = LINE ( 'NONE', #1664, #1990 ) ;
#2936 = DIRECTION ( 'NONE',  ( 0.000000000000000000, -1.000000000000000000, 0.000000000000000000 ) ) ;
#2937 = EDGE_CURVE ( 'NONE', #2522, #1482, #321, .T. ) ;
#2938 = CARTESIAN_POINT ( 'NONE',  ( 1.423905032761894063, 60.75849866577563319, 17.50995732056685128 ) ) ;
#2939 = DIRECTION ( 'NONE',  ( -7.979727989493312634E-15, 0.000000000000000000, -1.000000000000000000 ) ) ;
#2940 = CARTESIAN_POINT ( 'NONE',  ( 0.2106441010604752639, 62.72560163559054303, 17.83315071071556801 ) ) ;
#2941 = VERTEX_POINT ( 'NONE', #3347 ) ;
#2942 = VERTEX_POINT ( 'NONE', #3814 ) ;
#2943 = ORIENTED_EDGE ( 'NONE', *, *, #4980, .T. ) ;
#2944 = CARTESIAN_POINT ( 'NONE',  ( 13.86656803151394612, 41.81608741023912756, 84.41011313715394238 ) ) ;
#2945 = CARTESIAN_POINT ( 'NONE',  ( -22.08048791961686064, 108.1608642092615753, 27.80780206551575873 ) ) ;
#2946 = ORIENTED_EDGE ( 'NONE', *, *, #149, .T. ) ;
#2947 = UNCERTAINTY_MEASURE_WITH_UNIT (LENGTH_MEASURE( 1.000000000000000082E-05 ), #3070, 'distance_accuracy_value', 'NONE');
#2948 = AXIS2_PLACEMENT_3D ( 'NONE', #3887, #690, #2274 ) ;
#2949 = ORIENTED_EDGE ( 'NONE', *, *, #2177, .T. ) ;
#2950 = EDGE_CURVE ( 'NONE', #4678, #1679, #875, .T. ) ;
#2951 = CARTESIAN_POINT ( 'NONE',  ( -5.861155078055012346, 108.3160874102397315, 39.50995732056697562 ) ) ;
#2952 = COLOUR_RGB ( '',1.000000000000000000, 1.000000000000000000, 1.000000000000000000 ) ;
#2953 = CARTESIAN_POINT ( 'NONE',  ( -1.467756191004612853, 65.81609001472912723, 32.00995732056674825 ) ) ;
#2954 = SURFACE_STYLE_FILL_AREA ( #596 ) ;
#2955 = COLOUR_RGB ( '',0.9215686274509803377, 0.9215686274509803377, 0.9215686274509803377 ) ;
#2956 = VERTEX_POINT ( 'NONE', #188 ) ;
#2957 = CARTESIAN_POINT ( 'NONE',  ( -5.861155078054975931, 105.3160874102397031, 14.50995732056697207 ) ) ;
#2958 = SURFACE_STYLE_USAGE ( .BOTH. , #4962 ) ;
#2959 =( NAMED_UNIT ( * ) SI_UNIT ( $, .STERADIAN. ) SOLID_ANGLE_UNIT ( ) );
#2960 = AXIS2_PLACEMENT_3D ( 'NONE', #4603, #1762, #571 ) ;
#2961 = DIRECTION ( 'NONE',  ( 3.472652235214393533E-07, 0.9999999999999275024, 1.574984681402095777E-07 ) ) ;
#2962 =( NAMED_UNIT ( * ) SI_UNIT ( $, .STERADIAN. ) SOLID_ANGLE_UNIT ( ) );
#2963 = VECTOR ( 'NONE', #1678, 1000.000000000000227 ) ;
#2964 = CARTESIAN_POINT ( 'NONE',  ( 1.891501254126445319, 59.29267354848572324, 17.48494024436138972 ) ) ;
#2965 = EDGE_CURVE ( 'NONE', #572, #2598, #1745, .T. ) ;
#2966 = VERTEX_POINT ( 'NONE', #164 ) ;
#2967 = EDGE_LOOP ( 'NONE', ( #5120, #4145 ) ) ;
#2968 = DIRECTION ( 'NONE',  ( 0.000000000000000000, -1.000000000000000000, -6.982962677686266711E-15 ) ) ;
#2969 = CARTESIAN_POINT ( 'NONE',  ( 7.167150215996702656, 97.86614377618784033, 50.52421468554474870 ) ) ;
#2970 = ORIENTED_EDGE ( 'NONE', *, *, #304, .F. ) ;
#2971 = CARTESIAN_POINT ( 'NONE',  ( -11.85978762383777863, 62.84536812570424757, 17.25478261353176990 ) ) ;
#2972 = FILL_AREA_STYLE_COLOUR ( '', #2308 ) ;
#2973 = PRESENTATION_LAYER_ASSIGNMENT (  '', '', ( #248 ) ) ;
#2974 =( GEOMETRIC_REPRESENTATION_CONTEXT ( 3 ) GLOBAL_UNCERTAINTY_ASSIGNED_CONTEXT ( ( #5055 ) ) GLOBAL_UNIT_ASSIGNED_CONTEXT ( ( #975, #595, #3007 ) ) REPRESENTATION_CONTEXT ( 'NONE', 'WORKASPACE' ) );
#2975 = EDGE_CURVE ( 'NONE', #1400, #4180, #393, .T. ) ;
#2976 = CARTESIAN_POINT ( 'NONE',  ( -31.56402080720819470, 41.81608741023926257, 65.75995732056716747 ) ) ;
#2977 = VERTEX_POINT ( 'NONE', #1771 ) ;
#2978 = FILL_AREA_STYLE ('',( #4576 ) ) ;
#2979 = SURFACE_STYLE_USAGE ( .BOTH. , #1023 ) ;
#2980 = AXIS2_PLACEMENT_3D ( 'NONE', #4293, #824, #351 ) ;
#2981 = SURFACE_SIDE_STYLE ('',( #643 ) ) ;
#2982 = EDGE_CURVE ( 'NONE', #4197, #2154, #4559, .T. ) ;
#2983 = CARTESIAN_POINT ( 'NONE',  ( -5.861155078055012346, 48.31608741023972442, 39.50995732056697562 ) ) ;
#2984 = ORIENTED_EDGE ( 'NONE', *, *, #3761, .F. ) ;
#2985 = CARTESIAN_POINT ( 'NONE',  ( 1.638844921944987876, 48.31608741023972442, 35.50995732056697562 ) ) ;
#2986 = DIRECTION ( 'NONE',  ( 0.000000000000000000, 0.000000000000000000, 1.000000000000000000 ) ) ;
#2987 = LINE ( 'NONE', #673, #1453 ) ;
#2988 = COLOUR_RGB ( '',1.000000000000000000, 1.000000000000000000, 1.000000000000000000 ) ;
#2989 =( NAMED_UNIT ( * ) SI_UNIT ( $, .STERADIAN. ) SOLID_ANGLE_UNIT ( ) );
#2990 = ORIENTED_EDGE ( 'NONE', *, *, #1646, .T. ) ;
#2991 =( NAMED_UNIT ( * ) SI_UNIT ( $, .STERADIAN. ) SOLID_ANGLE_UNIT ( ) );
#2992 = DIRECTION ( 'NONE',  ( 1.000000000000000000, -2.680358573675013083E-29, 3.838426034038494774E-15 ) ) ;
#2993 = ORIENTED_EDGE ( 'NONE', *, *, #4542, .F. ) ;
#2994 =( GEOMETRIC_REPRESENTATION_CONTEXT ( 3 ) GLOBAL_UNCERTAINTY_ASSIGNED_CONTEXT ( ( #3469 ) ) GLOBAL_UNIT_ASSIGNED_CONTEXT ( ( #2207, #3944, #12 ) ) REPRESENTATION_CONTEXT ( 'NONE', 'WORKASPACE' ) );
#2995 = CARTESIAN_POINT ( 'NONE',  ( -13.36115507805501323, 58.31609261921808240, 39.50995732056697562 ) ) ;
#2996 = DIRECTION ( 'NONE',  ( 0.000000000000000000, 0.000000000000000000, 1.000000000000000000 ) ) ;
#2997 = CARTESIAN_POINT ( 'NONE',  ( -13.66112207443555349, 58.80810882221195612, 17.51011167561372872 ) ) ;
#2998 = FILL_AREA_STYLE ('',( #2972 ) ) ;
#2999 = VECTOR ( 'NONE', #3249, 1000.000000000000000 ) ;
#3000 = UNCERTAINTY_MEASURE_WITH_UNIT (LENGTH_MEASURE( 1.000000000000000082E-05 ), #602, 'distance_accuracy_value', 'NONE');
#3001 = APPLICATION_CONTEXT ( 'automotive_design' ) ;
#3002 = ADVANCED_FACE ( 'NONE', ( #1385 ), #1428, .T. ) ;
#3003 = CARTESIAN_POINT ( 'NONE',  ( -20.86115507805497060, 104.4651267023924675, 19.50995732056695786 ) ) ;
#3004 = ORIENTED_EDGE ( 'NONE', *, *, #5078, .F. ) ;
#3005 =( NAMED_UNIT ( * ) PLANE_ANGLE_UNIT ( ) SI_UNIT ( $, .RADIAN. ) );
#3006 = UNCERTAINTY_MEASURE_WITH_UNIT (LENGTH_MEASURE( 1.000000000000000082E-05 ), #3214, 'distance_accuracy_value', 'NONE');
#3007 =( NAMED_UNIT ( * ) SI_UNIT ( $, .STERADIAN. ) SOLID_ANGLE_UNIT ( ) );
#3008 =( NAMED_UNIT ( * ) PLANE_ANGLE_UNIT ( ) SI_UNIT ( $, .RADIAN. ) );
#3009 = PRESENTATION_LAYER_ASSIGNMENT (  '', '', ( #3173 ) ) ;
#3010 = ORIENTED_EDGE ( 'NONE', *, *, #3885, .T. ) ;
#3011 = FILL_AREA_STYLE ('',( #1326 ) ) ;
#3012 = COLOUR_RGB ( '',1.000000000000000000, 1.000000000000000000, 1.000000000000000000 ) ;
#3013 = SURFACE_STYLE_FILL_AREA ( #1404 ) ;
#3014 = PLANE ( 'NONE',  #4598 ) ;
#3015 = CARTESIAN_POINT ( 'NONE',  ( -20.86115507805497415, 106.3160874102397315, 26.28120076524399096 ) ) ;
#3016 = EDGE_LOOP ( 'NONE', ( #5021, #1035, #3750, #4496 ) ) ;
#3017 = EDGE_CURVE ( 'NONE', #4945, #766, #3768, .T. ) ;
#3018 = ORIENTED_EDGE ( 'NONE', *, *, #2675, .T. ) ;
#3019 = DIRECTION ( 'NONE',  ( -0.000000000000000000, -1.000000000000000000, -6.982962677686266711E-15 ) ) ;
#3020 = DIRECTION ( 'NONE',  ( 0.000000000000000000, 0.000000000000000000, -1.000000000000000000 ) ) ;
#3021 = EDGE_LOOP ( 'NONE', ( #498, #167, #4067, #4969 ) ) ;
#3022 = LINE ( 'NONE', #963, #1193 ) ;
#3023 = SURFACE_STYLE_FILL_AREA ( #1810 ) ;
#3024 = CARTESIAN_POINT ( 'NONE',  ( -74.46302080720839456, 45.31608741023887177, 122.0099573205670538 ) ) ;
#3025 = DIRECTION ( 'NONE',  ( 1.000000000000000000, -2.438088387897967896E-29, 3.491481338843133355E-15 ) ) ;
#3026 = DIRECTION ( 'NONE',  ( 0.9606193123875061968, 1.940340758083479541E-15, -0.2778678402913062340 ) ) ;
#3027 = ORIENTED_EDGE ( 'NONE', *, *, #1373, .T. ) ;
#3028 = CARTESIAN_POINT ( 'NONE',  ( -13.52858972244412428, 59.57159108820522420, 17.50995732056674115 ) ) ;
#3029 = EDGE_CURVE ( 'NONE', #4166, #1824, #3701, .T. ) ;
#3030 = CARTESIAN_POINT ( 'NONE',  ( -5.861155078055005241, 108.3160874102397315, 39.50995732056697562 ) ) ;
#3031 = LINE ( 'NONE', #3316, #32 ) ;
#3032 = VERTEX_POINT ( 'NONE', #4140 ) ;
#3033 = ORIENTED_EDGE ( 'NONE', *, *, #1154, .T. ) ;
#3034 = PRESENTATION_LAYER_ASSIGNMENT (  '', '', ( #2612 ) ) ;
#3035 = CARTESIAN_POINT ( 'NONE',  ( 9.138844921944951238, 106.3160874102397315, 19.50995732056695076 ) ) ;
#3036 =( LENGTH_UNIT ( ) NAMED_UNIT ( * ) SI_UNIT ( .MILLI., .METRE. ) );
#3037 = SURFACE_STYLE_USAGE ( .BOTH. , #652 ) ;
#3038 = CARTESIAN_POINT ( 'NONE',  ( 6.501724099447200977, 96.78388317936396845, 61.24627293264064321 ) ) ;
#3039 = AXIS2_PLACEMENT_3D ( 'NONE', #2055, #79, #4873 ) ;
#3040 = CIRCLE ( 'NONE', #467, 7.500000000000000000 ) ;
#3041 = ORIENTED_EDGE ( 'NONE', *, *, #3408, .F. ) ;
#3042 = COLOUR_RGB ( '',1.000000000000000000, 1.000000000000000000, 1.000000000000000000 ) ;
#3043 =( NAMED_UNIT ( * ) PLANE_ANGLE_UNIT ( ) SI_UNIT ( $, .RADIAN. ) );
#3044 = FILL_AREA_STYLE_COLOUR ( '', #4989 ) ;
#3045 = ORIENTED_EDGE ( 'NONE', *, *, #5148, .T. ) ;
#3046 = STYLED_ITEM ( 'NONE', ( #2226 ), #1992 ) ;
#3047 = EDGE_CURVE ( 'NONE', #4454, #5082, #4976, .T. ) ;
#3048 = CARTESIAN_POINT ( 'NONE',  ( 39.38697919279157844, 35.31608741023880071, 132.5099573205673664 ) ) ;
#3049 = DIRECTION ( 'NONE',  ( 0.2778678402913064560, -6.308085367188442503E-15, 0.9606193123875060857 ) ) ;
#3050 =( LENGTH_UNIT ( ) NAMED_UNIT ( * ) SI_UNIT ( .MILLI., .METRE. ) );
#3051 = PRESENTATION_LAYER_ASSIGNMENT (  '', '', ( #1695 ) ) ;
#3052 = UNCERTAINTY_MEASURE_WITH_UNIT (LENGTH_MEASURE( 1.000000000000000082E-05 ), #1668, 'distance_accuracy_value', 'NONE');
#3053 = CIRCLE ( 'NONE', #799, 2.000000000000000000 ) ;
#3054 = DIRECTION ( 'NONE',  ( 0.000000000000000000, -1.000000000000000000, -6.982962677686266711E-15 ) ) ;
#3055 = VERTEX_POINT ( 'NONE', #3090 ) ;
#3056 = DIRECTION ( 'NONE',  ( 0.000000000000000000, -1.000000000000000000, -6.982962677686266711E-15 ) ) ;
#3057 = FILL_AREA_STYLE_COLOUR ( '', #1134 ) ;
#3058 = DIRECTION ( 'NONE',  ( 0.2778678402912977408, -6.308085367188459069E-15, 0.9606193123875086393 ) ) ;
#3059 = UNCERTAINTY_MEASURE_WITH_UNIT (LENGTH_MEASURE( 1.000000000000000082E-05 ), #4083, 'distance_accuracy_value', 'NONE');
#3060 = SURFACE_STYLE_USAGE ( .BOTH. , #2638 ) ;
#3061 = AXIS2_PLACEMENT_3D ( 'NONE', #3152, #4867, #2863 ) ;
#3062 =( LENGTH_UNIT ( ) NAMED_UNIT ( * ) SI_UNIT ( .MILLI., .METRE. ) );
#3063 = EDGE_LOOP ( 'NONE', ( #3336, #4522, #2184, #1362 ) ) ;
#3064 = DIRECTION ( 'NONE',  ( 0.000000000000000000, -1.000000000000000000, -6.982962677686266711E-15 ) ) ;
#3065 = ADVANCED_FACE ( 'NONE', ( #771 ), #1509, .F. ) ;
#3066 = VERTEX_POINT ( 'NONE', #5138 ) ;
#3067 = FILL_AREA_STYLE_COLOUR ( '', #2291 ) ;
#3068 = CARTESIAN_POINT ( 'NONE',  ( 9.642228829305928173, 107.6498325460636067, 19.89729705669462234 ) ) ;
#3069 = DIRECTION ( 'NONE',  ( 0.000000000000000000, 0.000000000000000000, 1.000000000000000000 ) ) ;
#3070 =( LENGTH_UNIT ( ) NAMED_UNIT ( * ) SI_UNIT ( .MILLI., .METRE. ) );
#3071 = EDGE_LOOP ( 'NONE', ( #535, #1712, #3188, #4687, #1907, #1341 ) ) ;
#3072 = LINE ( 'NONE', #3848, #2324 ) ;
#3073 = VERTEX_POINT ( 'NONE', #3139 ) ;
#3074 = AXIS2_PLACEMENT_3D ( 'NONE', #3282, #4899, #1806 ) ;
#3075 = DIRECTION ( 'NONE',  ( 0.000000000000000000, 0.000000000000000000, 1.000000000000000000 ) ) ;
#3076 = CARTESIAN_POINT ( 'NONE',  ( 30.60533114029264468, 41.81608741023892861, 113.4871704148235949 ) ) ;
#3077 =( GEOMETRIC_REPRESENTATION_CONTEXT ( 3 ) GLOBAL_UNCERTAINTY_ASSIGNED_CONTEXT ( ( #4255 ) ) GLOBAL_UNIT_ASSIGNED_CONTEXT ( ( #2358, #2780, #4747 ) ) REPRESENTATION_CONTEXT ( 'NONE', 'WORKASPACE' ) );
#3078 = EDGE_CURVE ( 'NONE', #2906, #4693, #1617, .T. ) ;
#3079 = PRESENTATION_STYLE_ASSIGNMENT (( #4303 ) ) ;
#3080 = EDGE_LOOP ( 'NONE', ( #2467, #1159, #3232, #2886 ) ) ;
#3081 = CARTESIAN_POINT ( 'NONE',  ( -82.46302080720836614, 41.81608741023890019, 117.5099573205669827 ) ) ;
#3082 = DIRECTION ( 'NONE',  ( -1.000000000000000000, 0.000000000000000000, 0.000000000000000000 ) ) ;
#3083 =( NAMED_UNIT ( * ) PLANE_ANGLE_UNIT ( ) SI_UNIT ( $, .RADIAN. ) );
#3084 = FILL_AREA_STYLE_COLOUR ( '', #4472 ) ;
#3085 = ORIENTED_EDGE ( 'NONE', *, *, #4948, .F. ) ;
#3086 = ORIENTED_EDGE ( 'NONE', *, *, #3250, .F. ) ;
#3087 = CARTESIAN_POINT ( 'NONE',  ( 1.638845097854845223, 58.82264507369262674, 18.56359735597077787 ) ) ;
#3088 = CARTESIAN_POINT ( 'NONE',  ( -17.73549716509277729, 108.3160874102397315, 17.50995732056671628 ) ) ;
#3089 = FILL_AREA_STYLE_COLOUR ( '', #2258 ) ;
#3090 = CARTESIAN_POINT ( 'NONE',  ( 18.81677028045111655, 48.31608741023972442, 43.50995732056697562 ) ) ;
#3091 = DIRECTION ( 'NONE',  ( 1.000000000000000000, 0.000000000000000000, 7.012323397502677495E-15 ) ) ;
#3092 = ORIENTED_EDGE ( 'NONE', *, *, #3540, .F. ) ;
#3093 = EDGE_CURVE ( 'NONE', #2942, #766, #3123, .T. ) ;
#3094 = DIRECTION ( 'NONE',  ( 0.000000000000000000, -0.000000000000000000, -1.000000000000000000 ) ) ;
#3095 = LINE ( 'NONE', #1065, #2631 ) ;
#3096 = VERTEX_POINT ( 'NONE', #675 ) ;
#3097 = CARTESIAN_POINT ( 'NONE',  ( -13.36115491501463914, 58.80272851237275233, 17.99415713341650047 ) ) ;
#3098 = AXIS2_PLACEMENT_3D ( 'NONE', #3713, #4058, #2880 ) ;
#3099 = UNCERTAINTY_MEASURE_WITH_UNIT (LENGTH_MEASURE( 1.000000000000000082E-05 ), #4593, 'distance_accuracy_value', 'NONE');
#3100 = FILL_AREA_STYLE_COLOUR ( '', #3617 ) ;
#3101 = VERTEX_POINT ( 'NONE', #4741 ) ;
#3102 = FILL_AREA_STYLE_COLOUR ( '', #2955 ) ;
#3103 =( NAMED_UNIT ( * ) SI_UNIT ( $, .STERADIAN. ) SOLID_ANGLE_UNIT ( ) );
#3104 = CARTESIAN_POINT ( 'NONE',  ( 19.13884492194477360, 35.31608741023928388, 62.50995732056728826 ) ) ;
#3105 = UNCERTAINTY_MEASURE_WITH_UNIT (LENGTH_MEASURE( 1.000000000000000082E-05 ), #1176, 'distance_accuracy_value', 'NONE');
#3106 = CARTESIAN_POINT ( 'NONE',  ( -29.26402080720821886, 38.31608741023920572, 73.75995732056712484 ) ) ;
#3107 = EDGE_CURVE ( 'NONE', #1073, #2414, #3542, .T. ) ;
#3108 = ORIENTED_EDGE ( 'NONE', *, *, #4321, .T. ) ;
#3109 = CARTESIAN_POINT ( 'NONE',  ( -5.861155078055012346, 48.31608741023972442, 39.50995732056697562 ) ) ;
#3110 = CIRCLE ( 'NONE', #5126, 5.000000000000000888 ) ;
#3111 = CARTESIAN_POINT ( 'NONE',  ( -30.86115507805522995, 35.31608741023928388, 62.50995732056710352 ) ) ;
#3112 = CARTESIAN_POINT ( 'NONE',  ( -53.61167705983285714, 35.31608741023899256, 104.6266218876284455 ) ) ;
#3113 = FACE_OUTER_BOUND ( 'NONE', #1929, .T. ) ;
#3114 = AXIS2_PLACEMENT_3D ( 'NONE', #1542, #1150, #850 ) ;
#3115 = FACE_BOUND ( 'NONE', #1723, .T. ) ;
#3116 = VERTEX_POINT ( 'NONE', #3111 ) ;
#3117 =( NAMED_UNIT ( * ) PLANE_ANGLE_UNIT ( ) SI_UNIT ( $, .RADIAN. ) );
#3118 = B_SPLINE_CURVE_WITH_KNOTS ( 'NONE', 3,
 ( #1674, #4890, #2466, #1364, #608, #4066, #1725, #3277, #584, #3752, #1284, #1338, #2494, #2945, #4568, #2892, #964, #2155 ),
 .UNSPECIFIED., .F., .F.,
 ( 4, 2, 2, 2, 2, 2, 2, 2, 4 ),
 ( 0.000000000000000000, 0.0002658825485714408766, 0.0005317650971428817533, 0.001063530194285807308, 0.001595295291428732972, 0.002127060388571658852, 0.002658825485714584515, 0.003190590582857509745, 0.004254120777143374950 ),
 .UNSPECIFIED. ) ;
#3119 = EDGE_CURVE ( 'NONE', #2248, #1339, #11, .T. ) ;
#3120 = B_SPLINE_CURVE_WITH_KNOTS ( 'NONE', 3,
 ( #639, #2323, #1473, #2219, #340, #3804, #2688, #259, #1074, #3028, #4277, #1816, #2296, #2270 ),
 .UNSPECIFIED., .F., .F.,
 ( 4, 2, 2, 2, 2, 2, 4 ),
 ( 1.734723475976807094E-18, 0.001493046125900805449, 0.002986092251801591817, 0.003732615314751986952, 0.004479138377702381220, 0.005225661440652775921, 0.005972184503603169756 ),
 .UNSPECIFIED. ) ;
#3121 =( LENGTH_UNIT ( ) NAMED_UNIT ( * ) SI_UNIT ( .MILLI., .METRE. ) );
#3122 = PRESENTATION_LAYER_ASSIGNMENT (  '', '', ( #272 ) ) ;
#3124 = CARTESIAN_POINT ( 'NONE',  ( 13.86656803151394612, 41.81608741023912756, 84.41011313715394238 ) ) ;
#3123 = CIRCLE ( 'NONE', #3526, 15.00000000000000000 ) ;
#3125 = ORIENTED_EDGE ( 'NONE', *, *, #2743, .T. ) ;
#3126 = FACE_OUTER_BOUND ( 'NONE', #1575, .T. ) ;
#3127 = CYLINDRICAL_SURFACE ( 'NONE', #1877, 2.000000000000001776 ) ;
#3128 = MECHANICAL_DESIGN_GEOMETRIC_PRESENTATION_REPRESENTATION (  '', ( #4983 ), #798 ) ;
#3129 = SURFACE_SIDE_STYLE ('',( #1524 ) ) ;
#3130 = CARTESIAN_POINT ( 'NONE',  ( -20.86115507805497415, 108.3160874102397315, 39.50995732056697562 ) ) ;
#3131 =( GEOMETRIC_REPRESENTATION_CONTEXT ( 3 ) GLOBAL_UNCERTAINTY_ASSIGNED_CONTEXT ( ( #1730 ) ) GLOBAL_UNIT_ASSIGNED_CONTEXT ( ( #773, #3945, #4773 ) ) REPRESENTATION_CONTEXT ( 'NONE', 'WORKASPACE' ) );
#3132 = AXIS2_PLACEMENT_3D ( 'NONE', #4124, #568, #2185 ) ;
#3133 = EDGE_LOOP ( 'NONE', ( #4433, #1091, #67, #2176 ) ) ;
#3134 = STYLED_ITEM ( 'NONE', ( #1015 ), #3928 ) ;
#3135 = CIRCLE ( 'NONE', #3719, 5.000000000000004441 ) ;
#3136 = DIRECTION ( 'NONE',  ( 0.000000000000000000, -5.551115123125784674E-16, 1.000000000000000000 ) ) ;
#3137 = EDGE_CURVE ( 'NONE', #250, #449, #4347, .T. ) ;
#3138 =( NAMED_UNIT ( * ) PLANE_ANGLE_UNIT ( ) SI_UNIT ( $, .RADIAN. ) );
#3139 = CARTESIAN_POINT ( 'NONE',  ( -13.36115507805514824, 38.31608741023944731, 39.50995732056718168 ) ) ;
#3140 = PRESENTATION_STYLE_ASSIGNMENT (( #3896 ) ) ;
#3141 = SURFACE_STYLE_USAGE ( .BOTH. , #822 ) ;
#3142 = FACE_OUTER_BOUND ( 'NONE', #121, .T. ) ;
#3143 = FACE_OUTER_BOUND ( 'NONE', #3581, .T. ) ;
#3144 = CARTESIAN_POINT ( 'NONE',  ( -20.86115507805497415, 106.3160874102397315, 52.58665415118902331 ) ) ;
#3145 = ORIENTED_EDGE ( 'NONE', *, *, #2146, .F. ) ;
#3146 = DIRECTION ( 'NONE',  ( 0.000000000000000000, 0.000000000000000000, -1.000000000000000000 ) ) ;
#3147 = CARTESIAN_POINT ( 'NONE',  ( -55.11167705983285003, 35.31608741023899256, 104.6266218876284455 ) ) ;
#3148 = COLOUR_RGB ( '',1.000000000000000000, 1.000000000000000000, 1.000000000000000000 ) ;
#3149 = DIRECTION ( 'NONE',  ( 0.000000000000000000, 1.000000000000000000, 0.000000000000000000 ) ) ;
#3150 = CARTESIAN_POINT ( 'NONE',  ( -10.78581985093161677, 91.11325439125661774, 48.49878028893591164 ) ) ;
#3151 = VERTEX_POINT ( 'NONE', #3845 ) ;
#3152 = CARTESIAN_POINT ( 'NONE',  ( 3.145979192791789725, 35.31608741023924125, 68.50995732056722431 ) ) ;
#3153 = DIRECTION ( 'NONE',  ( 0.000000000000000000, 1.000000000000000000, 6.982962677686266711E-15 ) ) ;
#3154 = UNCERTAINTY_MEASURE_WITH_UNIT (LENGTH_MEASURE( 1.000000000000000082E-05 ), #3166, 'distance_accuracy_value', 'NONE');
#3155 = CARTESIAN_POINT ( 'NONE',  ( -12.21292179108135834, 62.31158740492652015, 17.96228170921082423 ) ) ;
#3156 = EDGE_CURVE ( 'NONE', #1570, #3312, #746, .T. ) ;
#3157 = LINE ( 'NONE', #2017, #4485 ) ;
#3159 =( NAMED_UNIT ( * ) SI_UNIT ( $, .STERADIAN. ) SOLID_ANGLE_UNIT ( ) );
#3158 = VECTOR ( 'NONE', #757, 1000.000000000000000 ) ;
#3160 = VERTEX_POINT ( 'NONE', #3447 ) ;
#3161 = COLOUR_RGB ( '',0.9215686274509803377, 0.9215686274509803377, 0.9215686274509803377 ) ;
#3162 = CARTESIAN_POINT ( 'NONE',  ( 8.647289367866500598, 101.4766327987661327, 27.55264996741446382 ) ) ;
#3163 = SURFACE_STYLE_FILL_AREA ( #1586 ) ;
#3164 = SURFACE_SIDE_STYLE ('',( #4364 ) ) ;
#3165 = DIRECTION ( 'NONE',  ( -0.000000000000000000, -0.000000000000000000, 1.000000000000000000 ) ) ;
#3166 =( LENGTH_UNIT ( ) NAMED_UNIT ( * ) SI_UNIT ( .MILLI., .METRE. ) );
#3167 = PRESENTATION_STYLE_ASSIGNMENT (( #3514 ) ) ;
#3168 = SURFACE_STYLE_FILL_AREA ( #4397 ) ;
#3169 = PLANE ( 'NONE',  #3781 ) ;
#3170 =( NAMED_UNIT ( * ) PLANE_ANGLE_UNIT ( ) SI_UNIT ( $, .RADIAN. ) );
#3171 = FILL_AREA_STYLE_COLOUR ( '', #962 ) ;
#3172 = ADVANCED_FACE ( 'NONE', ( #2336 ), #430, .F. ) ;
#3173 = STYLED_ITEM ( 'NONE', ( #2355 ), #1470 ) ;
#3174 = SURFACE_SIDE_STYLE ('',( #1155 ) ) ;
#3175 =( GEOMETRIC_REPRESENTATION_CONTEXT ( 3 ) GLOBAL_UNCERTAINTY_ASSIGNED_CONTEXT ( ( #3000 ) ) GLOBAL_UNIT_ASSIGNED_CONTEXT ( ( #602, #1488, #1431 ) ) REPRESENTATION_CONTEXT ( 'NONE', 'WORKASPACE' ) );
#3176 = DIRECTION ( 'NONE',  ( 0.000000000000000000, -1.000000000000000000, -6.982962677686266711E-15 ) ) ;
#3177 = B_SPLINE_CURVE_WITH_KNOTS ( 'NONE', 3,
 ( #3991, #2328, #5, #3964, #1555, #2769, #1991, #4338, #3155, #411, #1502, #2721 ),
 .UNSPECIFIED., .F., .F.,
 ( 4, 2, 2, 2, 2, 4 ),
 ( 0.000000000000000000, 0.001510419936489284815, 0.003020839872978569630, 0.003776049841223211821, 0.004531259809467854879, 0.006041679745957139261 ),
 .UNSPECIFIED. ) ;
#3178 = ORIENTED_EDGE ( 'NONE', *, *, #894, .F. ) ;
#3179 = VECTOR ( 'NONE', #5092, 1000.000000000000000 ) ;
#3180 = LINE ( 'NONE', #1572, #1975 ) ;
#3181 = ORIENTED_EDGE ( 'NONE', *, *, #1757, .T. ) ;
#3182 =( NAMED_UNIT ( * ) PLANE_ANGLE_UNIT ( ) SI_UNIT ( $, .RADIAN. ) );
#3183 = FILL_AREA_STYLE ('',( #837 ) ) ;
#3184 = ORIENTED_EDGE ( 'NONE', *, *, #1454, .F. ) ;
#3185 = DIRECTION ( 'NONE',  ( -1.000000000000000000, 2.438088387897967896E-29, -3.491481338843133355E-15 ) ) ;
#3186 = DIRECTION ( 'NONE',  ( 3.491481338843133355E-15, 6.982962677686266711E-15, -1.000000000000000000 ) ) ;
#3187 =( NAMED_UNIT ( * ) PLANE_ANGLE_UNIT ( ) SI_UNIT ( $, .RADIAN. ) );
#3188 = ORIENTED_EDGE ( 'NONE', *, *, #2293, .F. ) ;
#3189 = ADVANCED_FACE ( 'NONE', ( #4038 ), #4013, .F. ) ;
#3190 = CARTESIAN_POINT ( 'NONE',  ( -6.836417550017094946, 90.33945169720659862, 30.78410660717838354 ) ) ;
#3191 = CARTESIAN_POINT ( 'NONE',  ( -74.46302080720836614, 45.31608741023892861, 113.0099573205670396 ) ) ;
#3192 = CARTESIAN_POINT ( 'NONE',  ( -5.861155078055015899, 58.31609001472889986, 17.50995732056679799 ) ) ;
#3193 = LINE ( 'NONE', #898, #1977 ) ;
#3194 = DIRECTION ( 'NONE',  ( -0.000000000000000000, 1.000000000000000000, -0.000000000000000000 ) ) ;
#3195 = MECHANICAL_DESIGN_GEOMETRIC_PRESENTATION_REPRESENTATION (  '', ( #541 ), #1766 ) ;
#3196 = FACE_BOUND ( 'NONE', #2698, .T. ) ;
#3197 = CARTESIAN_POINT ( 'NONE',  ( -21.96858248759890486, 108.1213851362759613, 58.63159853155838874 ) ) ;
#3198 = ORIENTED_EDGE ( 'NONE', *, *, #3119, .T. ) ;
#3199 = ADVANCED_FACE ( 'NONE', ( #1214 ), #2366, .F. ) ;
#3200 = VERTEX_POINT ( 'NONE', #859 ) ;
#3201 = PRESENTATION_LAYER_ASSIGNMENT (  '', '', ( #2867 ) ) ;
#3202 = CARTESIAN_POINT ( 'NONE',  ( -20.76562559414668385, 103.3690770508235488, 51.93462605832832679 ) ) ;
#3203 = ORIENTED_EDGE ( 'NONE', *, *, #753, .T. ) ;
#3204 = VECTOR ( 'NONE', #270, 1000.000000000000000 ) ;
#3205 = VECTOR ( 'NONE', #1437, 1000.000000000000000 ) ;
#3206 = AXIS2_PLACEMENT_3D ( 'NONE', #2905, #2566, #209 ) ;
#3207 = UNCERTAINTY_MEASURE_WITH_UNIT (LENGTH_MEASURE( 1.000000000000000082E-05 ), #246, 'distance_accuracy_value', 'NONE');
#3208 = CARTESIAN_POINT ( 'NONE',  ( -35.86115507805501323, 48.31608741023972442, 43.50995732056697562 ) ) ;
#3209 = CARTESIAN_POINT ( 'NONE',  ( 9.138844921944986766, 105.3160874102397031, 14.50995732056697207 ) ) ;
#3210 = SURFACE_SIDE_STYLE ('',( #1604 ) ) ;
#3211 = MECHANICAL_DESIGN_GEOMETRIC_PRESENTATION_REPRESENTATION (  '', ( #4806 ), #2831 ) ;
#3212 = COLOUR_RGB ( '',0.9215686274509803377, 0.9215686274509803377, 0.9215686274509803377 ) ;
#3213 = VERTEX_POINT ( 'NONE', #481 ) ;
#3214 =( LENGTH_UNIT ( ) NAMED_UNIT ( * ) SI_UNIT ( .MILLI., .METRE. ) );
#3215 = CARTESIAN_POINT ( 'NONE',  ( 9.138844921944951238, 105.3160874102397031, 26.62585859384180864 ) ) ;
#3216 =( GEOMETRIC_REPRESENTATION_CONTEXT ( 3 ) GLOBAL_UNCERTAINTY_ASSIGNED_CONTEXT ( ( #4248 ) ) GLOBAL_UNIT_ASSIGNED_CONTEXT ( ( #4913, #2538, #1250 ) ) REPRESENTATION_CONTEXT ( 'NONE', 'WORKASPACE' ) );
#3217 = EDGE_CURVE ( 'NONE', #3032, #3779, #2766, .T. ) ;
#3218 = VECTOR ( 'NONE', #4295, 1000.000000000000000 ) ;
#3219 = FACE_BOUND ( 'NONE', #1279, .T. ) ;
#3220 = PRESENTATION_LAYER_ASSIGNMENT (  '', '', ( #2560 ) ) ;
#3221 = CARTESIAN_POINT ( 'NONE',  ( 1.638844921944920152, 38.31608741023958942, 18.56359725491382662 ) ) ;
#3222 = ADVANCED_FACE ( 'NONE', ( #759 ), #2046, .T. ) ;
#3223 = MECHANICAL_DESIGN_GEOMETRIC_PRESENTATION_REPRESENTATION (  '', ( #77 ), #3888 ) ;
#3224 = CARTESIAN_POINT ( 'NONE',  ( -33.76402080720822596, 41.81608741023920572, 73.75995732056713905 ) ) ;
#3225 = CARTESIAN_POINT ( 'NONE',  ( -22.86115507805497415, 108.3160874102397315, 21.17965454074358789 ) ) ;
#3226 = CARTESIAN_POINT ( 'NONE',  ( 12.61616275020310418, 45.31608741023916309, 80.08732623141014528 ) ) ;
#3227 = ORIENTED_EDGE ( 'NONE', *, *, #3549, .T. ) ;
#3228 = FILL_AREA_STYLE ('',( #3084 ) ) ;
#3229 = ORIENTED_EDGE ( 'NONE', *, *, #2080, .T. ) ;
#3230 = DIRECTION ( 'NONE',  ( -0.000000000000000000, -1.000000000000000000, -0.000000000000000000 ) ) ;
#3231 = CARTESIAN_POINT ( 'NONE',  ( -20.36959952397644713, 101.4766327987661185, 51.46726467371955493 ) ) ;
#3232 = ORIENTED_EDGE ( 'NONE', *, *, #636, .T. ) ;
#3233 = EDGE_CURVE ( 'NONE', #4535, #572, #3308, .T. ) ;
#3234 = FILL_AREA_STYLE ('',( #4786 ) ) ;
#3235 = VECTOR ( 'NONE', #2827, 1000.000000000000000 ) ;
#3236 = EDGE_LOOP ( 'NONE', ( #4094, #2549, #2236, #3350 ) ) ;
#3237 = ADVANCED_FACE ( 'NONE', ( #3258 ), #4312, .T. ) ;
#3238 = DIRECTION ( 'NONE',  ( 0.000000000000000000, 1.000000000000000000, 2.891205793294676354E-16 ) ) ;
#3239 = CARTESIAN_POINT ( 'NONE',  ( 2.169101343880734944, 92.63709071561279984, 30.02662760150476373 ) ) ;
#3240 = MECHANICAL_DESIGN_GEOMETRIC_PRESENTATION_REPRESENTATION (  '', ( #2399 ), #3077 ) ;
#3241 = AXIS2_PLACEMENT_3D ( 'NONE', #3124, #5048, #1814 ) ;
#3242 =( LENGTH_UNIT ( ) NAMED_UNIT ( * ) SI_UNIT ( .MILLI., .METRE. ) );
#3243 = LINE ( 'NONE', #3675, #3235 ) ;
#3244 = LINE ( 'NONE', #55, #4247 ) ;
#3245 = FILL_AREA_STYLE_COLOUR ( '', #153 ) ;
#3246 = AXIS2_PLACEMENT_3D ( 'NONE', #4219, #4320, #2996 ) ;
#3247 = DIRECTION ( 'NONE',  ( 6.308085367188368350E-15, 6.308085367188368350E-15, -1.000000000000000000 ) ) ;
#3248 = PRESENTATION_STYLE_ASSIGNMENT (( #4027 ) ) ;
#3249 = DIRECTION ( 'NONE',  ( -0.000000000000000000, -1.000000000000000000, -6.982962677686266711E-15 ) ) ;
#3250 = EDGE_CURVE ( 'NONE', #3274, #4267, #192, .T. ) ;
#3251 = DIRECTION ( 'NONE',  ( -0.000000000000000000, 1.000000000000000000, 6.982962677686266711E-15 ) ) ;
#3252 = ORIENTED_EDGE ( 'NONE', *, *, #725, .T. ) ;
#3253 = PRESENTATION_LAYER_ASSIGNMENT (  '', '', ( #2758 ) ) ;
#3254 = PRESENTATION_STYLE_ASSIGNMENT (( #4452 ) ) ;
#3256 = CARTESIAN_POINT ( 'NONE',  ( -17.83294844706058768, 96.26526994810677706, 50.07911469238892010 ) ) ;
#3255 = AXIS2_PLACEMENT_3D ( 'NONE', #1909, #4722, #3146 ) ;
#3257 = VERTEX_POINT ( 'NONE', #3851 ) ;
#3258 = FACE_OUTER_BOUND ( 'NONE', #320, .T. ) ;
#3259 = UNCERTAINTY_MEASURE_WITH_UNIT (LENGTH_MEASURE( 1.000000000000000082E-05 ), #96, 'distance_accuracy_value', 'NONE');
#3260 = PRESENTATION_STYLE_ASSIGNMENT (( #1638 ) ) ;
#3261 = ORIENTED_EDGE ( 'NONE', *, *, #381, .T. ) ;
#3262 = EDGE_CURVE ( 'NONE', #2072, #4888, #4256, .T. ) ;
#3263 = LINE ( 'NONE', #4437, #2149 ) ;
#3264 = DIRECTION ( 'NONE',  ( 1.000000000000000000, -2.544687269639867442E-29, 3.644137004729092380E-15 ) ) ;
#3265 = DIRECTION ( 'NONE',  ( 0.000000000000000000, 1.000000000000000000, 0.000000000000000000 ) ) ;
#3266 =( LENGTH_UNIT ( ) NAMED_UNIT ( * ) SI_UNIT ( .MILLI., .METRE. ) );
#3267 = PLANE ( 'NONE',  #3579 ) ;
#3268 = CARTESIAN_POINT ( 'NONE',  ( -20.86115507805497415, 106.3160874102397315, 59.50995732056699694 ) ) ;
#3269 = CARTESIAN_POINT ( 'NONE',  ( 1.440505498019426067, 60.04738281678756096, 18.45135084194683728 ) ) ;
#3270 = ORIENTED_EDGE ( 'NONE', *, *, #2273, .T. ) ;
#3271 = DIRECTION ( 'NONE',  ( 0.000000000000000000, -1.000000000000000000, -6.982962677686266711E-15 ) ) ;
#3272 = VERTEX_POINT ( 'NONE', #1039 ) ;
#3273 = FACE_OUTER_BOUND ( 'NONE', #2067, .T. ) ;
#3274 = VERTEX_POINT ( 'NONE', #4698 ) ;
#3275 = EDGE_CURVE ( 'NONE', #2525, #3355, #2655, .T. ) ;
#3276 = DIRECTION ( 'NONE',  ( 0.000000000000000000, 0.000000000000000000, -1.000000000000000000 ) ) ;
#3277 = CARTESIAN_POINT ( 'NONE',  ( -21.20103201013188254, 107.4425404028825284, 26.70540069329220856 ) ) ;
#3278 = AXIS2_PLACEMENT_3D ( 'NONE', #2772, #1191, #4342 ) ;
#3279 = EDGE_LOOP ( 'NONE', ( #582, #5036 ) ) ;
#3280 = CARTESIAN_POINT ( 'NONE',  ( -12.71454415489535528, 61.37342451180619918, 17.64996358862577708 ) ) ;
#3281 = STYLED_ITEM ( 'NONE', ( #4852 ), #4634 ) ;
#3282 = CARTESIAN_POINT ( 'NONE',  ( -35.86115507805501323, 48.31608741023972442, 43.50995732056697562 ) ) ;
#3283 = DIRECTION ( 'NONE',  ( -0.000000000000000000, -0.000000000000000000, -1.000000000000000000 ) ) ;
#3284 = ORIENTED_EDGE ( 'NONE', *, *, #1324, .T. ) ;
#3285 = CIRCLE ( 'NONE', #1438, 2.200000000000007283 ) ;
#3286 = SURFACE_STYLE_FILL_AREA ( #3619 ) ;
#3287 = STYLED_ITEM ( 'NONE', ( #546 ), #3002 ) ;
#3288 = DIRECTION ( 'NONE',  ( 3.491481338843133355E-15, 6.982962677686266711E-15, -1.000000000000000000 ) ) ;
#3289 =( NAMED_UNIT ( * ) PLANE_ANGLE_UNIT ( ) SI_UNIT ( $, .RADIAN. ) );
#3290 = AXIS2_PLACEMENT_3D ( 'NONE', #2983, #3808, #1348 ) ;
#3291 = DIRECTION ( 'NONE',  ( 0.000000000000000000, 0.000000000000000000, -1.000000000000000000 ) ) ;
#3292 = CARTESIAN_POINT ( 'NONE',  ( 9.735219841190152934, 107.7467399131716945, 59.04887067679110402 ) ) ;
#3293 = ORIENTED_EDGE ( 'NONE', *, *, #5108, .T. ) ;
#3294 = CARTESIAN_POINT ( 'NONE',  ( 22.61197919279169000, 38.31608741023904230, 97.00995732056732379 ) ) ;
#3295 = ADVANCED_FACE ( 'NONE', ( #335 ), #5101, .F. ) ;
#3296 = COLOUR_RGB ( '',0.9215686274509803377, 0.9215686274509803377, 0.9215686274509803377 ) ;
#3297 = DIRECTION ( 'NONE',  ( 8.673615120850363174E-17, -1.000000000000000000, 0.000000000000000000 ) ) ;
#3298 = CARTESIAN_POINT ( 'NONE',  ( 33.40597919279157679, 35.31608741023878650, 134.0099573205673664 ) ) ;
#3299 = CARTESIAN_POINT ( 'NONE',  ( 15.11697331282477919, 45.31608741023909914, 88.73290004289775368 ) ) ;
#3300 = AXIS2_PLACEMENT_3D ( 'NONE', #1161, #2369, #3884 ) ;
#3301 = FACE_OUTER_BOUND ( 'NONE', #655, .T. ) ;
#3302 = ORIENTED_EDGE ( 'NONE', *, *, #2684, .F. ) ;
#3303 = VECTOR ( 'NONE', #2329, 1000.000000000000000 ) ;
#3304 = CARTESIAN_POINT ( 'NONE',  ( -29.26402080720821886, 38.31608741023920572, 73.75995732056712484 ) ) ;
#3305 = ORIENTED_EDGE ( 'NONE', *, *, #1145, .F. ) ;
#3306 = CARTESIAN_POINT ( 'NONE',  ( 1.638844921944987876, 48.31608741023972442, 14.50995732056697207 ) ) ;
#3307 = ORIENTED_EDGE ( 'NONE', *, *, #1052, .T. ) ;
#3308 = LINE ( 'NONE', #558, #4947 ) ;
#3309 = SURFACE_SIDE_STYLE ('',( #228 ) ) ;
#3310 = UNCERTAINTY_MEASURE_WITH_UNIT (LENGTH_MEASURE( 1.000000000000000082E-05 ), #1012, 'distance_accuracy_value', 'NONE');
#3311 =( LENGTH_UNIT ( ) NAMED_UNIT ( * ) SI_UNIT ( .MILLI., .METRE. ) );
#3312 = VERTEX_POINT ( 'NONE', #3024 ) ;
#3313 = CARTESIAN_POINT ( 'NONE',  ( -5.861155078055012346, 108.3160874102397315, 39.50995732056697562 ) ) ;
#3314 = EDGE_CURVE ( 'NONE', #2861, #3770, #4220, .T. ) ;
#3315 = CARTESIAN_POINT ( 'NONE',  ( -22.86115507805497415, 106.3160874102397315, 14.50995732056697207 ) ) ;
#3316 = CARTESIAN_POINT ( 'NONE',  ( 15.11697331282477919, 45.31608741023909914, 88.73290004289775368 ) ) ;
#3317 = STYLED_ITEM ( 'NONE', ( #53 ), #1633 ) ;
#3318 = PLANE ( 'NONE',  #345 ) ;
#3319 = ORIENTED_EDGE ( 'NONE', *, *, #3583, .T. ) ;
#3320 = FILL_AREA_STYLE ('',( #3245 ) ) ;
#3321 = VECTOR ( 'NONE', #2872, 1000.000000000000000 ) ;
#3322 = LINE ( 'NONE', #3653, #4987 ) ;
#3323 = DIRECTION ( 'NONE',  ( 0.000000000000000000, 2.891205793294676354E-16, -1.000000000000000000 ) ) ;
#3324 = CARTESIAN_POINT ( 'NONE',  ( 6.013187008982902704, 96.15093602032797548, 61.50995732056697562 ) ) ;
#3325 = VECTOR ( 'NONE', #3607, 1000.000000000000114 ) ;
#3326 = SURFACE_STYLE_USAGE ( .BOTH. , #1719 ) ;
#3327 = ORIENTED_EDGE ( 'NONE', *, *, #441, .T. ) ;
#3328 = ORIENTED_EDGE ( 'NONE', *, *, #4679, .T. ) ;
#3329 = EDGE_CURVE ( 'NONE', #264, #3492, #3430, .T. ) ;
#3330 = LINE ( 'NONE', #2130, #4287 ) ;
#3331 = CARTESIAN_POINT ( 'NONE',  ( 9.138844921945024069, 104.3338492394785533, 52.16534664551053169 ) ) ;
#3332 = ORIENTED_EDGE ( 'NONE', *, *, #1904, .F. ) ;
#3333 = DIRECTION ( 'NONE',  ( 0.000000000000000000, 0.000000000000000000, -1.000000000000000000 ) ) ;
#3334 = VECTOR ( 'NONE', #255, 1000.000000000000000 ) ;
#3335 = CARTESIAN_POINT ( 'NONE',  ( -18.22403425555705070, 96.78388317936378371, 17.77364170849319791 ) ) ;
#3336 = ORIENTED_EDGE ( 'NONE', *, *, #3262, .F. ) ;
#3337 = CIRCLE ( 'NONE', #1329, 7.500000000000013323 ) ;
#3338 = FILL_AREA_STYLE ('',( #1735 ) ) ;
#3339 = EDGE_CURVE ( 'NONE', #1498, #1857, #2412, .T. ) ;
#3340 = ORIENTED_EDGE ( 'NONE', *, *, #1232, .T. ) ;
#3341 = SURFACE_STYLE_FILL_AREA ( #3011 ) ;
#3342 = MECHANICAL_DESIGN_GEOMETRIC_PRESENTATION_REPRESENTATION (  '', ( #286 ), #2683 ) ;
#3343 = CARTESIAN_POINT ( 'NONE',  ( -13.36115507805501323, 58.31609261921808240, 39.50995732056697562 ) ) ;
#3344 = DIRECTION ( 'NONE',  ( 6.308085367188368350E-15, 6.308085367188368350E-15, -1.000000000000000000 ) ) ;
#3345 = CARTESIAN_POINT ( 'NONE',  ( -20.86115507805497415, 38.31608741023972442, 14.50995732056697207 ) ) ;
#3346 = LINE ( 'NONE', #1354, #1830 ) ;
#3347 = CARTESIAN_POINT ( 'NONE',  ( -31.56402080720819470, 41.81608741023926257, 65.75995732056716747 ) ) ;
#3348 = CARTESIAN_POINT ( 'NONE',  ( 1.638844921944467403, 38.31608741023864440, 153.7311177574587759 ) ) ;
#3349 = ORIENTED_EDGE ( 'NONE', *, *, #5078, .T. ) ;
#3350 = ORIENTED_EDGE ( 'NONE', *, *, #1550, .F. ) ;
#3351 = LINE ( 'NONE', #4088, #487 ) ;
#3352 = VERTEX_POINT ( 'NONE', #1468 ) ;
#3353 = SURFACE_SIDE_STYLE ('',( #3821 ) ) ;
#3354 = CARTESIAN_POINT ( 'NONE',  ( 6.918980620312257024, 97.44821455158647439, 50.40974750096263080 ) ) ;
#3355 = VERTEX_POINT ( 'NONE', #4675 ) ;
#3356 = CARTESIAN_POINT ( 'NONE',  ( 3.638844921944987654, 88.31608741023971731, 18.56359725491356372 ) ) ;
#3357 = SURFACE_STYLE_FILL_AREA ( #560 ) ;
#3358 = EDGE_CURVE ( 'NONE', #367, #815, #2682, .T. ) ;
#3359 = UNCERTAINTY_MEASURE_WITH_UNIT (LENGTH_MEASURE( 1.000000000000000082E-05 ), #1496, 'distance_accuracy_value', 'NONE');
#3360 = AXIS2_PLACEMENT_3D ( 'NONE', #2614, #695, #1425 ) ;
#3361 = CARTESIAN_POINT ( 'NONE',  ( -18.66754144260064763, 97.46454772373895992, 18.03437206767893031 ) ) ;
#3362 = ORIENTED_EDGE ( 'NONE', *, *, #4710, .F. ) ;
#3363 = PRESENTATION_STYLE_ASSIGNMENT (( #1760 ) ) ;
#3364 = STYLED_ITEM ( 'NONE', ( #2004 ), #4609 ) ;
#3365 = DIRECTION ( 'NONE',  ( 0.000000000000000000, -1.000000000000000000, -6.982962677686266711E-15 ) ) ;
#3366 = STYLED_ITEM ( 'NONE', ( #4942 ), #4795 ) ;
#3367 = ORIENTED_EDGE ( 'NONE', *, *, #4146, .F. ) ;
#3368 = AXIS2_PLACEMENT_3D ( 'NONE', #600, #577, #247 ) ;
#3369 = MECHANICAL_DESIGN_GEOMETRIC_PRESENTATION_REPRESENTATION (  '', ( #3046 ), #2712 ) ;
#3370 = AXIS2_PLACEMENT_3D ( 'NONE', #4271, #3980, #2288 ) ;
#3371 = DIRECTION ( 'NONE',  ( -0.000000000000000000, -1.000000000000000000, -0.000000000000000000 ) ) ;
#3372 = AXIS2_PLACEMENT_3D ( 'NONE', #2348, #2392, #806 ) ;
#3373 = CARTESIAN_POINT ( 'NONE',  ( 39.38697919279153581, 38.31608741023872255, 142.5099573205673664 ) ) ;
#3374 = AXIS2_PLACEMENT_3D ( 'NONE', #4386, #2820, #2471 ) ;
#3375 = DIRECTION ( 'NONE',  ( -7.012323397502677495E-15, 0.000000000000000000, 1.000000000000000000 ) ) ;
#3376 = ORIENTED_EDGE ( 'NONE', *, *, #619, .F. ) ;
#3377 = ORIENTED_EDGE ( 'NONE', *, *, #844, .T. ) ;
#3378 = EDGE_CURVE ( 'NONE', #2941, #3428, #1827, .T. ) ;
#3379 = CIRCLE ( 'NONE', #3533, 1.499999999999987566 ) ;
#3380 = FILL_AREA_STYLE ('',( #679 ) ) ;
#3381 =( NAMED_UNIT ( * ) PLANE_ANGLE_UNIT ( ) SI_UNIT ( $, .RADIAN. ) );
#3382 = ORIENTED_EDGE ( 'NONE', *, *, #4110, .T. ) ;
#3383 = DIRECTION ( 'NONE',  ( -0.000000000000000000, 1.000000000000000000, 6.982962677686266711E-15 ) ) ;
#3384 = CARTESIAN_POINT ( 'NONE',  ( 1.724371503954835738, 92.36595281010127678, 48.90703059411549702 ) ) ;
#3385 = PRESENTATION_STYLE_ASSIGNMENT (( #2627 ) ) ;
#3386 = PRESENTATION_STYLE_ASSIGNMENT (( #4955 ) ) ;
#3387 = COLOUR_RGB ( '',0.9215686274509803377, 0.9215686274509803377, 0.9215686274509803377 ) ;
#3388 = CARTESIAN_POINT ( 'NONE',  ( -17.73549716509277729, 96.15093602032787601, 17.50995732056671628 ) ) ;
#3389 = ADVANCED_FACE ( 'NONE', ( #828 ), #2432, .F. ) ;
#3390 = VERTEX_POINT ( 'NONE', #2836 ) ;
#3391 = FILL_AREA_STYLE ('',( #714 ) ) ;
#3392 = CARTESIAN_POINT ( 'NONE',  ( -22.48043751106313337, 108.2904272201793532, 50.64202475438134599 ) ) ;
#3393 = LINE ( 'NONE', #3736, #2025 ) ;
#3394 = EDGE_CURVE ( 'NONE', #1833, #572, #1493, .T. ) ;
#3395 = ORIENTED_EDGE ( 'NONE', *, *, #2444, .T. ) ;
#3396 = SURFACE_STYLE_USAGE ( .BOTH. , #1826 ) ;
#3397 = PRESENTATION_LAYER_ASSIGNMENT (  '', '', ( #5006 ) ) ;
#3398 = CARTESIAN_POINT ( 'NONE',  ( 4.464931878466656734, 35.31608741023960363, 16.74217464050914472 ) ) ;
#3399 = DIRECTION ( 'NONE',  ( 1.000000000000000000, 0.000000000000000000, 0.000000000000000000 ) ) ;
#3400 = AXIS2_PLACEMENT_3D ( 'NONE', #4769, #697, #2281 ) ;
#3401 = DIRECTION ( 'NONE',  ( 1.000000000000000000, -2.438088387897967896E-29, 3.491481338843133355E-15 ) ) ;
#3402 = ORIENTED_EDGE ( 'NONE', *, *, #1750, .F. ) ;
#3403 = SURFACE_STYLE_FILL_AREA ( #2896 ) ;
#3404 =( LENGTH_UNIT ( ) NAMED_UNIT ( * ) SI_UNIT ( .MILLI., .METRE. ) );
#3405 = ORIENTED_EDGE ( 'NONE', *, *, #2499, .T. ) ;
#3406 = DIRECTION ( 'NONE',  ( 0.000000000000000000, -1.000000000000000000, -6.982962677686266711E-15 ) ) ;
#3407 =( NAMED_UNIT ( * ) SI_UNIT ( $, .STERADIAN. ) SOLID_ANGLE_UNIT ( ) );
#3408 = EDGE_CURVE ( 'NONE', #2377, #4154, #364, .T. ) ;
#3409 = DIRECTION ( 'NONE',  ( 1.000000000000000000, 0.000000000000000000, 0.000000000000000000 ) ) ;
#3410 = MECHANICAL_DESIGN_GEOMETRIC_PRESENTATION_REPRESENTATION (  '', ( #1315 ), #1580 ) ;
#3411 = MECHANICAL_DESIGN_GEOMETRIC_PRESENTATION_REPRESENTATION (  '', ( #99 ), #1316 ) ;
#3412 = VERTEX_POINT ( 'NONE', #2008 ) ;
#3413 = DIRECTION ( 'NONE',  ( 3.491481338843133355E-15, 6.982962677686266711E-15, -1.000000000000000000 ) ) ;
#3414 = FILL_AREA_STYLE_COLOUR ( '', #242 ) ;
#3415 = DIRECTION ( 'NONE',  ( 0.000000000000000000, 0.000000000000000000, 1.000000000000000000 ) ) ;
#3416 = UNCERTAINTY_MEASURE_WITH_UNIT (LENGTH_MEASURE( 1.000000000000000082E-05 ), #2313, 'distance_accuracy_value', 'NONE');
#3417 = LINE ( 'NONE', #4201, #218 ) ;
#3418 = LINE ( 'NONE', #1919, #4803 ) ;
#3419 = ORIENTED_EDGE ( 'NONE', *, *, #3448, .T. ) ;
#3420 =( NAMED_UNIT ( * ) SI_UNIT ( $, .STERADIAN. ) SOLID_ANGLE_UNIT ( ) );
#3421 = PRESENTATION_LAYER_ASSIGNMENT (  '', '', ( #5145 ) ) ;
#3422 = ADVANCED_FACE ( 'NONE', ( #2759 ), #559, .T. ) ;
#3423 = DIRECTION ( 'NONE',  ( 0.000000000000000000, 0.000000000000000000, -1.000000000000000000 ) ) ;
#3424 = LINE ( 'NONE', #2170, #2927 ) ;
#3425 = FILL_AREA_STYLE ('',( #4608 ) ) ;
#3426 = VERTEX_POINT ( 'NONE', #2066 ) ;
#3427 = PRESENTATION_STYLE_ASSIGNMENT (( #2501 ) ) ;
#3428 = VERTEX_POINT ( 'NONE', #114 ) ;
#3429 = CYLINDRICAL_SURFACE ( 'NONE', #2116, 2.200000000000003730 ) ;
#3430 = LINE ( 'NONE', #3458, #4770 ) ;
#3431 = EDGE_CURVE ( 'NONE', #4381, #4693, #4085, .T. ) ;
#3432 = PLANE ( 'NONE',  #4244 ) ;
#3433 = ORIENTED_EDGE ( 'NONE', *, *, #2250, .F. ) ;
#3434 = CARTESIAN_POINT ( 'NONE',  ( -35.96402080720822170, 41.81608741023923415, 73.75995732056712484 ) ) ;
#3435 = FILL_AREA_STYLE_COLOUR ( '', #2887 ) ;
#3436 = DIRECTION ( 'NONE',  ( -3.491481338843133355E-15, -6.982962677686266711E-15, 1.000000000000000000 ) ) ;
#3437 = VECTOR ( 'NONE', #4847, 1000.000000000000227 ) ;
#3438 = SURFACE_STYLE_USAGE ( .BOTH. , #4281 ) ;
#3439 = VERTEX_POINT ( 'NONE', #524 ) ;
#3440 = DIRECTION ( 'NONE',  ( -1.000000000000000000, 0.000000000000000000, 0.000000000000000000 ) ) ;
#3441 = ORIENTED_EDGE ( 'NONE', *, *, #25, .F. ) ;
#3442 = DIRECTION ( 'NONE',  ( -1.000000000000000000, 0.000000000000000000, -0.000000000000000000 ) ) ;
#3443 = AXIS2_PLACEMENT_3D ( 'NONE', #3782, #4684, #2664 ) ;
#3444 = CARTESIAN_POINT ( 'NONE',  ( 9.273868678291604439, 107.0526861516490698, 19.61178603636868445 ) ) ;
#3445 = MECHANICAL_DESIGN_GEOMETRIC_PRESENTATION_REPRESENTATION (  '', ( #3951 ), #4631 ) ;
#3446 = CARTESIAN_POINT ( 'NONE',  ( -35.11167705983290688, 38.31608741023885045, 124.6266218876285308 ) ) ;
#3447 = CARTESIAN_POINT ( 'NONE',  ( 33.40597919279157679, 38.31608741023878650, 134.0099573205673664 ) ) ;
#3448 = EDGE_CURVE ( 'NONE', #166, #4891, #1566, .T. ) ;
#3449 = FILL_AREA_STYLE ('',( #2257 ) ) ;
#3450 = AXIS2_PLACEMENT_3D ( 'NONE', #1780, #659, #1067 ) ;
#3451 = MECHANICAL_DESIGN_GEOMETRIC_PRESENTATION_REPRESENTATION (  '', ( #1721 ), #4292 ) ;
#3452 = ORIENTED_EDGE ( 'NONE', *, *, #1154, .F. ) ;
#3453 = SURFACE_SIDE_STYLE ('',( #2201 ) ) ;
#3454 = CARTESIAN_POINT ( 'NONE',  ( 39.38697919279153581, 35.31608741023872966, 142.5099573205673664 ) ) ;
#3455 = ORIENTED_EDGE ( 'NONE', *, *, #1804, .T. ) ;
#3456 = CIRCLE ( 'NONE', #1127, 2.199999999999989519 ) ;
#3457 = DIRECTION ( 'NONE',  ( -1.000000000000000000, 0.000000000000000000, -5.551115123125781913E-15 ) ) ;
#3458 = CARTESIAN_POINT ( 'NONE',  ( -35.86115507805501323, 51.31608741023972442, 35.50995732056697562 ) ) ;
#3459 = DIRECTION ( 'NONE',  ( -0.2778678402912958534, 6.707968805866620735E-15, -0.9606193123875090834 ) ) ;
#3460 = STYLED_ITEM ( 'NONE', ( #3995 ), #251 ) ;
#3461 = PRESENTATION_LAYER_ASSIGNMENT (  '', '', ( #2805 ) ) ;
#3462 = UNCERTAINTY_MEASURE_WITH_UNIT (LENGTH_MEASURE( 1.000000000000000082E-05 ), #1160, 'distance_accuracy_value', 'NONE');
#3463 = CIRCLE ( 'NONE', #726, 7.500000000000000000 ) ;
#3464 = CARTESIAN_POINT ( 'NONE',  ( 22.80192781192484475, 45.31608741023912046, 86.50995732056738063 ) ) ;
#3465 = VECTOR ( 'NONE', #2923, 1000.000000000000000 ) ;
#3466 = ORIENTED_EDGE ( 'NONE', *, *, #3358, .F. ) ;
#3467 = PLANE ( 'NONE',  #4129 ) ;
#3468 = CARTESIAN_POINT ( 'NONE',  ( 14.13884492194499209, 108.3160874102397315, 39.50995732056697562 ) ) ;
#3469 = UNCERTAINTY_MEASURE_WITH_UNIT (LENGTH_MEASURE( 1.000000000000000082E-05 ), #2207, 'distance_accuracy_value', 'NONE');
#3470 = SURFACE_STYLE_FILL_AREA ( #1446 ) ;
#3471 = CARTESIAN_POINT ( 'NONE',  ( 20.30111724930317507, 45.31608741023917730, 77.86438350907977224 ) ) ;
#3472 = ORIENTED_EDGE ( 'NONE', *, *, #784, .F. ) ;
#3473 = SURFACE_STYLE_USAGE ( .BOTH. , #5035 ) ;
#3474 = ORIENTED_EDGE ( 'NONE', *, *, #2774, .T. ) ;
#3475 = EDGE_CURVE ( 'NONE', #4197, #425, #4059, .T. ) ;
#3476 = LINE ( 'NONE', #489, #419 ) ;
#3477 = VERTEX_POINT ( 'NONE', #3658 ) ;
#3478 = DIRECTION ( 'NONE',  ( 8.673615120850363174E-17, -1.000000000000000000, -2.891205793294676354E-16 ) ) ;
#3479 = VERTEX_POINT ( 'NONE', #1693 ) ;
#3480 = FILL_AREA_STYLE_COLOUR ( '', #4683 ) ;
#3481 = PRESENTATION_LAYER_ASSIGNMENT (  '', '', ( #1721 ) ) ;
#3482 = ADVANCED_FACE ( 'NONE', ( #3301 ), #547, .F. ) ;
#3483 = B_SPLINE_CURVE_WITH_KNOTS ( 'NONE', 3,
 ( #843, #179, #2138, #3645, #1346, #2930, #1734, #3702, #922, #2474, #2507, #4435, #4958, #2106 ),
 .UNSPECIFIED., .F., .F.,
 ( 4, 2, 2, 2, 2, 2, 4 ),
 ( 0.03806466017258990087, 0.03931962731220717266, 0.04057459445182444446, 0.04308452873105896030, 0.04433949587067623904, 0.04559446301029351778, 0.04810439728952807525 ),
 .UNSPECIFIED. ) ;
#3484 = CARTESIAN_POINT ( 'NONE',  ( -5.861155078055012346, 108.3160874102397315, 39.50995732056697562 ) ) ;
#3485 = VERTEX_POINT ( 'NONE', #5018 ) ;
#3486 = DIRECTION ( 'NONE',  ( 1.000000000000000000, 0.000000000000000000, 0.000000000000000000 ) ) ;
#3487 =( NAMED_UNIT ( * ) PLANE_ANGLE_UNIT ( ) SI_UNIT ( $, .RADIAN. ) );
#3488 = DIRECTION ( 'NONE',  ( 0.000000000000000000, -1.000000000000000000, -6.982962677686266711E-15 ) ) ;
#3489 = FACE_OUTER_BOUND ( 'NONE', #291, .T. ) ;
#3490 = CARTESIAN_POINT ( 'NONE',  ( 20.94021328197317544, 41.81608741023916309, 80.07380792757103904 ) ) ;
#3491 = CYLINDRICAL_SURFACE ( 'NONE', #795, 2.200000000000007283 ) ;
#3492 = VERTEX_POINT ( 'NONE', #2619 ) ;
#3493 = CARTESIAN_POINT ( 'NONE',  ( 1.440591950791480169, 60.04695421064893424, 18.45139933238242591 ) ) ;
#3494 = ADVANCED_FACE ( 'NONE', ( #1062 ), #4238, .F. ) ;
#3495 = AXIS2_PLACEMENT_3D ( 'NONE', #4595, #703, #1392 ) ;
#3496 = DIRECTION ( 'NONE',  ( 1.000000000000000000, -2.438088387897967896E-29, 3.491481338843133355E-15 ) ) ;
#3497 = SURFACE_SIDE_STYLE ('',( #1954 ) ) ;
#3498 = ORIENTED_EDGE ( 'NONE', *, *, #1592, .T. ) ;
#3499 = CARTESIAN_POINT ( 'NONE',  ( -21.96989179940104719, 108.1107047211639269, 20.39117872502636430 ) ) ;
#3500 = SURFACE_STYLE_USAGE ( .BOTH. , #1890 ) ;
#3501 =( NAMED_UNIT ( * ) SI_UNIT ( $, .STERADIAN. ) SOLID_ANGLE_UNIT ( ) );
#3502 = ORIENTED_EDGE ( 'NONE', *, *, #3522, .F. ) ;
#3503 = SURFACE_STYLE_FILL_AREA ( #1914 ) ;
#3504 = EDGE_CURVE ( 'NONE', #678, #2391, #2261, .T. ) ;
#3505 = CARTESIAN_POINT ( 'NONE',  ( 19.13884492194477360, 38.31608741023928388, 62.50995732056731669 ) ) ;
#3506 = UNCERTAINTY_MEASURE_WITH_UNIT (LENGTH_MEASURE( 1.000000000000000082E-05 ), #4869, 'distance_accuracy_value', 'NONE');
#3507 = FACE_OUTER_BOUND ( 'NONE', #3063, .T. ) ;
#3508 = FACE_OUTER_BOUND ( 'NONE', #638, .T. ) ;
#3509 = VERTEX_POINT ( 'NONE', #2172 ) ;
#3510 = DIRECTION ( 'NONE',  ( 0.000000000000000000, 1.000000000000000000, 6.505213034913026604E-16 ) ) ;
#3511 = CARTESIAN_POINT ( 'NONE',  ( -5.861155078055005241, 108.3160874102397315, 39.50995732056697562 ) ) ;
#3512 =( NAMED_UNIT ( * ) SI_UNIT ( $, .STERADIAN. ) SOLID_ANGLE_UNIT ( ) );
#3513 = CARTESIAN_POINT ( 'NONE',  ( -5.861155078055005241, 108.3160874102397315, 39.50995732056697562 ) ) ;
#3514 = SURFACE_STYLE_USAGE ( .BOTH. , #372 ) ;
#3515 = SURFACE_STYLE_USAGE ( .BOTH. , #1925 ) ;
#3516 = AXIS2_PLACEMENT_3D ( 'NONE', #84, #774, #3247 ) ;
#3517 = DIRECTION ( 'NONE',  ( -0.000000000000000000, 0.000000000000000000, 1.000000000000000000 ) ) ;
#3518 = VERTEX_POINT ( 'NONE', #4993 ) ;
#3519 =( NAMED_UNIT ( * ) PLANE_ANGLE_UNIT ( ) SI_UNIT ( $, .RADIAN. ) );
#3520 = CIRCLE ( 'NONE', #230, 2.000000000000001776 ) ;
#3521 = SURFACE_STYLE_FILL_AREA ( #3926 ) ;
#3522 = EDGE_CURVE ( 'NONE', #3849, #2746, #3765, .T. ) ;
#3523 = FILL_AREA_STYLE_COLOUR ( '', #644 ) ;
#3524 = MECHANICAL_DESIGN_GEOMETRIC_PRESENTATION_REPRESENTATION (  '', ( #272 ), #4456 ) ;
#3525 = CIRCLE ( 'NONE', #4123, 1.499999999999994449 ) ;
#3527 = CARTESIAN_POINT ( 'NONE',  ( -16.88757575680100587, 95.13491715369421797, 49.75317723855386731 ) ) ;
#3526 = AXIS2_PLACEMENT_3D ( 'NONE', #1880, #3165, #4319 ) ;
#3528 = ORIENTED_EDGE ( 'NONE', *, *, #2371, .F. ) ;
#3529 = SURFACE_STYLE_FILL_AREA ( #94 ) ;
#3530 = CARTESIAN_POINT ( 'NONE',  ( -5.861155078055012346, 38.31608741023972442, 39.50995732056697562 ) ) ;
#3531 = STYLED_ITEM ( 'NONE', ( #800 ), #4153 ) ;
#3532 = CARTESIAN_POINT ( 'NONE',  ( -82.46302080720838035, 38.31608741023887177, 122.0099573205669685 ) ) ;
#3533 = AXIS2_PLACEMENT_3D ( 'NONE', #4876, #4105, #465 ) ;
#3534 = CARTESIAN_POINT ( 'NONE',  ( 8.036551566604789087, 99.61258671474571713, 18.72628082149181594 ) ) ;
#3535 =( GEOMETRIC_REPRESENTATION_CONTEXT ( 3 ) GLOBAL_UNCERTAINTY_ASSIGNED_CONTEXT ( ( #2415 ) ) GLOBAL_UNIT_ASSIGNED_CONTEXT ( ( #2564, #3005, #2636 ) ) REPRESENTATION_CONTEXT ( 'NONE', 'WORKASPACE' ) );
#3536 = ORIENTED_EDGE ( 'NONE', *, *, #2163, .T. ) ;
#3537 =( GEOMETRIC_REPRESENTATION_CONTEXT ( 3 ) GLOBAL_UNCERTAINTY_ASSIGNED_CONTEXT ( ( #1016 ) ) GLOBAL_UNIT_ASSIGNED_CONTEXT ( ( #4893, #4484, #2498 ) ) REPRESENTATION_CONTEXT ( 'NONE', 'WORKASPACE' ) );
#3538 =( GEOMETRIC_REPRESENTATION_CONTEXT ( 3 ) GLOBAL_UNCERTAINTY_ASSIGNED_CONTEXT ( ( #1989 ) ) GLOBAL_UNIT_ASSIGNED_CONTEXT ( ( #3062, #1627, #882 ) ) REPRESENTATION_CONTEXT ( 'NONE', 'WORKASPACE' ) );
#3539 = CARTESIAN_POINT ( 'NONE',  ( -13.86757681004120712, 92.62207768278904041, 30.03138207318533048 ) ) ;
#3540 = EDGE_CURVE ( 'NONE', #2843, #3257, #1386, .T. ) ;
#3541 = CYLINDRICAL_SURFACE ( 'NONE', #3400, 2.000000000000000000 ) ;
#3542 = LINE ( 'NONE', #2649, #2715 ) ;
#3543 = DIRECTION ( 'NONE',  ( -1.000000000000000000, 2.438088387897967896E-29, -3.491481338843133355E-15 ) ) ;
#3544 =( LENGTH_UNIT ( ) NAMED_UNIT ( * ) SI_UNIT ( .MILLI., .METRE. ) );
#3545 = SURFACE_SIDE_STYLE ('',( #4057 ) ) ;
#3546 = PRESENTATION_STYLE_ASSIGNMENT (( #1590 ) ) ;
#3547 = CARTESIAN_POINT ( 'NONE',  ( 39.38697919279157844, 38.31608741023879361, 132.5099573205673948 ) ) ;
#3548 = ORIENTED_EDGE ( 'NONE', *, *, #1342, .F. ) ;
#3549 = EDGE_CURVE ( 'NONE', #1339, #1720, #2245, .T. ) ;
#3550 = FILL_AREA_STYLE_COLOUR ( '', #712 ) ;
#3551 = LINE ( 'NONE', #1237, #3158 ) ;
#3552 = ORIENTED_EDGE ( 'NONE', *, *, #3408, .T. ) ;
#3553 = DIRECTION ( 'NONE',  ( 0.000000000000000000, -1.000000000000000000, -6.982962677686266711E-15 ) ) ;
#3554 = COLOUR_RGB ( '',0.9215686274509803377, 0.9215686274509803377, 0.9215686274509803377 ) ;
#3555 = PLANE ( 'NONE',  #1460 ) ;
#3556 = ORIENTED_EDGE ( 'NONE', *, *, #2478, .T. ) ;
#3557 = UNCERTAINTY_MEASURE_WITH_UNIT (LENGTH_MEASURE( 1.000000000000000082E-05 ), #3036, 'distance_accuracy_value', 'NONE');
#3558 = SURFACE_SIDE_STYLE ('',( #2393 ) ) ;
#3559 = CARTESIAN_POINT ( 'NONE',  ( 11.13884492194495124, 108.3160874102397315, 28.97430356771416626 ) ) ;
#3560 = COLOUR_RGB ( '',0.9215686274509803377, 0.9215686274509803377, 0.9215686274509803377 ) ;
#3561 = ORIENTED_EDGE ( 'NONE', *, *, #416, .T. ) ;
#3562 = VECTOR ( 'NONE', #3592, 1000.000000000000000 ) ;
#3563 = CARTESIAN_POINT ( 'NONE',  ( 8.368209779727198594, 100.5451810290507950, 27.78867375094614189 ) ) ;
#3564 = CARTESIAN_POINT ( 'NONE',  ( -30.53908043656114302, 88.31608741023971731, 35.50995732056698273 ) ) ;
#3565 = CARTESIAN_POINT ( 'NONE',  ( 9.642421067004496749, 107.6499931907000871, 59.12246365518004865 ) ) ;
#3566 = FACE_OUTER_BOUND ( 'NONE', #4374, .T. ) ;
#3567 = EDGE_CURVE ( 'NONE', #4581, #250, #217, .T. ) ;
#3568 = FILL_AREA_STYLE_COLOUR ( '', #82 ) ;
#3569 = DIRECTION ( 'NONE',  ( 0.000000000000000000, -1.000000000000000000, 0.000000000000000000 ) ) ;
#3570 = DIRECTION ( 'NONE',  ( -1.000000000000000000, 0.000000000000000000, -5.551115123125781913E-15 ) ) ;
#3571 = CARTESIAN_POINT ( 'NONE',  ( 4.464931878466656734, 38.31608741023960363, 16.74217464050917314 ) ) ;
#3572 =( NAMED_UNIT ( * ) SI_UNIT ( $, .STERADIAN. ) SOLID_ANGLE_UNIT ( ) );
#3573 = COLOUR_RGB ( '',0.9215686274509803377, 0.9215686274509803377, 0.9215686274509803377 ) ;
#3574 = MECHANICAL_DESIGN_GEOMETRIC_PRESENTATION_REPRESENTATION (  '', ( #2505 ), #929 ) ;
#3575 =( LENGTH_UNIT ( ) NAMED_UNIT ( * ) SI_UNIT ( .MILLI., .METRE. ) );
#3576 = LINE ( 'NONE', #3147, #1785 ) ;
#3577 = EDGE_LOOP ( 'NONE', ( #3528, #2277, #3498, #4764 ) ) ;
#3578 =( LENGTH_UNIT ( ) NAMED_UNIT ( * ) SI_UNIT ( .MILLI., .METRE. ) );
#3579 = AXIS2_PLACEMENT_3D ( 'NONE', #545, #4855, #2064 ) ;
#3580 = CARTESIAN_POINT ( 'NONE',  ( 20.30111724930317507, 45.31608741023917730, 77.86438350907977224 ) ) ;
#3581 = EDGE_LOOP ( 'NONE', ( #2462, #2553, #226, #3085 ) ) ;
#3582 = DIRECTION ( 'NONE',  ( 1.000000000000000000, 0.000000000000000000, 0.000000000000000000 ) ) ;
#3583 = EDGE_CURVE ( 'NONE', #4693, #2248, #4186, .T. ) ;
#3584 =( LENGTH_UNIT ( ) NAMED_UNIT ( * ) SI_UNIT ( .MILLI., .METRE. ) );
#3585 = SURFACE_STYLE_FILL_AREA ( #3234 ) ;
#3586 = EDGE_LOOP ( 'NONE', ( #1873, #2575, #21, #4037 ) ) ;
#3587 = EDGE_CURVE ( 'NONE', #4143, #232, #1772, .T. ) ;
#3588 = CARTESIAN_POINT ( 'NONE',  ( -9.803191544288262449, 90.80888518913994290, 30.62394055893948774 ) ) ;
#3589 = PRESENTATION_STYLE_ASSIGNMENT (( #1246 ) ) ;
#3590 = DIRECTION ( 'NONE',  ( 1.000000000000000000, 0.000000000000000000, 0.000000000000000000 ) ) ;
#3591 = FACE_BOUND ( 'NONE', #3747, .T. ) ;
#3592 = DIRECTION ( 'NONE',  ( 3.491481338843133355E-15, 6.982962677686266711E-15, -1.000000000000000000 ) ) ;
#3593 = CARTESIAN_POINT ( 'NONE',  ( -17.73549716509293006, 38.31608741023972442, 61.50995732056698273 ) ) ;
#3594 = SURFACE_STYLE_FILL_AREA ( #2003 ) ;
#3595 = LINE ( 'NONE', #3947, #1520 ) ;
#3596 = STYLED_ITEM ( 'NONE', ( #5033 ), #4512 ) ;
#3597 =( NAMED_UNIT ( * ) PLANE_ANGLE_UNIT ( ) SI_UNIT ( $, .RADIAN. ) );
#3598 = EDGE_CURVE ( 'NONE', #4170, #1513, #748, .T. ) ;
#3599 = CARTESIAN_POINT ( 'NONE',  ( -21.45752999730016697, 107.7467399131716945, 19.97104396434283302 ) ) ;
#3600 = DIRECTION ( 'NONE',  ( 0.000000000000000000, 0.000000000000000000, -1.000000000000000000 ) ) ;
#3601 = VERTEX_POINT ( 'NONE', #13 ) ;
#3602 = DIRECTION ( 'NONE',  ( -0.9606193123875091944, -1.940340758083407755E-15, 0.2778678402912959089 ) ) ;
#3603 = ORIENTED_EDGE ( 'NONE', *, *, #2063, .F. ) ;
#3604 = CIRCLE ( 'NONE', #4118, 2.200000000000003730 ) ;
#3605 = EDGE_CURVE ( 'NONE', #630, #406, #2731, .T. ) ;
#3606 =( NAMED_UNIT ( * ) PLANE_ANGLE_UNIT ( ) SI_UNIT ( $, .RADIAN. ) );
#3607 = DIRECTION ( 'NONE',  ( -0.2778678402912958534, 6.707968805866620735E-15, -0.9606193123875090834 ) ) ;
#3608 = ORIENTED_EDGE ( 'NONE', *, *, #1195, .F. ) ;
#3609 = SURFACE_STYLE_USAGE ( .BOTH. , #781 ) ;
#3610 =( GEOMETRIC_REPRESENTATION_CONTEXT ( 3 ) GLOBAL_UNCERTAINTY_ASSIGNED_CONTEXT ( ( #4359 ) ) GLOBAL_UNIT_ASSIGNED_CONTEXT ( ( #876, #3597, #2516 ) ) REPRESENTATION_CONTEXT ( 'NONE', 'WORKASPACE' ) );
#3611 = PRESENTATION_STYLE_ASSIGNMENT (( #4069 ) ) ;
#3612 =( GEOMETRIC_REPRESENTATION_CONTEXT ( 3 ) GLOBAL_UNCERTAINTY_ASSIGNED_CONTEXT ( ( #4199 ) ) GLOBAL_UNIT_ASSIGNED_CONTEXT ( ( #617, #3008, #2933 ) ) REPRESENTATION_CONTEXT ( 'NONE', 'WORKASPACE' ) );
#3613 = UNCERTAINTY_MEASURE_WITH_UNIT (LENGTH_MEASURE( 1.000000000000000082E-05 ), #4666, 'distance_accuracy_value', 'NONE');
#3614 = AXIS2_PLACEMENT_3D ( 'NONE', #2752, #4771, #3496 ) ;
#3615 = FILL_AREA_STYLE_COLOUR ( '', #5091 ) ;
#3616 = CARTESIAN_POINT ( 'NONE',  ( 39.38697919279157844, 38.31608741023879361, 132.5099573205673948 ) ) ;
#3617 = COLOUR_RGB ( '',0.9215686274509803377, 0.9215686274509803377, 0.9215686274509803377 ) ;
#3618 = ORIENTED_EDGE ( 'NONE', *, *, #2520, .T. ) ;
#3619 = FILL_AREA_STYLE ('',( #1265 ) ) ;
#3620 = PRESENTATION_LAYER_ASSIGNMENT (  '', '', ( #3460 ) ) ;
#3621 = CARTESIAN_POINT ( 'NONE',  ( 6.398046922930084257, 96.65888196036368640, 28.82962766693080781 ) ) ;
#3622 = PRESENTATION_LAYER_ASSIGNMENT (  '', '', ( #1874 ) ) ;
#3623 = DIRECTION ( 'NONE',  ( 1.000000000000000000, -1.850371707708482742E-15, 6.938893903906810281E-15 ) ) ;
#3624 = EDGE_CURVE ( 'NONE', #2488, #2956, #2776, .T. ) ;
#3625 = SURFACE_SIDE_STYLE ('',( #2028 ) ) ;
#3626 = CARTESIAN_POINT ( 'NONE',  ( -82.46302080720835193, 45.31608741023892861, 113.0099573205670112 ) ) ;
#3627 = PRESENTATION_STYLE_ASSIGNMENT (( #2482 ) ) ;
#3628 = FILL_AREA_STYLE ('',( #4442 ) ) ;
#3629 = FACE_OUTER_BOUND ( 'NONE', #3721, .T. ) ;
#3630 = CARTESIAN_POINT ( 'NONE',  ( -21.36453898541595109, 107.6498325460636067, 59.12261758443932536 ) ) ;
#3631 = CARTESIAN_POINT ( 'NONE',  ( 21.55152253061402945, 41.81608741023914888, 82.18717041482356933 ) ) ;
#3632 = PRESENTATION_LAYER_ASSIGNMENT (  '', '', ( #4572 ) ) ;
#3633 = VERTEX_POINT ( 'NONE', #3897 ) ;
#3634 = DIRECTION ( 'NONE',  ( -3.469446951953611033E-15, 0.000000000000000000, 1.000000000000000000 ) ) ;
#3635 = DIRECTION ( 'NONE',  ( -0.000000000000000000, -0.000000000000000000, 1.000000000000000000 ) ) ;
#3636 = VERTEX_POINT ( 'NONE', #440 ) ;
#3637 = FILL_AREA_STYLE_COLOUR ( '', #3012 ) ;
#3638 = SURFACE_STYLE_FILL_AREA ( #3183 ) ;
#3639 = EDGE_CURVE ( 'NONE', #5082, #4454, #4725, .T. ) ;
#3640 = COLOUR_RGB ( '',0.9215686274509803377, 0.9215686274509803377, 0.9215686274509803377 ) ;
#3641 = LINE ( 'NONE', #1556, #2115 ) ;
#3642 = PRESENTATION_LAYER_ASSIGNMENT (  '', '', ( #744 ) ) ;
#3643 = ORIENTED_EDGE ( 'NONE', *, *, #85, .F. ) ;
#3644 = DIRECTION ( 'NONE',  ( 1.000000000000000000, -0.000000000000000000, -0.000000000000000000 ) ) ;
#3645 = CARTESIAN_POINT ( 'NONE',  ( -18.65280164590918943, 97.47167396661097882, 60.99106289691720661 ) ) ;
#3646 = STYLED_ITEM ( 'NONE', ( #632 ), #2647 ) ;
#3647 = CARTESIAN_POINT ( 'NONE',  ( 10.35817776350683239, 108.1608642092615469, 51.21211257561818542 ) ) ;
#3648 = FACE_BOUND ( 'NONE', #4782, .T. ) ;
#3649 = DIRECTION ( 'NONE',  ( -1.000000000000000000, 0.000000000000000000, -3.608224830031757968E-15 ) ) ;
#3650 = VECTOR ( 'NONE', #1647, 1000.000000000000000 ) ;
#3651 = LINE ( 'NONE', #848, #2133 ) ;
#3652 = AXIS2_PLACEMENT_3D ( 'NONE', #2644, #4181, #4231 ) ;
#3653 = CARTESIAN_POINT ( 'NONE',  ( -35.86115507805501323, 48.31608741023972442, 35.50995732056696852 ) ) ;
#3654 = FACE_OUTER_BOUND ( 'NONE', #3727, .T. ) ;
#3655 = EDGE_CURVE ( 'NONE', #3390, #2488, #2217, .T. ) ;
#3656 = DIRECTION ( 'NONE',  ( -1.000000000000000000, 0.000000000000000000, 0.000000000000000000 ) ) ;
#3657 = DIRECTION ( 'NONE',  ( -1.000000000000000000, 0.000000000000000000, 0.000000000000000000 ) ) ;
#3658 = CARTESIAN_POINT ( 'NONE',  ( -5.861155078055012346, 65.81609001472889986, 32.00995732056697562 ) ) ;
#3659 = EDGE_LOOP ( 'NONE', ( #3466, #176, #1796, #1433 ) ) ;
#3660 = ORIENTED_EDGE ( 'NONE', *, *, #5054, .F. ) ;
#3661 = CARTESIAN_POINT ( 'NONE',  ( -53.61167705983285714, 38.31608741023898546, 104.6266218876284597 ) ) ;
#3662 = ORIENTED_EDGE ( 'NONE', *, *, #5118, .T. ) ;
#3663 = COLOUR_RGB ( '',0.9215686274509803377, 0.9215686274509803377, 0.9215686274509803377 ) ;
#3664 = FILL_AREA_STYLE_COLOUR ( '', #1357 ) ;
#3666 = LINE ( 'NONE', #1699, #1083 ) ;
#3665 =( GEOMETRIC_REPRESENTATION_CONTEXT ( 3 ) GLOBAL_UNCERTAINTY_ASSIGNED_CONTEXT ( ( #3462 ) ) GLOBAL_UNIT_ASSIGNED_CONTEXT ( ( #1160, #3182, #380 ) ) REPRESENTATION_CONTEXT ( 'NONE', 'WORKASPACE' ) );
#3667 = EDGE_LOOP ( 'NONE', ( #1694, #4479, #1846, #2716 ) ) ;
#3668 = SURFACE_STYLE_FILL_AREA ( #2998 ) ;
#3669 = UNCERTAINTY_MEASURE_WITH_UNIT (LENGTH_MEASURE( 1.000000000000000082E-05 ), #2604, 'distance_accuracy_value', 'NONE');
#3670 = CIRCLE ( 'NONE', #526, 25.00000000000000711 ) ;
#3671 = CARTESIAN_POINT ( 'NONE',  ( 31.85573642160352392, 38.31608741023890019, 117.8099573205673636 ) ) ;
#3672 = EDGE_CURVE ( 'NONE', #4678, #194, #1107, .T. ) ;
#3673 = ORIENTED_EDGE ( 'NONE', *, *, #102, .F. ) ;
#3674 = FILL_AREA_STYLE ('',( #4049 ) ) ;
#3675 = CARTESIAN_POINT ( 'NONE',  ( -35.86115507805501323, 51.31608741023971731, 43.50995732056697562 ) ) ;
#3676 =( NAMED_UNIT ( * ) SI_UNIT ( $, .STERADIAN. ) SOLID_ANGLE_UNIT ( ) );
#3677 = ORIENTED_EDGE ( 'NONE', *, *, #2571, .F. ) ;
#3678 = CARTESIAN_POINT ( 'NONE',  ( -30.86115507805554969, 38.31608741023864440, 153.7311177574586338 ) ) ;
#3679 = PRESENTATION_STYLE_ASSIGNMENT (( #4938 ) ) ;
#3680 = SURFACE_STYLE_FILL_AREA ( #2031 ) ;
#3681 =( LENGTH_UNIT ( ) NAMED_UNIT ( * ) SI_UNIT ( .MILLI., .METRE. ) );
#3682 = DIRECTION ( 'NONE',  ( 1.000000000000000000, -2.438088387897967896E-29, 3.491481338843133355E-15 ) ) ;
#3683 = CARTESIAN_POINT ( 'NONE',  ( -21.12086298192019029, 107.3121283307685729, 59.31267125702488130 ) ) ;
#3684 = CARTESIAN_POINT ( 'NONE',  ( 1.175661813989794968, 60.92353824725005751, 17.74311975841554911 ) ) ;
#3685 = ORIENTED_EDGE ( 'NONE', *, *, #4679, .F. ) ;
#3686 = ORIENTED_EDGE ( 'NONE', *, *, #4285, .F. ) ;
#3687 = FACE_OUTER_BOUND ( 'NONE', #3016, .T. ) ;
#3688 = EDGE_LOOP ( 'NONE', ( #3452, #3548 ) ) ;
#3689 = CARTESIAN_POINT ( 'NONE',  ( -22.86115507805497415, 108.3160874102397315, 57.84026010039035981 ) ) ;
#3690 = MECHANICAL_DESIGN_GEOMETRIC_PRESENTATION_REPRESENTATION (  '', ( #2612 ), #5045 ) ;
#3691 = ADVANCED_FACE ( 'NONE', ( #724 ), #1199, .F. ) ;
#3692 = ORIENTED_EDGE ( 'NONE', *, *, #1593, .T. ) ;
#3693 = LINE ( 'NONE', #2157, #3465 ) ;
#3694 = COLOUR_RGB ( '',0.7921568627450980005, 0.8196078431372548767, 0.9333333333333333481 ) ;
#3695 = DIRECTION ( 'NONE',  ( 0.000000000000000000, -1.000000000000000000, -6.982962677686266711E-15 ) ) ;
#3696 = SURFACE_STYLE_FILL_AREA ( #2562 ) ;
#3697 = ORIENTED_EDGE ( 'NONE', *, *, #3587, .T. ) ;
#3698 = CIRCLE ( 'NONE', #792, 25.00000000000000711 ) ;
#3699 = PRESENTATION_LAYER_ASSIGNMENT (  '', '', ( #3867 ) ) ;
#3700 = PLANE ( 'NONE',  #4249 ) ;
#3701 = CIRCLE ( 'NONE', #3368, 13.22875655532298289 ) ;
#3702 = CARTESIAN_POINT ( 'NONE',  ( -20.16399251715483842, 100.7775982638592325, 60.01497392359591032 ) ) ;
#3703 = DIRECTION ( 'NONE',  ( 0.000000000000000000, -1.000000000000000000, -6.982962677686266711E-15 ) ) ;
#3704 = VECTOR ( 'NONE', #2183, 1000.000000000000227 ) ;
#3705 = LINE ( 'NONE', #4051, #3811 ) ;
#3706 = ORIENTED_EDGE ( 'NONE', *, *, #894, .T. ) ;
#3707 = SURFACE_STYLE_USAGE ( .BOTH. , #1825 ) ;
#3708 = DIRECTION ( 'NONE',  ( 0.2778678402912961309, -6.707968805866619946E-15, 0.9606193123875089723 ) ) ;
#3709 = CIRCLE ( 'NONE', #881, 2.199999999999989519 ) ;
#3710 = LINE ( 'NONE', #3343, #2032 ) ;
#3711 = ADVANCED_FACE ( 'NONE', ( #1974 ), #2337, .F. ) ;
#3712 = AXIS2_PLACEMENT_3D ( 'NONE', #4235, #1383, #1767 ) ;
#3713 = CARTESIAN_POINT ( 'NONE',  ( 3.638844921944920152, 35.31608741023958942, 18.56359725491379820 ) ) ;
#3714 = DIRECTION ( 'NONE',  ( -3.491481338843133355E-15, -6.982962677686266711E-15, 1.000000000000000000 ) ) ;
#3715 = VECTOR ( 'NONE', #395, 1000.000000000000000 ) ;
#3716 = FILL_AREA_STYLE ('',( #2123 ) ) ;
#3717 = ORIENTED_EDGE ( 'NONE', *, *, #4128, .T. ) ;
#3718 =( GEOMETRIC_REPRESENTATION_CONTEXT ( 3 ) GLOBAL_UNCERTAINTY_ASSIGNED_CONTEXT ( ( #3728 ) ) GLOBAL_UNIT_ASSIGNED_CONTEXT ( ( #2440, #2047, #4379 ) ) REPRESENTATION_CONTEXT ( 'NONE', 'WORKASPACE' ) );
#3719 = AXIS2_PLACEMENT_3D ( 'NONE', #1478, #1101, #2815 ) ;
#3720 = FILL_AREA_STYLE ('',( #2552 ) ) ;
#3721 = EDGE_LOOP ( 'NONE', ( #2601, #2898, #3376, #4190 ) ) ;
#3722 = CARTESIAN_POINT ( 'NONE',  ( -3.889229900000230611, 90.43783935268031371, 48.26956899033785930 ) ) ;
#3723 = ORIENTED_EDGE ( 'NONE', *, *, #1380, .F. ) ;
#3724 = CARTESIAN_POINT ( 'NONE',  ( -11.13228174840621776, 63.65137104060926276, 17.50039417394406627 ) ) ;
#3725 = DIRECTION ( 'NONE',  ( -1.000000000000000000, 0.000000000000000000, 0.000000000000000000 ) ) ;
#3726 = CIRCLE ( 'NONE', #2814, 2.199999999999975753 ) ;
#3727 = EDGE_LOOP ( 'NONE', ( #2295, #4696, #2563, #273 ) ) ;
#3728 = UNCERTAINTY_MEASURE_WITH_UNIT (LENGTH_MEASURE( 1.000000000000000082E-05 ), #2440, 'distance_accuracy_value', 'NONE');
#3729 = ADVANCED_FACE ( 'NONE', ( #83 ), #2480, .F. ) ;
#3730 = CARTESIAN_POINT ( 'NONE',  ( -19.43545592500945673, 98.88269299647269861, 18.51132283666648704 ) ) ;
#3731 = ORIENTED_EDGE ( 'NONE', *, *, #4828, .T. ) ;
#3732 =( LENGTH_UNIT ( ) NAMED_UNIT ( * ) SI_UNIT ( .MILLI., .METRE. ) );
#3733 = PLANE ( 'NONE',  #2948 ) ;
#3734 = PLANE ( 'NONE',  #4306 ) ;
#3735 =( GEOMETRIC_REPRESENTATION_CONTEXT ( 3 ) GLOBAL_UNCERTAINTY_ASSIGNED_CONTEXT ( ( #2844 ) ) GLOBAL_UNIT_ASSIGNED_CONTEXT ( ( #274, #4590, #2991 ) ) REPRESENTATION_CONTEXT ( 'NONE', 'WORKASPACE' ) );
#3736 = CARTESIAN_POINT ( 'NONE',  ( -29.26402080720819043, 45.31608741023926257, 65.75995732056719589 ) ) ;
#3737 = EDGE_LOOP ( 'NONE', ( #4659, #995, #4819, #4008 ) ) ;
#3738 = SURFACE_STYLE_USAGE ( .BOTH. , #1026 ) ;
#3739 = FACE_OUTER_BOUND ( 'NONE', #1573, .T. ) ;
#3740 = SURFACE_STYLE_FILL_AREA ( #494 ) ;
#3741 = LINE ( 'NONE', #2194, #4815 ) ;
#3742 = CARTESIAN_POINT ( 'NONE',  ( -38.26402080720819043, 45.31608741023926257, 65.75995732056716747 ) ) ;
#3743 = CARTESIAN_POINT ( 'NONE',  ( -5.861155078055012346, 51.31608741023971731, 39.50995732056697562 ) ) ;
#3744 =( GEOMETRIC_REPRESENTATION_CONTEXT ( 3 ) GLOBAL_UNCERTAINTY_ASSIGNED_CONTEXT ( ( #4040 ) ) GLOBAL_UNIT_ASSIGNED_CONTEXT ( ( #1838, #685, #4677 ) ) REPRESENTATION_CONTEXT ( 'NONE', 'WORKASPACE' ) );
#3745 = EDGE_CURVE ( 'NONE', #3956, #1108, #542, .T. ) ;
#3746 = CARTESIAN_POINT ( 'NONE',  ( 1.550236854317211144, 60.72482488446645732, 17.31335404495591490 ) ) ;
#3747 = EDGE_LOOP ( 'NONE', ( #1755, #4461 ) ) ;
#3748 = EDGE_LOOP ( 'NONE', ( #858, #1652, #539, #2816 ) ) ;
#3749 = SURFACE_SIDE_STYLE ('',( #1280 ) ) ;
#3750 = ORIENTED_EDGE ( 'NONE', *, *, #2400, .T. ) ;
#3751 = CARTESIAN_POINT ( 'NONE',  ( -13.36115507805507541, 38.31608741023958942, 18.56359725491377333 ) ) ;
#3752 = CARTESIAN_POINT ( 'NONE',  ( -21.47875574239189689, 107.7681321634618286, 27.02708888818500199 ) ) ;
#3753 = ORIENTED_EDGE ( 'NONE', *, *, #2596, .T. ) ;
#3754 = VECTOR ( 'NONE', #4273, 1000.000000000000227 ) ;
#3755 = LINE ( 'NONE', #1395, #722 ) ;
#3756 = ORIENTED_EDGE ( 'NONE', *, *, #1689, .T. ) ;
#3757 = CARTESIAN_POINT ( 'NONE',  ( 1.638845684782421541, 62.70948759953465412, 35.11655973576122847 ) ) ;
#3758 = SURFACE_SIDE_STYLE ('',( #4984 ) ) ;
#3759 = ORIENTED_EDGE ( 'NONE', *, *, #2557, .F. ) ;
#3760 = STYLED_ITEM ( 'NONE', ( #4607 ), #1130 ) ;
#3761 = EDGE_CURVE ( 'NONE', #156, #5041, #3651, .T. ) ;
#3762 =( NAMED_UNIT ( * ) PLANE_ANGLE_UNIT ( ) SI_UNIT ( $, .RADIAN. ) );
#3763 = CARTESIAN_POINT ( 'NONE',  ( -0.5652046050294914359, 63.62673108594313476, 17.50995732056683707 ) ) ;
#3764 =( LENGTH_UNIT ( ) NAMED_UNIT ( * ) SI_UNIT ( .MILLI., .METRE. ) );
#3765 = LINE ( 'NONE', #1802, #750 ) ;
#3766 = VERTEX_POINT ( 'NONE', #4524 ) ;
#3767 = EDGE_LOOP ( 'NONE', ( #1125, #717, #4305, #1522 ) ) ;
#3768 = B_SPLINE_CURVE_WITH_KNOTS ( 'NONE', 3,
 ( #4185, #1028, #2120, #623, #2196, #4208, #4162, #2171, #3792, #2544, #3038, #3324 ),
 .UNSPECIFIED., .F., .F.,
 ( 4, 2, 2, 2, 2, 4 ),
 ( 1.398578778534940505E-17, 0.002509622704188452322, 0.003764434056282671328, 0.005019245408376889900, 0.007528868112565285410, 0.01003849081675367919 ),
 .UNSPECIFIED. ) ;
#3769 = ADVANCED_FACE ( 'NONE', ( #107 ), #2426, .F. ) ;
#3770 = VERTEX_POINT ( 'NONE', #2511 ) ;
#3771 = PRESENTATION_STYLE_ASSIGNMENT (( #4999 ) ) ;
#3772 = CARTESIAN_POINT ( 'NONE',  ( -5.383664288474681037, 90.31544629203540353, 48.22753458385740544 ) ) ;
#3773 = VERTEX_POINT ( 'NONE', #950 ) ;
#3774 = FILL_AREA_STYLE_COLOUR ( '', #522 ) ;
#3775 = UNCERTAINTY_MEASURE_WITH_UNIT (LENGTH_MEASURE( 1.000000000000000082E-05 ), #48, 'distance_accuracy_value', 'NONE');
#3776 = EDGE_CURVE ( 'NONE', #2795, #2782, #3379, .T. ) ;
#3777 = VECTOR ( 'NONE', #4959, 1000.000000000000000 ) ;
#3778 =( NAMED_UNIT ( * ) SI_UNIT ( $, .STERADIAN. ) SOLID_ANGLE_UNIT ( ) );
#3779 = VERTEX_POINT ( 'NONE', #1272 ) ;
#3780 = CARTESIAN_POINT ( 'NONE',  ( -29.26402080720821886, 45.31608741023920572, 73.75995732056718168 ) ) ;
#3781 = AXIS2_PLACEMENT_3D ( 'NONE', #2778, #3978, #3517 ) ;
#3782 = CARTESIAN_POINT ( 'NONE',  ( -5.861155078055149126, -33.20237785007919484, 39.50995732056671272 ) ) ;
#3783 = SURFACE_STYLE_USAGE ( .BOTH. , #2981 ) ;
#3784 = CIRCLE ( 'NONE', #1773, 5.000000000000004441 ) ;
#3785 = ORIENTED_EDGE ( 'NONE', *, *, #1769, .F. ) ;
#3786 = VECTOR ( 'NONE', #3714, 1000.000000000000000 ) ;
#3787 =( LENGTH_UNIT ( ) NAMED_UNIT ( * ) SI_UNIT ( .MILLI., .METRE. ) );
#3788 = VECTOR ( 'NONE', #2968, 1000.000000000000000 ) ;
#3789 = DIRECTION ( 'NONE',  ( 0.000000000000000000, -1.000000000000000000, -6.982962677686266711E-15 ) ) ;
#3790 = ADVANCED_FACE ( 'NONE', ( #4133 ), #2875, .F. ) ;
#3791 = VECTOR ( 'NONE', #4236, 1000.000000000000000 ) ;
#3792 = CARTESIAN_POINT ( 'NONE',  ( 7.713145768899561716, 98.88269299647284072, 60.50859180446737184 ) ) ;
#3793 = DIRECTION ( 'NONE',  ( -1.000000000000000000, 2.438088387897967896E-29, -3.491481338843133355E-15 ) ) ;
#3794 = ORIENTED_EDGE ( 'NONE', *, *, #304, .T. ) ;
#3795 = ORIENTED_EDGE ( 'NONE', *, *, #1258, .T. ) ;
#3796 = PRESENTATION_LAYER_ASSIGNMENT (  '', '', ( #1787 ) ) ;
#3797 = DIRECTION ( 'NONE',  ( 0.000000000000000000, -1.000000000000000000, 0.000000000000000000 ) ) ;
#3798 = ORIENTED_EDGE ( 'NONE', *, *, #426, .F. ) ;
#3799 = DIRECTION ( 'NONE',  ( 3.491481338843133355E-15, 6.982962677686266711E-15, -1.000000000000000000 ) ) ;
#3800 = CARTESIAN_POINT ( 'NONE',  ( -85.61302080720845709, 35.31608741023872966, 142.5099573205669117 ) ) ;
#3801 = CARTESIAN_POINT ( 'NONE',  ( -10.25455336025693320, 65.81609001472912723, 32.00995732056674825 ) ) ;
#3802 = PLANE ( 'NONE',  #2486 ) ;
#3803 = VERTEX_POINT ( 'NONE', #4336 ) ;
#3804 = CARTESIAN_POINT ( 'NONE',  ( -13.04001662885105084, 60.99617654827630986, 17.50995732056675180 ) ) ;
#3805 = ADVANCED_FACE ( 'NONE', ( #760 ), #3127, .T. ) ;
#3806 = SURFACE_STYLE_FILL_AREA ( #2059 ) ;
#3807 = DIRECTION ( 'NONE',  ( 0.2778678402912957979, -6.308085367188378605E-15, 0.9606193123875090834 ) ) ;
#3808 = DIRECTION ( 'NONE',  ( -0.000000000000000000, -1.000000000000000000, -0.000000000000000000 ) ) ;
#3809 = ORIENTED_EDGE ( 'NONE', *, *, #1294, .F. ) ;
#3810 = CYLINDRICAL_SURFACE ( 'NONE', #3360, 7.500000000000452083 ) ;
#3811 = VECTOR ( 'NONE', #867, 1000.000000000000000 ) ;
#3812 = STYLED_ITEM ( 'NONE', ( #2397 ), #210 ) ;
#3813 = LINE ( 'NONE', #1457, #5072 ) ;
#3814 = CARTESIAN_POINT ( 'NONE',  ( -17.73549716509293006, 96.15093602032807496, 61.50995732056697562 ) ) ;
#3815 = VECTOR ( 'NONE', #4934, 1000.000000000000000 ) ;
#3816 = EDGE_CURVE ( 'NONE', #3479, #3352, #1290, .T. ) ;
#3817 = ORIENTED_EDGE ( 'NONE', *, *, #140, .T. ) ;
#3818 = CARTESIAN_POINT ( 'NONE',  ( 31.21664038893351290, 41.81608741023891440, 115.6005329020760826 ) ) ;
#3819 = DIRECTION ( 'NONE',  ( -3.838426034038494774E-15, -6.982962677686266711E-15, 1.000000000000000000 ) ) ;
#3820 = ORIENTED_EDGE ( 'NONE', *, *, #1430, .T. ) ;
#3821 = SURFACE_STYLE_FILL_AREA ( #4192 ) ;
#3822 = SURFACE_STYLE_FILL_AREA ( #2318 ) ;
#3823 =( NAMED_UNIT ( * ) PLANE_ANGLE_UNIT ( ) SI_UNIT ( $, .RADIAN. ) );
#3824 = COLOUR_RGB ( '',0.9215686274509803377, 0.9215686274509803377, 0.9215686274509803377 ) ;
#3825 = AXIS2_PLACEMENT_3D ( 'NONE', #2383, #1510, #3649 ) ;
#3826 = UNCERTAINTY_MEASURE_WITH_UNIT (LENGTH_MEASURE( 1.000000000000000082E-05 ), #4369, 'distance_accuracy_value', 'NONE');
#3827 = DIRECTION ( 'NONE',  ( -0.2778678402912962975, 6.707968805866621523E-15, -0.9606193123875090834 ) ) ;
#3828 = ORIENTED_EDGE ( 'NONE', *, *, #1740, .F. ) ;
#3829 = DIRECTION ( 'NONE',  ( -0.000000000000000000, 1.000000000000000000, -0.000000000000000000 ) ) ;
#3830 = UNCERTAINTY_MEASURE_WITH_UNIT (LENGTH_MEASURE( 1.000000000000000082E-05 ), #3861, 'distance_accuracy_value', 'NONE');
#3831 = VECTOR ( 'NONE', #3553, 1000.000000000000000 ) ;
#3832 =( NAMED_UNIT ( * ) SI_UNIT ( $, .STERADIAN. ) SOLID_ANGLE_UNIT ( ) );
#3833 = CARTESIAN_POINT ( 'NONE',  ( -22.86115507805497415, 108.3160874102397315, 50.04561107341977788 ) ) ;
#3834 = ORIENTED_EDGE ( 'NONE', *, *, #3504, .T. ) ;
#3835 = EDGE_CURVE ( 'NONE', #2525, #1632, #2349, .T. ) ;
#3836 =( NAMED_UNIT ( * ) SI_UNIT ( $, .STERADIAN. ) SOLID_ANGLE_UNIT ( ) );
#3837 = MECHANICAL_DESIGN_GEOMETRIC_PRESENTATION_REPRESENTATION (  '', ( #3173 ), #4261 ) ;
#3838 = ORIENTED_EDGE ( 'NONE', *, *, #2311, .T. ) ;
#3839 = DIRECTION ( 'NONE',  ( 0.000000000000000000, 0.000000000000000000, -1.000000000000000000 ) ) ;
#3840 = AXIS2_PLACEMENT_3D ( 'NONE', #543, #872, #2876 ) ;
#3841 = CARTESIAN_POINT ( 'NONE',  ( 1.638844921944987876, 51.31608741023972442, 39.50995732056697562 ) ) ;
#3842 = DIRECTION ( 'NONE',  ( -0.000000000000000000, 1.000000000000000000, 6.982962677686266711E-15 ) ) ;
#3843 = DIRECTION ( 'NONE',  ( -3.491481338843133355E-15, -6.982962677686266711E-15, 1.000000000000000000 ) ) ;
#3844 = COLOUR_RGB ( '',0.9215686274509803377, 0.9215686274509803377, 0.9215686274509803377 ) ;
#3845 = CARTESIAN_POINT ( 'NONE',  ( 9.138844921944951238, 106.3160874102397315, 59.50995732056699694 ) ) ;
#3846 = DIRECTION ( 'NONE',  ( -9.251858538542971828E-16, 0.000000000000000000, 1.000000000000000000 ) ) ;
#3847 = ORIENTED_EDGE ( 'NONE', *, *, #5103, .F. ) ;
#3848 = CARTESIAN_POINT ( 'NONE',  ( 19.13884492194477360, 35.31608741023928388, 62.50995732056728826 ) ) ;
#3849 = VERTEX_POINT ( 'NONE', #1047 ) ;
#3850 = CARTESIAN_POINT ( 'NONE',  ( -82.46302080720835193, 45.31608741023892861, 113.0099573205670112 ) ) ;
#3851 = CARTESIAN_POINT ( 'NONE',  ( -38.26402080720819043, 38.31608741023926257, 65.75995732056711063 ) ) ;
#3852 = FILL_AREA_STYLE_COLOUR ( '', #4564 ) ;
#3853 = EDGE_CURVE ( 'NONE', #457, #2127, #485, .T. ) ;
#3854 = CARTESIAN_POINT ( 'NONE',  ( 1.638844921944850652, -33.20237785007919484, 39.50995732056674115 ) ) ;
#3855 = ORIENTED_EDGE ( 'NONE', *, *, #4897, .F. ) ;
#3856 =( NAMED_UNIT ( * ) PLANE_ANGLE_UNIT ( ) SI_UNIT ( $, .RADIAN. ) );
#3857 = CARTESIAN_POINT ( 'NONE',  ( 21.66997135988173895, 38.31608741023894282, 111.3873262314101282 ) ) ;
#3858 =( GEOMETRIC_REPRESENTATION_CONTEXT ( 3 ) GLOBAL_UNCERTAINTY_ASSIGNED_CONTEXT ( ( #4676 ) ) GLOBAL_UNIT_ASSIGNED_CONTEXT ( ( #312, #3083, #3832 ) ) REPRESENTATION_CONTEXT ( 'NONE', 'WORKASPACE' ) );
#3859 = CARTESIAN_POINT ( 'NONE',  ( -84.21302080720842298, 35.31608741023878650, 134.0099573205669685 ) ) ;
#3860 = ORIENTED_EDGE ( 'NONE', *, *, #2211, .T. ) ;
#3861 =( LENGTH_UNIT ( ) NAMED_UNIT ( * ) SI_UNIT ( .MILLI., .METRE. ) );
#3862 = ORIENTED_EDGE ( 'NONE', *, *, #1534, .F. ) ;
#3863 =( GEOMETRIC_REPRESENTATION_CONTEXT ( 3 ) GLOBAL_UNCERTAINTY_ASSIGNED_CONTEXT ( ( #3775 ) ) GLOBAL_UNIT_ASSIGNED_CONTEXT ( ( #48, #5110, #811 ) ) REPRESENTATION_CONTEXT ( 'NONE', 'WORKASPACE' ) );
#3864 = CARTESIAN_POINT ( 'NONE',  ( 1.232817540655513300, 60.76302777434221269, 18.33763022357744887 ) ) ;
#3865 = DIRECTION ( 'NONE',  ( -0.000000000000000000, -1.000000000000000000, -0.000000000000000000 ) ) ;
#3866 = VECTOR ( 'NONE', #4640, 1000.000000000000000 ) ;
#3867 = STYLED_ITEM ( 'NONE', ( #4339 ), #2042 ) ;
#3868 = ADVANCED_FACE ( 'NONE', ( #285 ), #1841, .F. ) ;
#3869 = VERTEX_POINT ( 'NONE', #1601 ) ;
#3870 = PRESENTATION_LAYER_ASSIGNMENT (  '', '', ( #967 ) ) ;
#3871 = ORIENTED_EDGE ( 'NONE', *, *, #3431, .T. ) ;
#3872 = STYLED_ITEM ( 'NONE', ( #2634 ), #4224 ) ;
#3873 = SHAPE_DEFINITION_REPRESENTATION ( #2584, #2924 ) ;
#3874 = SURFACE_SIDE_STYLE ('',( #3822 ) ) ;
#3875 = FILL_AREA_STYLE ('',( #3852 ) ) ;
#3876 = CIRCLE ( 'NONE', #1621, 20.00000000000000355 ) ;
#3877 = ORIENTED_EDGE ( 'NONE', *, *, #3093, .T. ) ;
#3878 = UNCERTAINTY_MEASURE_WITH_UNIT (LENGTH_MEASURE( 1.000000000000000082E-05 ), #3681, 'distance_accuracy_value', 'NONE');
#3879 = MECHANICAL_DESIGN_GEOMETRIC_PRESENTATION_REPRESENTATION (  '', ( #483 ), #2307 ) ;
#3880 = PRESENTATION_STYLE_ASSIGNMENT (( #734 ) ) ;
#3881 = ORIENTED_EDGE ( 'NONE', *, *, #1454, .T. ) ;
#3882 = CARTESIAN_POINT ( 'NONE',  ( -33.61167705983276477, 35.31608741023912756, 84.62662188762850235 ) ) ;
#3883 = DIRECTION ( 'NONE',  ( -1.000000000000000000, 2.438088387897967896E-29, -3.491481338843133355E-15 ) ) ;
#3884 = DIRECTION ( 'NONE',  ( -1.000000000000000000, 0.000000000000000000, 0.000000000000000000 ) ) ;
#3885 = EDGE_CURVE ( 'NONE', #2956, #3439, #4389, .T. ) ;
#3886 = UNCERTAINTY_MEASURE_WITH_UNIT (LENGTH_MEASURE( 1.000000000000000082E-05 ), #3404, 'distance_accuracy_value', 'NONE');
#3887 = CARTESIAN_POINT ( 'NONE',  ( -85.61302080720845709, 35.31608741023872966, 142.5099573205669117 ) ) ;
#3888 =( GEOMETRIC_REPRESENTATION_CONTEXT ( 3 ) GLOBAL_UNCERTAINTY_ASSIGNED_CONTEXT ( ( #303 ) ) GLOBAL_UNIT_ASSIGNED_CONTEXT ( ( #3121, #4194, #661 ) ) REPRESENTATION_CONTEXT ( 'NONE', 'WORKASPACE' ) );
#3889 = LINE ( 'NONE', #2275, #3303 ) ;
#3890 =( NAMED_UNIT ( * ) SI_UNIT ( $, .STERADIAN. ) SOLID_ANGLE_UNIT ( ) );
#3891 = VERTEX_POINT ( 'NONE', #408 ) ;
#3892 =( NAMED_UNIT ( * ) SI_UNIT ( $, .STERADIAN. ) SOLID_ANGLE_UNIT ( ) );
#3893 = SURFACE_SIDE_STYLE ('',( #3163 ) ) ;
#3894 = SURFACE_STYLE_USAGE ( .BOTH. , #3973 ) ;
#3895 =( LENGTH_UNIT ( ) NAMED_UNIT ( * ) SI_UNIT ( .MILLI., .METRE. ) );
#3896 = SURFACE_STYLE_USAGE ( .BOTH. , #3975 ) ;
#3897 = CARTESIAN_POINT ( 'NONE',  ( 29.35492585898175477, 45.31608741023895703, 109.1643835090797978 ) ) ;
#3898 = DIRECTION ( 'NONE',  ( 8.673615120850363174E-17, -1.000000000000000000, 0.000000000000000000 ) ) ;
#3899 = FILL_AREA_STYLE ('',( #39 ) ) ;
#3900 = FILL_AREA_STYLE ('',( #2707 ) ) ;
#3901 = ORIENTED_EDGE ( 'NONE', *, *, #2520, .F. ) ;
#3902 = VECTOR ( 'NONE', #2049, 1000.000000000000000 ) ;
#3903 = ADVANCED_FACE ( 'NONE', ( #482 ), #1962, .F. ) ;
#3904 = CARTESIAN_POINT ( 'NONE',  ( -13.10941741437666153, 60.30725890083142815, 18.42142642034272626 ) ) ;
#3905 = PRESENTATION_LAYER_ASSIGNMENT (  '', '', ( #4752 ) ) ;
#3906 =( LENGTH_UNIT ( ) NAMED_UNIT ( * ) SI_UNIT ( .MILLI., .METRE. ) );
#3907 = ORIENTED_EDGE ( 'NONE', *, *, #1675, .F. ) ;
#3908 = FILL_AREA_STYLE_COLOUR ( '', #3212 ) ;
#3909 = MECHANICAL_DESIGN_GEOMETRIC_PRESENTATION_REPRESENTATION (  '', ( #2070 ), #431 ) ;
#3910 = CARTESIAN_POINT ( 'NONE',  ( -5.861155078055012346, 108.3160874102397315, 39.50995732056697562 ) ) ;
#3911 = CARTESIAN_POINT ( 'NONE',  ( 4.464931878466662063, -33.20237785007902431, 16.74217464050867221 ) ) ;
#3912 = DIRECTION ( 'NONE',  ( -0.000000000000000000, 1.000000000000000000, 6.982962677686266711E-15 ) ) ;
#3913 = ORIENTED_EDGE ( 'NONE', *, *, #1070, .F. ) ;
#3914 = CARTESIAN_POINT ( 'NONE',  ( 10.69135466274576807, 108.2796398482425957, 20.77227332183579023 ) ) ;
#3915 =( NAMED_UNIT ( * ) PLANE_ANGLE_UNIT ( ) SI_UNIT ( $, .RADIAN. ) );
#3916 = MECHANICAL_DESIGN_GEOMETRIC_PRESENTATION_REPRESENTATION (  '', ( #2758 ), #4768 ) ;
#3917 = DIRECTION ( 'NONE',  ( 0.000000000000000000, 0.000000000000000000, -1.000000000000000000 ) ) ;
#3918 = FILL_AREA_STYLE_COLOUR ( '', #721 ) ;
#3919 = ADVANCED_FACE ( 'NONE', ( #1216 ), #3555, .F. ) ;
#3920 = DIRECTION ( 'NONE',  ( 0.000000000000000000, -1.000000000000000000, -6.982962677686266711E-15 ) ) ;
#3921 = SURFACE_STYLE_FILL_AREA ( #3976 ) ;
#3922 = SURFACE_SIDE_STYLE ('',( #3168 ) ) ;
#3923 = VECTOR ( 'NONE', #745, 1000.000000000000000 ) ;
#3924 = DIRECTION ( 'NONE',  ( 0.000000000000000000, 1.000000000000000000, 6.982962677686266711E-15 ) ) ;
#3925 = EDGE_LOOP ( 'NONE', ( #2419, #3913 ) ) ;
#3926 = FILL_AREA_STYLE ('',( #755 ) ) ;
#3927 = CARTESIAN_POINT ( 'NONE',  ( 37.60597919279155832, 38.31608741023878650, 134.0099573205673664 ) ) ;
#3928 = ADVANCED_FACE ( 'NONE', ( #505 ), #1728, .T. ) ;
#3929 = CARTESIAN_POINT ( 'NONE',  ( -20.09051993583715046, 100.5451810290507950, 51.23124089018786975 ) ) ;
#3930 = ORIENTED_EDGE ( 'NONE', *, *, #344, .F. ) ;
#3931 = SURFACE_STYLE_FILL_AREA ( #1986 ) ;
#3932 = CARTESIAN_POINT ( 'NONE',  ( -85.61302080720817287, 35.31608741023928388, 62.50995732056691168 ) ) ;
#3933 = LINE ( 'NONE', #3857, #1704 ) ;
#3934 = ADVANCED_FACE ( 'NONE', ( #173 ), #4171, .T. ) ;
#3935 = UNCERTAINTY_MEASURE_WITH_UNIT (LENGTH_MEASURE( 1.000000000000000082E-05 ), #2058, 'distance_accuracy_value', 'NONE');
#3936 = FILL_AREA_STYLE ('',( #764 ) ) ;
#3937 = DIRECTION ( 'NONE',  ( -0.000000000000000000, 1.000000000000000000, 6.982962677686266711E-15 ) ) ;
#3938 = EDGE_LOOP ( 'NONE', ( #913, #3706, #2045, #3327 ) ) ;
#3939 = CARTESIAN_POINT ( 'NONE',  ( -13.44668166006478849, 92.36595281010131941, 30.11288404701840093 ) ) ;
#3940 =( NAMED_UNIT ( * ) SI_UNIT ( $, .STERADIAN. ) SOLID_ANGLE_UNIT ( ) );
#3941 = FACE_OUTER_BOUND ( 'NONE', #1411, .T. ) ;
#3942 = SURFACE_STYLE_USAGE ( .BOTH. , #2729 ) ;
#3943 = STYLED_ITEM ( 'NONE', ( #513 ), #4363 ) ;
#3944 =( NAMED_UNIT ( * ) PLANE_ANGLE_UNIT ( ) SI_UNIT ( $, .RADIAN. ) );
#3945 =( NAMED_UNIT ( * ) PLANE_ANGLE_UNIT ( ) SI_UNIT ( $, .RADIAN. ) );
#3946 = CIRCLE ( 'NONE', #4116, 2.099999999999990763 ) ;
#3947 = CARTESIAN_POINT ( 'NONE',  ( 9.138844921944951238, 88.31608741023971731, 19.50995732056695076 ) ) ;
#3948 = EDGE_CURVE ( 'NONE', #1108, #686, #532, .T. ) ;
#3949 = STYLED_ITEM ( 'NONE', ( #1610 ), #575 ) ;
#3950 = SURFACE_STYLE_USAGE ( .BOTH. , #2407 ) ;
#3951 = STYLED_ITEM ( 'NONE', ( #3880 ), #4918 ) ;
#3952 = SURFACE_SIDE_STYLE ('',( #3521 ) ) ;
#3953 = SURFACE_STYLE_USAGE ( .BOTH. , #1594 ) ;
#3954 = MECHANICAL_DESIGN_GEOMETRIC_PRESENTATION_REPRESENTATION (  '', ( #3287 ), #4635 ) ;
#3955 = PRESENTATION_LAYER_ASSIGNMENT (  '', '', ( #3046 ) ) ;
#3956 = VERTEX_POINT ( 'NONE', #4926 ) ;
#3957 = CARTESIAN_POINT ( 'NONE',  ( -32.11167705983292109, 38.31608741023885045, 124.6266218876285308 ) ) ;
#3958 =( NAMED_UNIT ( * ) SI_UNIT ( $, .STERADIAN. ) SOLID_ANGLE_UNIT ( ) );
#3959 = VERTEX_POINT ( 'NONE', #4151 ) ;
#3960 = CARTESIAN_POINT ( 'NONE',  ( -15.11167705983283049, 35.31608741023899256, 104.6266218876286018 ) ) ;
#3961 = DIRECTION ( 'NONE',  ( 1.000000000000000000, 0.000000000000000000, 6.608470384673580212E-15 ) ) ;
#3962 = DIRECTION ( 'NONE',  ( -0.000000000000000000, 1.000000000000000000, 6.982962677686266711E-15 ) ) ;
#3963 = VECTOR ( 'NONE', #300, 1000.000000000000000 ) ;
#3964 = CARTESIAN_POINT ( 'NONE',  ( -13.10927362153294595, 60.30766959505926650, 18.42134741978821921 ) ) ;
#3965 = CARTESIAN_POINT ( 'NONE',  ( 10.36133350031685652, 108.1703903898432344, 27.80808699624367009 ) ) ;
#3966 = CARTESIAN_POINT ( 'NONE',  ( 8.857287278078661785, 102.3935240372221642, 19.30166807772238613 ) ) ;
#3967 = VECTOR ( 'NONE', #1077, 1000.000000000000000 ) ;
#3968 = EDGE_CURVE ( 'NONE', #3151, #166, #3693, .T. ) ;
#3969 = ORIENTED_EDGE ( 'NONE', *, *, #1128, .F. ) ;
#3970 =( GEOMETRIC_REPRESENTATION_CONTEXT ( 3 ) GLOBAL_UNCERTAINTY_ASSIGNED_CONTEXT ( ( #97 ) ) GLOBAL_UNIT_ASSIGNED_CONTEXT ( ( #1475, #3487, #3103 ) ) REPRESENTATION_CONTEXT ( 'NONE', 'WORKASPACE' ) );
#3971 = CARTESIAN_POINT ( 'NONE',  ( -19.55478465726175585, 99.17437588307630847, 28.14494402951824270 ) ) ;
#3972 = DIRECTION ( 'NONE',  ( -0.000000000000000000, 1.000000000000000000, 6.982962677686266711E-15 ) ) ;
#3973 = SURFACE_SIDE_STYLE ('',( #2381 ) ) ;
#3974 = FACE_BOUND ( 'NONE', #4538, .T. ) ;
#3975 = SURFACE_SIDE_STYLE ('',( #4615 ) ) ;
#3976 = FILL_AREA_STYLE ('',( #2754 ) ) ;
#3977 = SURFACE_STYLE_USAGE ( .BOTH. , #1976 ) ;
#3978 = DIRECTION ( 'NONE',  ( -1.000000000000000000, 0.000000000000000000, -0.000000000000000000 ) ) ;
#3979 = PLANE ( 'NONE',  #4409 ) ;
#3980 = DIRECTION ( 'NONE',  ( 0.000000000000000000, 0.000000000000000000, 1.000000000000000000 ) ) ;
#3981 = ADVANCED_FACE ( 'NONE', ( #201 ), #1756, .F. ) ;
#3982 = CARTESIAN_POINT ( 'NONE',  ( -21.75756724731290248, 107.9885393301417196, 20.21427972458674205 ) ) ;
#3983 = VECTOR ( 'NONE', #2801, 1000.000000000000000 ) ;
#3984 = ORIENTED_EDGE ( 'NONE', *, *, #4480, .F. ) ;
#3985 = DIRECTION ( 'NONE',  ( 1.000000000000000000, 0.000000000000000000, 0.000000000000000000 ) ) ;
#3986 = CARTESIAN_POINT ( 'NONE',  ( 22.16283177925487990, 41.81608741023913467, 84.30053290207608541 ) ) ;
#3987 = EDGE_CURVE ( 'NONE', #1934, #2079, #1860, .T. ) ;
#3988 = ORIENTED_EDGE ( 'NONE', *, *, #3567, .T. ) ;
#3989 = PRESENTATION_LAYER_ASSIGNMENT (  '', '', ( #2658 ) ) ;
#3990 = UNCERTAINTY_MEASURE_WITH_UNIT (LENGTH_MEASURE( 1.000000000000000082E-05 ), #3242, 'distance_accuracy_value', 'NONE');
#3991 = CARTESIAN_POINT ( 'NONE',  ( -13.36115507805501323, 58.31609261921808240, 18.56359725491356372 ) ) ;
#3993 = DIRECTION ( 'NONE',  ( 0.000000000000000000, -3.813120791340549171E-07, 0.9999999999999273914 ) ) ;
#3992 = VECTOR ( 'NONE', #4169, 1000.000000000000000 ) ;
#3994 = ORIENTED_EDGE ( 'NONE', *, *, #931, .T. ) ;
#3995 = PRESENTATION_STYLE_ASSIGNMENT (( #536 ) ) ;
#3996 = CARTESIAN_POINT ( 'NONE',  ( -20.10796212003165451, 100.5230784127143835, 27.79257147347517787 ) ) ;
#3997 = ADVANCED_FACE ( 'NONE', ( #5046, #5102 ), #634, .F. ) ;
#3998 = FILL_AREA_STYLE ('',( #4101 ) ) ;
#3999 = CARTESIAN_POINT ( 'NONE',  ( -82.46302080720838035, 45.31608741023887177, 122.0099573205670254 ) ) ;
#4000 = CARTESIAN_POINT ( 'NONE',  ( 11.13884492194495124, 108.3160874102397315, 57.84026010039035981 ) ) ;
#4001 = CARTESIAN_POINT ( 'NONE',  ( -20.86115507805497415, 105.3160874102397031, 26.62585859384182640 ) ) ;
#4002 =( NAMED_UNIT ( * ) PLANE_ANGLE_UNIT ( ) SI_UNIT ( $, .RADIAN. ) );
#4003 = PRESENTATION_LAYER_ASSIGNMENT (  '', '', ( #2255 ) ) ;
#4004 = CARTESIAN_POINT ( 'NONE',  ( 1.321983116766525690, 60.98683522927589706, 17.50995732056684773 ) ) ;
#4005 =( NAMED_UNIT ( * ) PLANE_ANGLE_UNIT ( ) SI_UNIT ( $, .RADIAN. ) );
#4006 = SURFACE_SIDE_STYLE ('',( #2408 ) ) ;
#4007 = DIRECTION ( 'NONE',  ( 0.000000000000000000, -1.000000000000000000, 0.000000000000000000 ) ) ;
#4008 = ORIENTED_EDGE ( 'NONE', *, *, #2021, .T. ) ;
#4009 = DIRECTION ( 'NONE',  ( -0.000000000000000000, -1.000000000000000000, -0.000000000000000000 ) ) ;
#4010 = CIRCLE ( 'NONE', #3098, 2.000000000000000000 ) ;
#4011 = CARTESIAN_POINT ( 'NONE',  ( -15.85988761912412315, 94.09209210188613781, 49.44466071120444894 ) ) ;
#4012 = ORIENTED_EDGE ( 'NONE', *, *, #1294, .T. ) ;
#4013 = CYLINDRICAL_SURFACE ( 'NONE', #4041, 15.00000000000000000 ) ;
#4014 = SURFACE_STYLE_FILL_AREA ( #2819 ) ;
#4015 = EDGE_CURVE ( 'NONE', #2389, #3477, #4856, .T. ) ;
#4016 = SURFACE_STYLE_USAGE ( .BOTH. , #434 ) ;
#4017 = ORIENTED_EDGE ( 'NONE', *, *, #4744, .T. ) ;
#4018 =( NAMED_UNIT ( * ) PLANE_ANGLE_UNIT ( ) SI_UNIT ( $, .RADIAN. ) );
#4019 = CARTESIAN_POINT ( 'NONE',  ( 7.198534153954089021, 97.87394546234423842, 28.49188829051376004 ) ) ;
#4020 =( NAMED_UNIT ( * ) PLANE_ANGLE_UNIT ( ) SI_UNIT ( $, .RADIAN. ) );
#4021 = DIRECTION ( 'NONE',  ( 0.000000000000000000, -1.000000000000000000, -6.982962677686266711E-15 ) ) ;
#4022 = PRESENTATION_STYLE_ASSIGNMENT (( #2085 ) ) ;
#4023 = DIRECTION ( 'NONE',  ( -1.000000000000000000, 2.438088387897967896E-29, -3.491481338843133355E-15 ) ) ;
#4024 = CARTESIAN_POINT ( 'NONE',  ( -35.86115507805501323, 51.31608741023971731, 43.50995732056697562 ) ) ;
#4025 = CARTESIAN_POINT ( 'NONE',  ( -74.46302080720839456, 45.31608741023887177, 122.0099573205670538 ) ) ;
#4026 = DIRECTION ( 'NONE',  ( 7.012323397502677495E-15, -0.000000000000000000, -1.000000000000000000 ) ) ;
#4027 = SURFACE_STYLE_USAGE ( .BOTH. , #2456 ) ;
#4028 = CARTESIAN_POINT ( 'NONE',  ( -20.87862445923418164, 106.6194806465782818, 59.49688789786344500 ) ) ;
#4029 = ADVANCED_FACE ( 'NONE', ( #1519 ), #4616, .T. ) ;
#4030 = CARTESIAN_POINT ( 'NONE',  ( 1.692013079007776533, 60.25035958963560034, 17.38336183105448285 ) ) ;
#4031 = MECHANICAL_DESIGN_GEOMETRIC_PRESENTATION_REPRESENTATION (  '', ( #3281 ), #4624 ) ;
#4032 = CARTESIAN_POINT ( 'NONE',  ( -74.46302080720839456, 45.31608741023887177, 122.0099573205670538 ) ) ;
#4033 = EDGE_LOOP ( 'NONE', ( #2464, #3855, #4282, #3673, #4158 ) ) ;
#4034 = AXIS2_PLACEMENT_3D ( 'NONE', #4481, #4009, #911 ) ;
#4035 = DIRECTION ( 'NONE',  ( 1.000000000000000000, 0.000000000000000000, 0.000000000000000000 ) ) ;
#4036 = DIRECTION ( 'NONE',  ( -0.000000000000000000, 1.000000000000000000, 6.982962677686266711E-15 ) ) ;
#4037 = ORIENTED_EDGE ( 'NONE', *, *, #3107, .F. ) ;
#4038 = FACE_OUTER_BOUND ( 'NONE', #3071, .T. ) ;
#4039 =( GEOMETRIC_REPRESENTATION_CONTEXT ( 3 ) GLOBAL_UNCERTAINTY_ASSIGNED_CONTEXT ( ( #4 ) ) GLOBAL_UNIT_ASSIGNED_CONTEXT ( ( #4961, #5011, #1401 ) ) REPRESENTATION_CONTEXT ( 'NONE', 'WORKASPACE' ) );
#4040 = UNCERTAINTY_MEASURE_WITH_UNIT (LENGTH_MEASURE( 1.000000000000000082E-05 ), #1838, 'distance_accuracy_value', 'NONE');
#4041 = AXIS2_PLACEMENT_3D ( 'NONE', #2015, #1, #3582 ) ;
#4042 = FILL_AREA_STYLE ('',( #3615 ) ) ;
#4043 = CARTESIAN_POINT ( 'NONE',  ( 9.138844921945024069, 104.4636768287607396, 19.50995732056700049 ) ) ;
#4044 = STYLED_ITEM ( 'NONE', ( #533 ), #2188 ) ;
#4045 = AXIS2_PLACEMENT_3D ( 'NONE', #2461, #3271, #1523 ) ;
#4046 = ORIENTED_EDGE ( 'NONE', *, *, #4240, .T. ) ;
#4047 = EDGE_CURVE ( 'NONE', #2414, #815, #3709, .T. ) ;
#4048 = DIRECTION ( 'NONE',  ( -1.000000000000000000, 2.438088387897967896E-29, -3.491481338843133355E-15 ) ) ;
#4049 = FILL_AREA_STYLE_COLOUR ( '', #458 ) ;
#4050 = AXIS2_PLACEMENT_3D ( 'NONE', #3081, #3883, #308 ) ;
#4051 = CARTESIAN_POINT ( 'NONE',  ( -20.86115507805497415, 106.3160874102397315, 59.50995732056698984 ) ) ;
#4052 = SURFACE_STYLE_USAGE ( .BOTH. , #2449 ) ;
#4053 = CARTESIAN_POINT ( 'NONE',  ( -30.86115507805522995, 38.31608741023928388, 62.50995732056713194 ) ) ;
#4054 = FILL_AREA_STYLE_COLOUR ( '', #5074 ) ;
#4055 =( GEOMETRIC_REPRESENTATION_CONTEXT ( 3 ) GLOBAL_UNCERTAINTY_ASSIGNED_CONTEXT ( ( #47 ) ) GLOBAL_UNIT_ASSIGNED_CONTEXT ( ( #2917, #4949, #4063 ) ) REPRESENTATION_CONTEXT ( 'NONE', 'WORKASPACE' ) );
#4056 = DIRECTION ( 'NONE',  ( 1.000000000000000000, -0.000000000000000000, -0.000000000000000000 ) ) ;
#4057 = SURFACE_STYLE_FILL_AREA ( #3628 ) ;
#4058 = DIRECTION ( 'NONE',  ( 0.000000000000000000, -1.000000000000000000, -6.982962677686266711E-15 ) ) ;
#4059 = LINE ( 'NONE', #1356, #2999 ) ;
#4060 =( NAMED_UNIT ( * ) PLANE_ANGLE_UNIT ( ) SI_UNIT ( $, .RADIAN. ) );
#4061 = ORIENTED_EDGE ( 'NONE', *, *, #2557, .T. ) ;
#4062 = EDGE_CURVE ( 'NONE', #1720, #3073, #2038, .T. ) ;
#4063 =( NAMED_UNIT ( * ) SI_UNIT ( $, .STERADIAN. ) SOLID_ANGLE_UNIT ( ) );
#4064 = VERTEX_POINT ( 'NONE', #5151 ) ;
#4065 = CARTESIAN_POINT ( 'NONE',  ( -85.61302080720844287, 38.31608741023875808, 137.5099573205669117 ) ) ;
#4066 = CARTESIAN_POINT ( 'NONE',  ( -20.97777967335366611, 107.0115343590524191, 26.47854461359125366 ) ) ;
#4067 = ORIENTED_EDGE ( 'NONE', *, *, #2514, .F. ) ;
#4068 = CARTESIAN_POINT ( 'NONE',  ( -12.61267023084252337, 61.59263149853381236, 17.59943663877779585 ) ) ;
#4069 = SURFACE_STYLE_USAGE ( .BOTH. , #1987 ) ;
#4070 = CARTESIAN_POINT ( 'NONE',  ( -13.36115507805514824, 35.31608741023944020, 39.50995732056715326 ) ) ;
#4071 = DIRECTION ( 'NONE',  ( 3.491481338843133355E-15, 6.982962677686266711E-15, -1.000000000000000000 ) ) ;
#4072 = ORIENTED_EDGE ( 'NONE', *, *, #1324, .F. ) ;
#4073 = CARTESIAN_POINT ( 'NONE',  ( -35.86115507805501323, 51.31608741023972442, 35.50995732056697562 ) ) ;
#4074 = CARTESIAN_POINT ( 'NONE',  ( -33.76402080720819754, 41.81608741023926257, 65.75995732056715326 ) ) ;
#4075 = FILL_AREA_STYLE ('',( #2476 ) ) ;
#4076 = SURFACE_STYLE_FILL_AREA ( #1173 ) ;
#4077 = ORIENTED_EDGE ( 'NONE', *, *, #1486, .T. ) ;
#4078 = CARTESIAN_POINT ( 'NONE',  ( -13.36115507805554792, 35.31608741023864440, 153.7311177574586907 ) ) ;
#4079 = COLOUR_RGB ( '',1.000000000000000000, 1.000000000000000000, 1.000000000000000000 ) ;
#4080 = DIRECTION ( 'NONE',  ( 0.000000000000000000, -1.000000000000000000, -6.982962677686266711E-15 ) ) ;
#4081 = DIRECTION ( 'NONE',  ( 0.000000000000000000, -1.000000000000000000, 0.000000000000000000 ) ) ;
#4082 = EDGE_CURVE ( 'NONE', #4834, #5005, #424, .T. ) ;
#4083 =( LENGTH_UNIT ( ) NAMED_UNIT ( * ) SI_UNIT ( .MILLI., .METRE. ) );
#4084 = SURFACE_STYLE_USAGE ( .BOTH. , #853 ) ;
#4085 = LINE ( 'NONE', #3348, #3650 ) ;
#4086 = VERTEX_POINT ( 'NONE', #3927 ) ;
#4087 = ORIENTED_EDGE ( 'NONE', *, *, #2571, .T. ) ;
#4088 = CARTESIAN_POINT ( 'NONE',  ( -35.11167705983275766, 35.31608741023912756, 84.62662188762850235 ) ) ;
#4089 = ORIENTED_EDGE ( 'NONE', *, *, #3217, .T. ) ;
#4090 = VECTOR ( 'NONE', #4345, 1000.000000000000000 ) ;
#4091 = CYLINDRICAL_SURFACE ( 'NONE', #961, 24.99999999999999289 ) ;
#4093 = CARTESIAN_POINT ( 'NONE',  ( -15.36115507805507718, 38.31608741023958942, 18.56359725491374491 ) ) ;
#4092 = MECHANICAL_DESIGN_GEOMETRIC_PRESENTATION_REPRESENTATION (  '', ( #2760 ), #5109 ) ;
#4094 = ORIENTED_EDGE ( 'NONE', *, *, #195, .F. ) ;
#4095 = UNCERTAINTY_MEASURE_WITH_UNIT (LENGTH_MEASURE( 1.000000000000000082E-05 ), #4490, 'distance_accuracy_value', 'NONE');
#4096 =( GEOMETRIC_REPRESENTATION_CONTEXT ( 3 ) GLOBAL_UNCERTAINTY_ASSIGNED_CONTEXT ( ( #3557 ) ) GLOBAL_UNIT_ASSIGNED_CONTEXT ( ( #3036, #4206, #346 ) ) REPRESENTATION_CONTEXT ( 'NONE', 'WORKASPACE' ) );
#4097 = EDGE_LOOP ( 'NONE', ( #1186, #4605, #2681, #2670, #4203, #4502, #360, #1325, #4505, #205, #1731 ) ) ;
#4098 = EDGE_CURVE ( 'NONE', #1649, #1311, #3576, .T. ) ;
#4099 = SURFACE_STYLE_FILL_AREA ( #4388 ) ;
#4100 = FILL_AREA_STYLE ('',( #1295 ) ) ;
#4101 = FILL_AREA_STYLE_COLOUR ( '', #2618 ) ;
#4102 = FILL_AREA_STYLE_COLOUR ( '', #60 ) ;
#4103 = EDGE_LOOP ( 'NONE', ( #1943, #2622, #116, #3181 ) ) ;
#4104 = CARTESIAN_POINT ( 'NONE',  ( -35.11167705983290688, 35.31608741023884335, 124.6266218876285308 ) ) ;
#4105 = DIRECTION ( 'NONE',  ( 0.000000000000000000, -1.000000000000000000, -6.982962677686266711E-15 ) ) ;
#4106 = PRESENTATION_STYLE_ASSIGNMENT (( #4584 ) ) ;
#4107 = DIRECTION ( 'NONE',  ( 0.000000000000000000, -9.251858538542971828E-16, 1.000000000000000000 ) ) ;
#4108 = DIRECTION ( 'NONE',  ( 1.000000000000000000, 0.000000000000000000, 6.608470384673580212E-15 ) ) ;
#4109 = CARTESIAN_POINT ( 'NONE',  ( 0.6245694693766417060, 62.11444875488339079, 18.02396171165882421 ) ) ;
#4110 = EDGE_CURVE ( 'NONE', #2104, #1400, #1549, .T. ) ;
#4111 = ORIENTED_EDGE ( 'NONE', *, *, #4260, .F. ) ;
#4112 = SURFACE_STYLE_USAGE ( .BOTH. , #3749 ) ;
#4113 = ORIENTED_EDGE ( 'NONE', *, *, #1732, .T. ) ;
#4114 = DIRECTION ( 'NONE',  ( 0.9606193123875090834, 1.940340758083408938E-15, -0.2778678402912961309 ) ) ;
#4115 = CARTESIAN_POINT ( 'NONE',  ( -6.378110834956558506, 90.31675448651597549, 48.22798476422199343 ) ) ;
#4116 = AXIS2_PLACEMENT_3D ( 'NONE', #2852, #873, #1926 ) ;
#4117 = VERTEX_POINT ( 'NONE', #3226 ) ;
#4118 = AXIS2_PLACEMENT_3D ( 'NONE', #2944, #4114, #4836 ) ;
#4119 = ADVANCED_FACE ( 'NONE', ( #4831 ), #2342, .F. ) ;
#4120 = DIRECTION ( 'NONE',  ( 0.000000000000000000, 1.000000000000000000, 6.982962677686266711E-15 ) ) ;
#4121 = EDGE_LOOP ( 'NONE', ( #447, #3618, #168, #4632, #3261, #646, #1839, #3125, #3293, #4643, #4998, #1752, #4748, #27, #1207, #4187 ) ) ;
#4122 = CIRCLE ( 'NONE', #3450, 2.200000000000007283 ) ;
#4123 = AXIS2_PLACEMENT_3D ( 'NONE', #1899, #3912, #3440 ) ;
#4124 = CARTESIAN_POINT ( 'NONE',  ( -29.26402080720819043, 45.31608741023926257, 65.75995732056719589 ) ) ;
#4125 = DIRECTION ( 'NONE',  ( -5.642371414397450746E-32, 6.505213034913026604E-16, -1.000000000000000000 ) ) ;
#4126 = DIRECTION ( 'NONE',  ( 0.000000000000000000, -1.000000000000000000, -6.982962677686266711E-15 ) ) ;
#4127 = CIRCLE ( 'NONE', #4720, 24.99999999999999289 ) ;
#4128 = EDGE_CURVE ( 'NONE', #943, #3032, #2122, .T. ) ;
#4129 = AXIS2_PLACEMENT_3D ( 'NONE', #1119, #1442, #1840 ) ;
#4130 = SURFACE_STYLE_USAGE ( .BOTH. , #4935 ) ;
#4131 = EDGE_LOOP ( 'NONE', ( #2643, #1472, #3184, #1184 ) ) ;
#4132 = SURFACE_SIDE_STYLE ('',( #2537 ) ) ;
#4133 = FACE_OUTER_BOUND ( 'NONE', #253, .T. ) ;
#4134 =( GEOMETRIC_REPRESENTATION_CONTEXT ( 3 ) GLOBAL_UNCERTAINTY_ASSIGNED_CONTEXT ( ( #2327 ) ) GLOBAL_UNIT_ASSIGNED_CONTEXT ( ( #3732, #614, #1733 ) ) REPRESENTATION_CONTEXT ( 'NONE', 'WORKASPACE' ) );
#4135 = CARTESIAN_POINT ( 'NONE',  ( 9.138844921944951238, 106.3160874102397315, 52.58665415118903752 ) ) ;
#4136 = DIRECTION ( 'NONE',  ( 0.000000000000000000, 1.000000000000000000, 2.891205793294676354E-16 ) ) ;
#4137 = AXIS2_PLACEMENT_3D ( 'NONE', #621, #4963, #3069 ) ;
#4138 =( LENGTH_UNIT ( ) NAMED_UNIT ( * ) SI_UNIT ( .MILLI., .METRE. ) );
#4139 = CARTESIAN_POINT ( 'NONE',  ( 1.638844921944987876, 38.31608741023972442, 14.50995732056697207 ) ) ;
#4140 = CARTESIAN_POINT ( 'NONE',  ( -15.11167705983283049, 38.31608741023898546, 104.6266218876286160 ) ) ;
#4141 = MECHANICAL_DESIGN_GEOMETRIC_PRESENTATION_REPRESENTATION (  '', ( #1543 ), #3537 ) ;
#4142 = CARTESIAN_POINT ( 'NONE',  ( 1.146242273423885960, 61.00075086608759989, 18.29125714618997023 ) ) ;
#4143 = VERTEX_POINT ( 'NONE', #2737 ) ;
#4144 = VERTEX_POINT ( 'NONE', #4329 ) ;
#4145 = ORIENTED_EDGE ( 'NONE', *, *, #2092, .F. ) ;
#4146 = EDGE_CURVE ( 'NONE', #2154, #686, #2813, .T. ) ;
#4147 = CARTESIAN_POINT ( 'NONE',  ( 34.38697919279155713, 38.31608741023875808, 137.5099573205673664 ) ) ;
#4148 = LINE ( 'NONE', #2179, #2330 ) ;
#4149 = ORIENTED_EDGE ( 'NONE', *, *, #4845, .T. ) ;
#4150 =( NAMED_UNIT ( * ) PLANE_ANGLE_UNIT ( ) SI_UNIT ( $, .RADIAN. ) );
#4151 = CARTESIAN_POINT ( 'NONE',  ( 11.13884492194495124, 108.3160874102397315, 57.84026010039035981 ) ) ;
#4152 = PRESENTATION_LAYER_ASSIGNMENT (  '', '', ( #4396 ) ) ;
#4153 = ADVANCED_FACE ( 'NONE', ( #1957 ), #4372, .F. ) ;
#4154 = VERTEX_POINT ( 'NONE', #3434 ) ;
#4155 = CARTESIAN_POINT ( 'NONE',  ( -21.08347326081842965, 107.2359684915780917, 52.43754032417939470 ) ) ;
#4156 = VECTOR ( 'NONE', #3019, 1000.000000000000000 ) ;
#4157 = SURFACE_STYLE_USAGE ( .BOTH. , #3758 ) ;
#4158 = ORIENTED_EDGE ( 'NONE', *, *, #1518, .F. ) ;
#4159 = ADVANCED_FACE ( 'NONE', ( #3126 ), #3467, .F. ) ;
#4160 = FACE_OUTER_BOUND ( 'NONE', #2167, .T. ) ;
#4161 = DIRECTION ( 'NONE',  ( 0.000000000000000000, -1.000000000000000000, -6.982962677686266711E-15 ) ) ;
#4162 = CARTESIAN_POINT ( 'NONE',  ( 8.446649453480310044, 100.7931723165898603, 60.01150856903878150 ) ) ;
#4163 = MECHANICAL_DESIGN_GEOMETRIC_PRESENTATION_REPRESENTATION (  '', ( #2582 ), #2994 ) ;
#4164 = SURFACE_STYLE_USAGE ( .BOTH. , #2574 ) ;
#4165 = EDGE_CURVE ( 'NONE', #856, #3213, #4655, .T. ) ;
#4166 = VERTEX_POINT ( 'NONE', #284 ) ;
#4167 = ORIENTED_EDGE ( 'NONE', *, *, #1308, .T. ) ;
#4168 = CARTESIAN_POINT ( 'NONE',  ( -74.46302080720838035, 41.81608741023890019, 117.5099573205670112 ) ) ;
#4169 = DIRECTION ( 'NONE',  ( 1.000000000000000000, -2.438088387897967896E-29, 3.491481338843133355E-15 ) ) ;
#4170 = VERTEX_POINT ( 'NONE', #2717 ) ;
#4171 = PLANE ( 'NONE',  #2135 ) ;
#4172 = PRESENTATION_LAYER_ASSIGNMENT (  '', '', ( #280 ) ) ;
#4173 =( GEOMETRIC_REPRESENTATION_CONTEXT ( 3 ) GLOBAL_UNCERTAINTY_ASSIGNED_CONTEXT ( ( #2159 ) ) GLOBAL_UNIT_ASSIGNED_CONTEXT ( ( #2386, #2736, #1548 ) ) REPRESENTATION_CONTEXT ( 'NONE', 'WORKASPACE' ) );
#4174 = DIRECTION ( 'NONE',  ( -0.000000000000000000, 1.000000000000000000, -0.000000000000000000 ) ) ;
#4175 = ORIENTED_EDGE ( 'NONE', *, *, #4872, .F. ) ;
#4176 = EDGE_CURVE ( 'NONE', #118, #2893, #3120, .T. ) ;
#4177 =( NAMED_UNIT ( * ) SI_UNIT ( $, .STERADIAN. ) SOLID_ANGLE_UNIT ( ) );
#4178 = FACE_OUTER_BOUND ( 'NONE', #4408, .T. ) ;
#4179 = CARTESIAN_POINT ( 'NONE',  ( 22.80192781192484475, 38.31608741023912046, 86.50995732056732379 ) ) ;
#4180 = VERTEX_POINT ( 'NONE', #5050 ) ;
#4181 = DIRECTION ( 'NONE',  ( 0.000000000000000000, -1.000000000000000000, -6.982962677686266711E-15 ) ) ;
#4182 =( NAMED_UNIT ( * ) PLANE_ANGLE_UNIT ( ) SI_UNIT ( $, .RADIAN. ) );
#4183 = DIRECTION ( 'NONE',  ( -0.000000000000000000, 1.000000000000000000, -0.000000000000000000 ) ) ;
#4184 = FACE_OUTER_BOUND ( 'NONE', #658, .T. ) ;
#4185 = CARTESIAN_POINT ( 'NONE',  ( 9.138844921944986766, 105.3160874102397031, 59.50995732056699694 ) ) ;
#4186 = LINE ( 'NONE', #328, #4498 ) ;
#4187 = ORIENTED_EDGE ( 'NONE', *, *, #140, .F. ) ;
#4188 = CARTESIAN_POINT ( 'NONE',  ( 9.138844921944945909, 106.4942966935742561, 26.40600448093227115 ) ) ;
#4189 = CARTESIAN_POINT ( 'NONE',  ( -5.861155078055012346, 38.31608741023972442, 39.50995732056697562 ) ) ;
#4190 = ORIENTED_EDGE ( 'NONE', *, *, #2343, .T. ) ;
#4191 = EDGE_CURVE ( 'NONE', #780, #1670, #1867, .T. ) ;
#4192 = FILL_AREA_STYLE ('',( #631 ) ) ;
#4193 = SURFACE_STYLE_USAGE ( .BOTH. , #2602 ) ;
#4194 =( NAMED_UNIT ( * ) PLANE_ANGLE_UNIT ( ) SI_UNIT ( $, .RADIAN. ) );
#4195 = UNCERTAINTY_MEASURE_WITH_UNIT (LENGTH_MEASURE( 1.000000000000000082E-05 ), #4357, 'distance_accuracy_value', 'NONE');
#4196 = COLOUR_RGB ( '',1.000000000000000000, 1.000000000000000000, 1.000000000000000000 ) ;
#4197 = VERTEX_POINT ( 'NONE', #4252 ) ;
#4198 = COLOUR_RGB ( '',1.000000000000000000, 1.000000000000000000, 1.000000000000000000 ) ;
#4199 = UNCERTAINTY_MEASURE_WITH_UNIT (LENGTH_MEASURE( 1.000000000000000082E-05 ), #617, 'distance_accuracy_value', 'NONE');
#4200 = PRESENTATION_STYLE_ASSIGNMENT (( #2979 ) ) ;
#4201 = CARTESIAN_POINT ( 'NONE',  ( -80.01302080720844856, 35.31608741023878650, 134.0099573205669401 ) ) ;
#4202 = EDGE_CURVE ( 'NONE', #4945, #3151, #2660, .T. ) ;
#4203 = ORIENTED_EDGE ( 'NONE', *, *, #601, .T. ) ;
#4204 = VECTOR ( 'NONE', #292, 1000.000000000000000 ) ;
#4205 =( GEOMETRIC_REPRESENTATION_CONTEXT ( 3 ) GLOBAL_UNCERTAINTY_ASSIGNED_CONTEXT ( ( #2469 ) ) GLOBAL_UNIT_ASSIGNED_CONTEXT ( ( #1514, #3117, #1092 ) ) REPRESENTATION_CONTEXT ( 'NONE', 'WORKASPACE' ) );
#4206 =( NAMED_UNIT ( * ) PLANE_ANGLE_UNIT ( ) SI_UNIT ( $, .RADIAN. ) );
#4207 = FILL_AREA_STYLE ('',( #4639 ) ) ;
#4208 = CARTESIAN_POINT ( 'NONE',  ( 8.567081778552116944, 101.1932129363080008, 59.92666558305205626 ) ) ;
#4209 =( GEOMETRIC_REPRESENTATION_CONTEXT ( 3 ) GLOBAL_UNCERTAINTY_ASSIGNED_CONTEXT ( ( #3052 ) ) GLOBAL_UNIT_ASSIGNED_CONTEXT ( ( #1668, #4060, #1256 ) ) REPRESENTATION_CONTEXT ( 'NONE', 'WORKASPACE' ) );
#4210 =( GEOMETRIC_REPRESENTATION_CONTEXT ( 3 ) GLOBAL_UNCERTAINTY_ASSIGNED_CONTEXT ( ( #3105 ) ) GLOBAL_UNIT_ASSIGNED_CONTEXT ( ( #1176, #420, #2512 ) ) REPRESENTATION_CONTEXT ( 'NONE', 'WORKASPACE' ) );
#4211 = AXIS2_PLACEMENT_3D ( 'NONE', #3454, #2992, #3819 ) ;
#4212 = ORIENTED_EDGE ( 'NONE', *, *, #1195, .T. ) ;
#4213 = MECHANICAL_DESIGN_GEOMETRIC_PRESENTATION_REPRESENTATION (  '', ( #889 ), #2723 ) ;
#4214 = FACE_OUTER_BOUND ( 'NONE', #436, .T. ) ;
#4215 = CARTESIAN_POINT ( 'NONE',  ( -12.20544384827976181, 108.3160874102397315, 43.50995732056698984 ) ) ;
#4216 = ORIENTED_EDGE ( 'NONE', *, *, #3624, .T. ) ;
#4217 = AXIS2_PLACEMENT_3D ( 'NONE', #382, #3962, #3082 ) ;
#4218 = CARTESIAN_POINT ( 'NONE',  ( 29.35492585898175477, 45.31608741023895703, 109.1643835090797978 ) ) ;
#4219 = CARTESIAN_POINT ( 'NONE',  ( -5.861155078055012346, 88.31608741023971731, 39.50995732056697562 ) ) ;
#4220 = LINE ( 'NONE', #3800, #3334 ) ;
#4221 = PRESENTATION_STYLE_ASSIGNMENT (( #3500 ) ) ;
#4222 = AXIS2_PLACEMENT_3D ( 'NONE', #3530, #2767, #2368 ) ;
#4223 = COLOUR_RGB ( '',0.9215686274509803377, 0.9215686274509803377, 0.9215686274509803377 ) ;
#4224 = ADVANCED_FACE ( 'NONE', ( #1499 ), #5038, .F. ) ;
#4225 = LINE ( 'NONE', #3854, #266 ) ;
#4226 = ORIENTED_EDGE ( 'NONE', *, *, #2822, .T. ) ;
#4227 =( NAMED_UNIT ( * ) PLANE_ANGLE_UNIT ( ) SI_UNIT ( $, .RADIAN. ) );
#4228 = DIRECTION ( 'NONE',  ( 0.2778678402912961309, -6.707968805866619946E-15, 0.9606193123875089723 ) ) ;
#4229 = ORIENTED_EDGE ( 'NONE', *, *, #4015, .F. ) ;
#4230 = EDGE_LOOP ( 'NONE', ( #4387, #1318, #935, #4957 ) ) ;
#4231 = DIRECTION ( 'NONE',  ( 1.000000000000000000, 0.000000000000000000, 0.000000000000000000 ) ) ;
#4232 = B_SPLINE_CURVE_WITH_KNOTS ( 'NONE', 3,
 ( #902, #2484, #469, #2834, #1690, #2938, #4004, #444, #2033, #2005, #58, #3763 ),
 .UNSPECIFIED., .F., .F.,
 ( 4, 2, 2, 2, 2, 4 ),
 ( 2.809234570782672869E-17, 0.001499825326090738166, 0.002249737989136102803, 0.002999650652181468091, 0.004499475978272196933, 0.005999301304362927509 ),
 .UNSPECIFIED. ) ;
#4233 = CARTESIAN_POINT ( 'NONE',  ( 0.2228189504523954145, 62.70863925323856591, 17.83865094806457208 ) ) ;
#4234 = COLOUR_RGB ( '',1.000000000000000000, 1.000000000000000000, 1.000000000000000000 ) ;
#4235 = CARTESIAN_POINT ( 'NONE',  ( -82.11302080720842866, 38.31608741023878650, 134.0099573205669401 ) ) ;
#4236 = DIRECTION ( 'NONE',  ( -3.352703460764988788E-15, -6.982962677686266711E-15, 1.000000000000000000 ) ) ;
#4237 = STYLED_ITEM ( 'NONE', ( #3546 ), #1853 ) ;
#4238 = PLANE ( 'NONE',  #4508 ) ;
#4239 = ORIENTED_EDGE ( 'NONE', *, *, #3540, .T. ) ;
#4240 = EDGE_CURVE ( 'NONE', #1985, #630, #454, .T. ) ;
#4241 = CARTESIAN_POINT ( 'NONE',  ( 1.045979192791798962, 35.31608741023924125, 68.50995732056722431 ) ) ;
#4242 = FACE_OUTER_BOUND ( 'NONE', #3080, .T. ) ;
#4243 = ORIENTED_EDGE ( 'NONE', *, *, #5108, .F. ) ;
#4244 = AXIS2_PLACEMENT_3D ( 'NONE', #1072, #2268, #1497 ) ;
#4245 = DIRECTION ( 'NONE',  ( 1.000000000000000000, -0.000000000000000000, -0.000000000000000000 ) ) ;
#4246 = CARTESIAN_POINT ( 'NONE',  ( -82.46302080720838035, 45.31608741023887177, 122.0099573205670254 ) ) ;
#4247 = VECTOR ( 'NONE', #1616, 1000.000000000000000 ) ;
#4248 = UNCERTAINTY_MEASURE_WITH_UNIT (LENGTH_MEASURE( 1.000000000000000082E-05 ), #4913, 'distance_accuracy_value', 'NONE');
#4249 = AXIS2_PLACEMENT_3D ( 'NONE', #4073, #2796, #3238 ) ;
#4250 = FACE_OUTER_BOUND ( 'NONE', #4103, .T. ) ;
#4251 = ORIENTED_EDGE ( 'NONE', *, *, #2465, .T. ) ;
#4252 = CARTESIAN_POINT ( 'NONE',  ( 39.38697919279156423, 38.31608741023875808, 137.5099573205673664 ) ) ;
#4253 = FILL_AREA_STYLE ('',( #3435 ) ) ;
#4254 = LINE ( 'NONE', #3911, #401 ) ;
#4255 = UNCERTAINTY_MEASURE_WITH_UNIT (LENGTH_MEASURE( 1.000000000000000082E-05 ), #2358, 'distance_accuracy_value', 'NONE');
#4256 = CIRCLE ( 'NONE', #5025, 25.00000000000000711 ) ;
#4257 = CYLINDRICAL_SURFACE ( 'NONE', #1955, 25.00000000000000711 ) ;
#4258 = VERTEX_POINT ( 'NONE', #3841 ) ;
#4259 = SURFACE_STYLE_USAGE ( .BOTH. , #2669 ) ;
#4260 = EDGE_CURVE ( 'NONE', #2667, #2843, #5114, .T. ) ;
#4261 =( GEOMETRIC_REPRESENTATION_CONTEXT ( 3 ) GLOBAL_UNCERTAINTY_ASSIGNED_CONTEXT ( ( #1634 ) ) GLOBAL_UNIT_ASSIGNED_CONTEXT ( ( #31, #3138, #4318 ) ) REPRESENTATION_CONTEXT ( 'NONE', 'WORKASPACE' ) );
#4262 = VERTEX_POINT ( 'NONE', #5012 ) ;
#4263 = PRESENTATION_STYLE_ASSIGNMENT (( #3396 ) ) ;
#4264 = PRESENTATION_LAYER_ASSIGNMENT (  '', '', ( #2763 ) ) ;
#4265 =( NAMED_UNIT ( * ) PLANE_ANGLE_UNIT ( ) SI_UNIT ( $, .RADIAN. ) );
#4266 = CARTESIAN_POINT ( 'NONE',  ( 13.11453579222220078, 45.31608741023864440, 153.7311177574588328 ) ) ;
#4267 = VERTEX_POINT ( 'NONE', #1848 ) ;
#4268 = PRESENTATION_STYLE_ASSIGNMENT (( #1777 ) ) ;
#4269 = FACE_OUTER_BOUND ( 'NONE', #720, .T. ) ;
#4270 = ORIENTED_EDGE ( 'NONE', *, *, #3217, .F. ) ;
#4271 = CARTESIAN_POINT ( 'NONE',  ( 0.000000000000000000, 0.000000000000000000, 0.000000000000000000 ) ) ;
#4272 = ADVANCED_FACE ( 'NONE', ( #1105 ), #3810, .F. ) ;
#4273 = DIRECTION ( 'NONE',  ( 0.9606193123875090834, 1.940340758083406966E-15, -0.2778678402912957979 ) ) ;
#4274 = CARTESIAN_POINT ( 'NONE',  ( 19.13884492194497966, 108.3160874102397315, 39.50995732056697562 ) ) ;
#4275 = SURFACE_STYLE_USAGE ( .BOTH. , #663 ) ;
#4276 = ORIENTED_EDGE ( 'NONE', *, *, #4760, .T. ) ;
#4277 = CARTESIAN_POINT ( 'NONE',  ( -13.57762230062449049, 59.32547207075727869, 17.50995732056674470 ) ) ;
#4278 = LINE ( 'NONE', #4702, #4907 ) ;
#4279 = MECHANICAL_DESIGN_GEOMETRIC_PRESENTATION_REPRESENTATION (  '', ( #3596 ), #2192 ) ;
#4280 = SURFACE_STYLE_FILL_AREA ( #3391 ) ;
#4281 = SURFACE_SIDE_STYLE ('',( #5085 ) ) ;
#4282 = ORIENTED_EDGE ( 'NONE', *, *, #4418, .F. ) ;
#4283 = FILL_AREA_STYLE ('',( #385 ) ) ;
#4284 = ORIENTED_EDGE ( 'NONE', *, *, #2531, .T. ) ;
#4285 = EDGE_CURVE ( 'NONE', #3601, #497, #1423, .T. ) ;
#4286 = DIRECTION ( 'NONE',  ( 3.491481338843133355E-15, 6.982962677686266711E-15, -1.000000000000000000 ) ) ;
#4287 = VECTOR ( 'NONE', #884, 1000.000000000000000 ) ;
#4288 = FACE_OUTER_BOUND ( 'NONE', #1672, .T. ) ;
#4289 =( NAMED_UNIT ( * ) PLANE_ANGLE_UNIT ( ) SI_UNIT ( $, .RADIAN. ) );
#4290 = AXIS2_PLACEMENT_3D ( 'NONE', #671, #3839, #3442 ) ;
#4291 = CARTESIAN_POINT ( 'NONE',  ( -35.86115507805501323, 51.31608741023971731, 43.50995732056697562 ) ) ;
#4292 =( GEOMETRIC_REPRESENTATION_CONTEXT ( 3 ) GLOBAL_UNCERTAINTY_ASSIGNED_CONTEXT ( ( #1578 ) ) GLOBAL_UNIT_ASSIGNED_CONTEXT ( ( #181, #4580, #4521 ) ) REPRESENTATION_CONTEXT ( 'NONE', 'WORKASPACE' ) );
#4293 = CARTESIAN_POINT ( 'NONE',  ( -5.861155078055149126, -33.20237785007919484, 39.50995732056671272 ) ) ;
#4294 = MECHANICAL_DESIGN_GEOMETRIC_PRESENTATION_REPRESENTATION (  '', ( #2029 ), #4717 ) ;
#4295 = DIRECTION ( 'NONE',  ( 0.000000000000000000, 1.000000000000000000, 0.000000000000000000 ) ) ;
#4296 = EDGE_LOOP ( 'NONE', ( #2678, #789, #2823 ) ) ;
#4297 = AXIS2_PLACEMENT_3D ( 'NONE', #1343, #4487, #4977 ) ;
#4298 =( GEOMETRIC_REPRESENTATION_CONTEXT ( 3 ) GLOBAL_UNCERTAINTY_ASSIGNED_CONTEXT ( ( #4459 ) ) GLOBAL_UNIT_ASSIGNED_CONTEXT ( ( #2242, #4182, #3892 ) ) REPRESENTATION_CONTEXT ( 'NONE', 'WORKASPACE' ) );
#4299 = DIRECTION ( 'NONE',  ( -1.000000000000000000, 0.000000000000000000, -3.608224830031757968E-15 ) ) ;
#4300 = AXIS2_PLACEMENT_3D ( 'NONE', #4024, #158, #1713 ) ;
#4301 = AXIS2_PLACEMENT_3D ( 'NONE', #3661, #275, #333 ) ;
#4302 = CYLINDRICAL_SURFACE ( 'NONE', #5060, 1.499999999999994449 ) ;
#4303 = SURFACE_STYLE_USAGE ( .BOTH. , #282 ) ;
#4304 = PRESENTATION_LAYER_ASSIGNMENT (  '', '', ( #1543 ) ) ;
#4305 = ORIENTED_EDGE ( 'NONE', *, *, #957, .T. ) ;
#4306 = AXIS2_PLACEMENT_3D ( 'NONE', #3471, #3602, #691 ) ;
#4307 = SURFACE_STYLE_USAGE ( .BOTH. , #710 ) ;
#4308 = CARTESIAN_POINT ( 'NONE',  ( 1.938891131764417075, 58.31608747199078380, 17.50995732056685483 ) ) ;
#4309 = B_SPLINE_CURVE_WITH_KNOTS ( 'NONE', 3,
 ( #43, #4429, #3202, #378, #3231, #3929, #4837, #4781, #1212, #92, #3256, #4331, #3527, #4011, #451, #2013, #857, #68, #5154, #3150, #2764, #4355, #912, #1781, #4115, #3772, #2920, #3722, #502, #4952, #2524, #224, #4536, #3384, #4924, #120, #555, #1259, #142, #885, #198, #3354, #2969, #2074, #2131, #4971, #4453, #170, #3331, #2860 ),
 .UNSPECIFIED., .F., .F.,
 ( 4, 2, 2, 2, 2, 2, 2, 2, 2, 2, 2, 2, 2, 2, 2, 2, 2, 2, 2, 2, 2, 2, 2, 2, 4 ),
 ( 2.024290042081071611E-07, 0.002982357994986117086, 0.004473435777977051268, 0.005964513560967984150, 0.008946669126949845577, 0.01043774690994075591, 0.01192882469293166797, 0.01491098025891348690, 0.01640205804190439723, 0.01789313582489530582, 0.02087529139087712302, 0.02236636917386802467, 0.02385744695685892633, 0.02534852473984982799, 0.02683960252284072964, 0.02982175808882252255, 0.03131283587181341727, 0.03280391365480431198, 0.03429499143779520670, 0.03578606922078610142, 0.03876822478676792555, 0.04025930256975885496, 0.04175038035274978437, 0.04473253591873167789, 0.04771469148471356447 ),
 .UNSPECIFIED. ) ;
#4310 = CARTESIAN_POINT ( 'NONE',  ( -82.46302080720835193, 45.31608741023892861, 113.0099573205670112 ) ) ;
#4311 = EDGE_CURVE ( 'NONE', #1513, #3492, #132, .T. ) ;
#4312 =( BOUNDED_SURFACE ( )  B_SPLINE_SURFACE ( 3, 2, ( 
 ( #3724, #4954, #2894 ),
 ( #4539, #1340, #966 ),
 ( #2862, #2971, #4571 ),
 ( #989, #2099, #610 ),
 ( #4866, #2181, #1261 ),
 ( #4455, #4068, #504 ),
 ( #122, #3280, #914 ),
 ( #2496, #681, #1494 ),
 ( #3904, #2266, #1112 ),
 ( #2710, #1068, #1093 ),
 ( #2289, #3097, #2997 ),
 ( #2238, #1811, #5044 ) ),
 .UNSPECIFIED., .F., .F., .T. ) 
 B_SPLINE_SURFACE_WITH_KNOTS ( ( 4, 2, 2, 2, 2, 4 ),
 ( 3, 3 ),
 ( 0.02246113259043548346, 0.02435231042371420115, 0.02529789934035356000, 0.02624348825699291884, 0.02813466609027163653, 0.03002584392355035423 ),
 ( 0.000000000000000000, 0.2932237885098087915 ),
 .UNSPECIFIED. ) 
 GEOMETRIC_REPRESENTATION_ITEM ( )  RATIONAL_B_SPLINE_SURFACE ( (
 ( 1.000000000000000000, 0.8917602819600554120, 0.8469974843019230093),
 ( 1.000000000000000000, 0.8886337878784078548, 0.8425780210173761109),
 ( 1.000000000000000000, 0.8854428321071785568, 0.8380674377553318788),
 ( 1.000000000000000000, 0.8808319227961648457, 0.8315496757266056527),
 ( 1.000000000000000000, 0.8793166270337978707, 0.8294077257301797346),
 ( 1.000000000000000000, 0.8764529245467731489, 0.8253597321409511522),
 ( 1.000000000000000000, 0.8751019204516431449, 0.8234500170288236998),
 ( 1.000000000000000000, 0.8713636598073416506, 0.8181657896373391026),
 ( 1.000000000000000000, 0.8692895767840895793, 0.8152339645543587032),
 ( 1.000000000000000000, 0.8663986803462304653, 0.8111475308900375492),
 ( 1.000000000000000000, 0.8656201129653369186, 0.8100469850823219797),
 ( 1.000000000000000000, 0.8656261931517705843, 0.8100555797445874173) ) ) 
 REPRESENTATION_ITEM ( '' )  SURFACE ( )  );
#4313 =( NAMED_UNIT ( * ) PLANE_ANGLE_UNIT ( ) SI_UNIT ( $, .RADIAN. ) );
#4314 = DIRECTION ( 'NONE',  ( 1.000000000000000000, -2.438088387897967896E-29, 3.491481338843133355E-15 ) ) ;
#4315 = ORIENTED_EDGE ( 'NONE', *, *, #1646, .F. ) ;
#4316 = CLOSED_SHELL ( 'NONE', ( #4495, #3389, #4994, #3237, #4918, #2613, #1822, #3981, #1470, #3919, #4634, #4029, #3189, #2842, #1006, #2367, #4363, #3002, #2883, #3928, #4272, #4609, #40, #3222, #4727, #3422, #1790, #210, #3769, #2864, #1942, #162, #4795, #4597, #3482, #2847 ) ) ;
#4317 = CARTESIAN_POINT ( 'NONE',  ( 1.743345685292852831, 92.37708597397288202, 30.10932904290065082 ) ) ;
#4318 =( NAMED_UNIT ( * ) SI_UNIT ( $, .STERADIAN. ) SOLID_ANGLE_UNIT ( ) );
#4319 = DIRECTION ( 'NONE',  ( -1.000000000000000000, 0.000000000000000000, 0.000000000000000000 ) ) ;
#4320 = DIRECTION ( 'NONE',  ( -0.000000000000000000, 1.000000000000000000, -0.000000000000000000 ) ) ;
#4321 = EDGE_CURVE ( 'NONE', #3101, #3352, #4533, .T. ) ;
#4322 = DIRECTION ( 'NONE',  ( 1.000000000000000000, 0.000000000000000000, 0.000000000000000000 ) ) ;
#4323 = MECHANICAL_DESIGN_GEOMETRIC_PRESENTATION_REPRESENTATION (  '', ( #5006 ), #4745 ) ;
#4324 = FILL_AREA_STYLE ('',( #2733 ) ) ;
#4325 = ORIENTED_EDGE ( 'NONE', *, *, #534, .F. ) ;
#4326 = PRESENTATION_LAYER_ASSIGNMENT (  '', '', ( #4403 ) ) ;
#4327 = EDGE_CURVE ( 'NONE', #4143, #1389, #2421, .T. ) ;
#4328 = DIRECTION ( 'NONE',  ( 1.000000000000000000, 0.000000000000000000, 6.308085367188387283E-15 ) ) ;
#4329 = CARTESIAN_POINT ( 'NONE',  ( 1.638844921944987876, 38.31608741023972442, 18.56359725491356372 ) ) ;
#4330 = VECTOR ( 'NONE', #4482, 1000.000000000000000 ) ;
#4331 = CARTESIAN_POINT ( 'NONE',  ( -17.21535890453407802, 95.50164964387809619, 49.86009576046070180 ) ) ;
#4332 = ORIENTED_EDGE ( 'NONE', *, *, #1111, .F. ) ;
#4333 = MECHANICAL_DESIGN_GEOMETRIC_PRESENTATION_REPRESENTATION (  '', ( #281 ), #3175 ) ;
#4334 = FILL_AREA_STYLE ('',( #3637 ) ) ;
#4335 = VECTOR ( 'NONE', #106, 1000.000000000000000 ) ;
#4336 = CARTESIAN_POINT ( 'NONE',  ( -22.86115507805497415, 108.3160874102397315, 50.04561107341977788 ) ) ;
#4337 = DIRECTION ( 'NONE',  ( 0.000000000000000000, 1.000000000000000000, 6.982962677686266711E-15 ) ) ;
#4338 = CARTESIAN_POINT ( 'NONE',  ( -12.34059840827026022, 62.10113797807809988, 18.02355827980488456 ) ) ;
#4339 = PRESENTATION_STYLE_ASSIGNMENT (( #3473 ) ) ;
#4340 = ORIENTED_EDGE ( 'NONE', *, *, #1869, .T. ) ;
#4341 = EDGE_CURVE ( 'NONE', #3274, #2787, #2117, .T. ) ;
#4342 = DIRECTION ( 'NONE',  ( -1.000000000000000000, 0.000000000000000000, 0.000000000000000000 ) ) ;
#4343 = CARTESIAN_POINT ( 'NONE',  ( -5.861155078055012346, 89.77559119250058473, 32.00995732056697562 ) ) ;
#4344 = VECTOR ( 'NONE', #576, 1000.000000000000000 ) ;
#4345 = DIRECTION ( 'NONE',  ( 0.9606193123875061968, 1.940340758083479541E-15, -0.2778678402913062340 ) ) ;
#4346 = AXIS2_PLACEMENT_3D ( 'NONE', #453, #4431, #1185 ) ;
#4347 = LINE ( 'NONE', #723, #474 ) ;
#4348 = FILL_AREA_STYLE_COLOUR ( '', #749 ) ;
#4349 = PRESENTATION_STYLE_ASSIGNMENT (( #3515 ) ) ;
#4350 = COLOUR_RGB ( '',0.9215686274509803377, 0.9215686274509803377, 0.9215686274509803377 ) ;
#4351 = PRESENTATION_STYLE_ASSIGNMENT (( #3950 ) ) ;
#4352 = FILL_AREA_STYLE ('',( #62 ) ) ;
#4353 = EDGE_CURVE ( 'NONE', #2942, #2977, #3483, .T. ) ;
#4354 = CARTESIAN_POINT ( 'NONE',  ( 29.99402189165177646, 41.81608741023894282, 111.3738079275710930 ) ) ;
#4355 = CARTESIAN_POINT ( 'NONE',  ( -8.364899367710290079, 90.51800232296012894, 48.29703034068614187 ) ) ;
#4356 = ORIENTED_EDGE ( 'NONE', *, *, #4879, .T. ) ;
#4357 =( LENGTH_UNIT ( ) NAMED_UNIT ( * ) SI_UNIT ( .MILLI., .METRE. ) );
#4358 = CARTESIAN_POINT ( 'NONE',  ( 13.25525878287309567, 41.81608741023914888, 82.29675064990141209 ) ) ;
#4359 = UNCERTAINTY_MEASURE_WITH_UNIT (LENGTH_MEASURE( 1.000000000000000082E-05 ), #876, 'distance_accuracy_value', 'NONE');
#4360 = ORIENTED_EDGE ( 'NONE', *, *, #1273, .F. ) ;
#4361 = CARTESIAN_POINT ( 'NONE',  ( -17.83874387946712403, 96.23431810802016173, 28.94775884198477556 ) ) ;
#4362 = PRESENTATION_STYLE_ASSIGNMENT (( #2773 ) ) ;
#4363 = ADVANCED_FACE ( 'NONE', ( #2869 ), #4548, .T. ) ;
#4364 = SURFACE_STYLE_FILL_AREA ( #1106 ) ;
#4365 =( LENGTH_UNIT ( ) NAMED_UNIT ( * ) SI_UNIT ( .MILLI., .METRE. ) );
#4366 = DIRECTION ( 'NONE',  ( 3.491481338843133355E-15, 6.982962677686266711E-15, -1.000000000000000000 ) ) ;
#4367 =( NAMED_UNIT ( * ) PLANE_ANGLE_UNIT ( ) SI_UNIT ( $, .RADIAN. ) );
#4368 = VECTOR ( 'NONE', #2936, 1000.000000000000000 ) ;
#4369 =( LENGTH_UNIT ( ) NAMED_UNIT ( * ) SI_UNIT ( .MILLI., .METRE. ) );
#4370 = MECHANICAL_DESIGN_GEOMETRIC_PRESENTATION_REPRESENTATION (  '', ( #3366 ), #2783 ) ;
#4371 = CARTESIAN_POINT ( 'NONE',  ( -22.63739390230637838, 108.3160874102397315, 20.97213260106709853 ) ) ;
#4372 = CYLINDRICAL_SURFACE ( 'NONE', #4045, 1.499999999999994449 ) ;
#4373 = AXIS2_PLACEMENT_3D ( 'NONE', #2925, #4515, #1372 ) ;
#4374 = EDGE_LOOP ( 'NONE', ( #920, #2200, #3328, #2347 ) ) ;
#4375 = CARTESIAN_POINT ( 'NONE',  ( -13.61167705983283582, 35.31608741023899256, 104.6266218876286018 ) ) ;
#4376 = ORIENTED_EDGE ( 'NONE', *, *, #2293, .T. ) ;
#4377 = PRESENTATION_LAYER_ASSIGNMENT (  '', '', ( #1371 ) ) ;
#4378 = EDGE_CURVE ( 'NONE', #138, #194, #1710, .T. ) ;
#4379 =( NAMED_UNIT ( * ) SI_UNIT ( $, .STERADIAN. ) SOLID_ANGLE_UNIT ( ) );
#4380 =( GEOMETRIC_REPRESENTATION_CONTEXT ( 3 ) GLOBAL_UNCERTAINTY_ASSIGNED_CONTEXT ( ( #1114 ) ) GLOBAL_UNIT_ASSIGNED_CONTEXT ( ( #1866, #3856, #737 ) ) REPRESENTATION_CONTEXT ( 'NONE', 'WORKASPACE' ) );
#4381 = VERTEX_POINT ( 'NONE', #569 ) ;
#4382 = CIRCLE ( 'NONE', #2129, 2.099999999999990763 ) ;
#4383 = DIRECTION ( 'NONE',  ( 0.000000000000000000, 1.049062151062891599E-15, -1.000000000000000000 ) ) ;
#4384 = LINE ( 'NONE', #3209, #3902 ) ;
#4385 = STYLED_ITEM ( 'NONE', ( #3679 ), #3729 ) ;
#4386 = CARTESIAN_POINT ( 'NONE',  ( -29.26402080720821886, 45.31608741023920572, 73.75995732056718168 ) ) ;
#4387 = ORIENTED_EDGE ( 'NONE', *, *, #399, .T. ) ;
#4388 = FILL_AREA_STYLE ('',( #4489 ) ) ;
#4389 = CIRCLE ( 'NONE', #4222, 24.99999999999999289 ) ;
#4390 = PRESENTATION_LAYER_ASSIGNMENT (  '', '', ( #2225 ) ) ;
#4391 = CARTESIAN_POINT ( 'NONE',  ( -16.18796807046518893, 94.42573081252660927, 29.47658139525443488 ) ) ;
#4392 = CARTESIAN_POINT ( 'NONE',  ( 9.255469517243646749, 107.0115343590524049, 52.54137002754270469 ) ) ;
#4393 = PRESENTATION_STYLE_ASSIGNMENT (( #4052 ) ) ;
#4394 =( NAMED_UNIT ( * ) SI_UNIT ( $, .STERADIAN. ) SOLID_ANGLE_UNIT ( ) );
#4395 = SURFACE_STYLE_FILL_AREA ( #1618 ) ;
#4396 = STYLED_ITEM ( 'NONE', ( #1143 ), #556 ) ;
#4397 = FILL_AREA_STYLE ('',( #1565 ) ) ;
#4398 = DIRECTION ( 'NONE',  ( 0.2778678402912970191, -6.707968805866618368E-15, 0.9606193123875087503 ) ) ;
#4399 = FILL_AREA_STYLE ('',( #2756 ) ) ;
#4400 = LINE ( 'NONE', #1058, #3786 ) ;
#4401 = EDGE_CURVE ( 'NONE', #3312, #2124, #1321, .T. ) ;
#4402 = DIRECTION ( 'NONE',  ( 0.9606193123875093054, 1.940340758083407360E-15, -0.2778678402912958534 ) ) ;
#4403 = STYLED_ITEM ( 'NONE', ( #1240 ), #1718 ) ;
#4404 = PLANE ( 'NONE',  #2041 ) ;
#4405 = ORIENTED_EDGE ( 'NONE', *, *, #2937, .F. ) ;
#4406 = FILL_AREA_STYLE ('',( #3550 ) ) ;
#4407 = CYLINDRICAL_SURFACE ( 'NONE', #2243, 2.099999999999990763 ) ;
#4408 = EDGE_LOOP ( 'NONE', ( #2489, #4332, #2396, #3377 ) ) ;
#4409 = AXIS2_PLACEMENT_3D ( 'NONE', #1202, #1152, #797 ) ;
#4410 = UNCERTAINTY_MEASURE_WITH_UNIT (LENGTH_MEASURE( 1.000000000000000082E-05 ), #3544, 'distance_accuracy_value', 'NONE');
#4411 = DIRECTION ( 'NONE',  ( 0.000000000000000000, -1.000000000000000000, -0.000000000000000000 ) ) ;
#4412 = DIRECTION ( 'NONE',  ( -1.000000000000000000, 2.438088387897967896E-29, -3.491481338843133355E-15 ) ) ;
#4414 = CARTESIAN_POINT ( 'NONE',  ( 21.55152253061402945, 41.81608741023914888, 82.18717041482356933 ) ) ;
#4413 = AXIS2_PLACEMENT_3D ( 'NONE', #2044, #4036, #2364 ) ;
#4415 = ORIENTED_EDGE ( 'NONE', *, *, #3339, .F. ) ;
#4416 = CARTESIAN_POINT ( 'NONE',  ( -3.357410788399666668, 90.51800232296015736, 30.72288430044782714 ) ) ;
#4417 =( LENGTH_UNIT ( ) NAMED_UNIT ( * ) SI_UNIT ( .MILLI., .METRE. ) );
#4418 = EDGE_CURVE ( 'NONE', #531, #2765, #2446, .T. ) ;
#4419 = CARTESIAN_POINT ( 'NONE',  ( 11.13884492194495124, 108.3160874102397315, 50.04561107341977788 ) ) ;
#4420 = CARTESIAN_POINT ( 'NONE',  ( 10.69146541376825787, 108.2796457818901814, 58.24754062233841267 ) ) ;
#4421 = SURFACE_STYLE_FILL_AREA ( #3320 ) ;
#4422 = CARTESIAN_POINT ( 'NONE',  ( -13.36115507805501323, 51.31608741023972442, 39.50995732056697562 ) ) ;
#4423 = CARTESIAN_POINT ( 'NONE',  ( -20.86115507805497415, 105.3160874102397031, 14.50995732056697207 ) ) ;
#4424 = CARTESIAN_POINT ( 'NONE',  ( -20.86115507805497415, 106.4697415718906370, 59.50995732056701115 ) ) ;
#4425 = CARTESIAN_POINT ( 'NONE',  ( -22.08017487839607540, 108.1610799315103435, 20.48458045175220832 ) ) ;
#4426 = ORIENTED_EDGE ( 'NONE', *, *, #2343, .F. ) ;
#4427 = ADVANCED_FACE ( 'NONE', ( #593 ), #3733, .T. ) ;
#4428 =( NAMED_UNIT ( * ) PLANE_ANGLE_UNIT ( ) SI_UNIT ( $, .RADIAN. ) );
#4429 = CARTESIAN_POINT ( 'NONE',  ( -20.86115507805497060, 104.3339646513197465, 52.16537351859894045 ) ) ;
#4430 = ORIENTED_EDGE ( 'NONE', *, *, #2916, .F. ) ;
#4431 = DIRECTION ( 'NONE',  ( 0.000000000000000000, -1.000000000000000000, -6.982962677686266711E-15 ) ) ;
#4432 = CARTESIAN_POINT ( 'NONE',  ( 7.135401643902977042, 97.81605725241372795, 18.15251971439695566 ) ) ;
#4433 = ORIENTED_EDGE ( 'NONE', *, *, #357, .T. ) ;
#4434 = CARTESIAN_POINT ( 'NONE',  ( 19.13884492194445386, -33.20237785007998355, 153.7311177574583212 ) ) ;
#4435 = CARTESIAN_POINT ( 'NONE',  ( -20.78906897908638740, 103.6269826757951478, 59.56456737951818070 ) ) ;
#4436 =( NAMED_UNIT ( * ) SI_UNIT ( $, .STERADIAN. ) SOLID_ANGLE_UNIT ( ) );
#4437 = CARTESIAN_POINT ( 'NONE',  ( -22.86115507805497415, 108.3160874102397315, 19.50995732056695786 ) ) ;
#4438 = FACE_BOUND ( 'NONE', #3236, .T. ) ;
#4439 = CARTESIAN_POINT ( 'NONE',  ( -85.61302080720845709, 38.31608741023872255, 142.5099573205669401 ) ) ;
#4440 = DIRECTION ( 'NONE',  ( 1.000000000000000000, 0.000000000000000000, 0.000000000000000000 ) ) ;
#4441 = EDGE_CURVE ( 'NONE', #4258, #4170, #2779, .T. ) ;
#4442 = FILL_AREA_STYLE_COLOUR ( '', #4972 ) ;
#4443 = MECHANICAL_DESIGN_GEOMETRIC_PRESENTATION_REPRESENTATION (  '', ( #1515 ), #2974 ) ;
#4444 = FILL_AREA_STYLE_COLOUR ( '', #2420 ) ;
#4445 = FACE_OUTER_BOUND ( 'NONE', #2142, .T. ) ;
#4446 = CARTESIAN_POINT ( 'NONE',  ( 0.2744041778142747301, 62.63767807433914925, 17.31557600401210095 ) ) ;
#4447 = VECTOR ( 'NONE', #1620, 1000.000000000000000 ) ;
#4448 = ORIENTED_EDGE ( 'NONE', *, *, #2317, .F. ) ;
#4449 = CARTESIAN_POINT ( 'NONE',  ( -15.36115507805507718, 35.31608741023958942, 18.56359725491371648 ) ) ;
#4450 = ORIENTED_EDGE ( 'NONE', *, *, #470, .T. ) ;
#4451 = COLOUR_RGB ( '',1.000000000000000000, 1.000000000000000000, 1.000000000000000000 ) ;
#4452 = SURFACE_STYLE_USAGE ( .BOTH. , #1283 ) ;
#4453 = CARTESIAN_POINT ( 'NONE',  ( 8.664119277820942600, 101.4485665652232171, 51.46193483872453101 ) ) ;
#4454 = VERTEX_POINT ( 'NONE', #3859 ) ;
#4455 = CARTESIAN_POINT ( 'NONE',  ( -12.56957463607975356, 61.67882482105802922, 18.13658641095990376 ) ) ;
#4456 =( GEOMETRIC_REPRESENTATION_CONTEXT ( 3 ) GLOBAL_UNCERTAINTY_ASSIGNED_CONTEXT ( ( #1937 ) ) GLOBAL_UNIT_ASSIGNED_CONTEXT ( ( #4582, #598, #3420 ) ) REPRESENTATION_CONTEXT ( 'NONE', 'WORKASPACE' ) );
#4457 = FILL_AREA_STYLE_COLOUR ( '', #728 ) ;
#4458 = AXIS2_PLACEMENT_3D ( 'NONE', #486, #2793, #49 ) ;
#4459 = UNCERTAINTY_MEASURE_WITH_UNIT (LENGTH_MEASURE( 1.000000000000000082E-05 ), #2242, 'distance_accuracy_value', 'NONE');
#4460 =( GEOMETRIC_REPRESENTATION_CONTEXT ( 3 ) GLOBAL_UNCERTAINTY_ASSIGNED_CONTEXT ( ( #1071 ) ) GLOBAL_UNIT_ASSIGNED_CONTEXT ( ( #5093, #4289, #70 ) ) REPRESENTATION_CONTEXT ( 'NONE', 'WORKASPACE' ) );
#4461 = ORIENTED_EDGE ( 'NONE', *, *, #478, .F. ) ;
#4462 = VECTOR ( 'NONE', #4798, 1000.000000000000000 ) ;
#4463 =( LENGTH_UNIT ( ) NAMED_UNIT ( * ) SI_UNIT ( .MILLI., .METRE. ) );
#4464 = EDGE_CURVE ( 'NONE', #3412, #3390, #4981, .T. ) ;
#4465 = DIRECTION ( 'NONE',  ( 0.000000000000000000, 0.000000000000000000, 1.000000000000000000 ) ) ;
#4466 = VECTOR ( 'NONE', #871, 1000.000000000000114 ) ;
#4467 = CIRCLE ( 'NONE', #1952, 2.099999999999990763 ) ;
#4468 = CARTESIAN_POINT ( 'NONE',  ( 10.45835809347137513, 108.1996187468186292, 51.07243806487861093 ) ) ;
#4469 = FACE_OUTER_BOUND ( 'NONE', #549, .T. ) ;
#4470 =( GEOMETRIC_REPRESENTATION_CONTEXT ( 3 ) GLOBAL_UNCERTAINTY_ASSIGNED_CONTEXT ( ( #4195 ) ) GLOBAL_UNIT_ASSIGNED_CONTEXT ( ( #4357, #782, #2786 ) ) REPRESENTATION_CONTEXT ( 'NONE', 'WORKASPACE' ) );
#4471 = CARTESIAN_POINT ( 'NONE',  ( -82.11302080720842866, 35.31608741023878650, 134.0099573205669401 ) ) ;
#4472 = COLOUR_RGB ( '',0.9215686274509803377, 0.9215686274509803377, 0.9215686274509803377 ) ;
#4473 = DIRECTION ( 'NONE',  ( 0.2778678402912988510, -6.707968805866616001E-15, 0.9606193123875083062 ) ) ;
#4474 = LINE ( 'NONE', #520, #4368 ) ;
#4475 = DIRECTION ( 'NONE',  ( 3.491481338843133355E-15, 6.982962677686266711E-15, -1.000000000000000000 ) ) ;
#4476 = FILL_AREA_STYLE_COLOUR ( '', #2539 ) ;
#4477 = CARTESIAN_POINT ( 'NONE',  ( 1.379181667659023391, 60.28837524497751588, 18.41727250118784198 ) ) ;
#4478 = ORIENTED_EDGE ( 'NONE', *, *, #1564, .T. ) ;
#4479 = ORIENTED_EDGE ( 'NONE', *, *, #4260, .T. ) ;
#4480 = EDGE_CURVE ( 'NONE', #211, #1763, #4703, .T. ) ;
#4481 = CARTESIAN_POINT ( 'NONE',  ( -5.861155078055012346, 89.77559119250058473, 39.50995732056697562 ) ) ;
#4482 = DIRECTION ( 'NONE',  ( 0.000000000000000000, 0.000000000000000000, -1.000000000000000000 ) ) ;
#4483 = ORIENTED_EDGE ( 'NONE', *, *, #459, .T. ) ;
#4484 =( NAMED_UNIT ( * ) PLANE_ANGLE_UNIT ( ) SI_UNIT ( $, .RADIAN. ) );
#4485 = VECTOR ( 'NONE', #2865, 1000.000000000000000 ) ;
#4486 = CARTESIAN_POINT ( 'NONE',  ( 9.232230559921376312, 106.9263895621862872, 26.46134106809524056 ) ) ;
#4487 = DIRECTION ( 'NONE',  ( -0.000000000000000000, 1.000000000000000000, -0.000000000000000000 ) ) ;
#4488 = EDGE_LOOP ( 'NONE', ( #2503, #4087, #2839, #591 ) ) ;
#4489 = FILL_AREA_STYLE_COLOUR ( '', #2668 ) ;
#4490 =( LENGTH_UNIT ( ) NAMED_UNIT ( * ) SI_UNIT ( .MILLI., .METRE. ) );
#4491 =( GEOMETRIC_REPRESENTATION_CONTEXT ( 3 ) GLOBAL_UNCERTAINTY_ASSIGNED_CONTEXT ( ( #1843 ) ) GLOBAL_UNIT_ASSIGNED_CONTEXT ( ( #428, #2413, #3958 ) ) REPRESENTATION_CONTEXT ( 'NONE', 'WORKASPACE' ) );
#4492 = PLANE ( 'NONE',  #1040 ) ;
#4493 = CYLINDRICAL_SURFACE ( 'NONE', #588, 1.499999999999994449 ) ;
#4494 = DIRECTION ( 'NONE',  ( -1.000000000000000000, 2.438088387897967896E-29, -3.491481338843133355E-15 ) ) ;
#4495 = ADVANCED_FACE ( 'NONE', ( #2588 ), #2693, .F. ) ;
#4496 = ORIENTED_EDGE ( 'NONE', *, *, #1689, .F. ) ;
#4497 = CARTESIAN_POINT ( 'NONE',  ( -17.73549716509293006, 108.3160874102397315, 61.50995732056698273 ) ) ;
#4498 = VECTOR ( 'NONE', #654, 1000.000000000000000 ) ;
#4499 = CARTESIAN_POINT ( 'NONE',  ( -55.11167705983284293, 35.31608741023899256, 104.6266218876284597 ) ) ;
#4500 = DIRECTION ( 'NONE',  ( -0.000000000000000000, 1.000000000000000000, 6.982962677686266711E-15 ) ) ;
#4501 = CARTESIAN_POINT ( 'NONE',  ( 1.467399143076618895, 60.95966791922577954, 17.27315113062451601 ) ) ;
#4502 = ORIENTED_EDGE ( 'NONE', *, *, #4879, .F. ) ;
#4503 = ORIENTED_EDGE ( 'NONE', *, *, #1308, .F. ) ;
#4504 = AXIS2_PLACEMENT_3D ( 'NONE', #3076, #2208, #3049 ) ;
#4505 = ORIENTED_EDGE ( 'NONE', *, *, #2937, .T. ) ;
#4506 = COLOUR_RGB ( '',0.9215686274509803377, 0.9215686274509803377, 0.9215686274509803377 ) ;
#4507 = PRESENTATION_LAYER_ASSIGNMENT (  '', '', ( #2505 ) ) ;
#4509 = DIRECTION ( 'NONE',  ( -0.000000000000000000, -1.000000000000000000, -6.982962677686266711E-15 ) ) ;
#4508 = AXIS2_PLACEMENT_3D ( 'NONE', #4266, #4610, #3401 ) ;
#4510 = ORIENTED_EDGE ( 'NONE', *, *, #1403, .F. ) ;
#4511 = FILL_AREA_STYLE_COLOUR ( '', #1208 ) ;
#4512 = ADVANCED_FACE ( 'NONE', ( #5056 ), #1078, .F. ) ;
#4513 = PRODUCT_DEFINITION_CONTEXT ( 'detailed design', #3001, 'design' ) ;
#4514 = VECTOR ( 'NONE', #3865, 1000.000000000000000 ) ;
#4515 = DIRECTION ( 'NONE',  ( 0.000000000000000000, -1.000000000000000000, -6.982962677686266711E-15 ) ) ;
#4516 = ORIENTED_EDGE ( 'NONE', *, *, #4353, .T. ) ;
#4517 = SURFACE_STYLE_USAGE ( .BOTH. , #234 ) ;
#4518 =( NAMED_UNIT ( * ) SI_UNIT ( $, .STERADIAN. ) SOLID_ANGLE_UNIT ( ) );
#4519 = CARTESIAN_POINT ( 'NONE',  ( 19.13884492194477360, 38.31608741023928388, 62.50995732056731669 ) ) ;
#4520 = LINE ( 'NONE', #1323, #3815 ) ;
#4521 =( NAMED_UNIT ( * ) SI_UNIT ( $, .STERADIAN. ) SOLID_ANGLE_UNIT ( ) );
#4522 = ORIENTED_EDGE ( 'NONE', *, *, #1750, .T. ) ;
#4523 = FACE_OUTER_BOUND ( 'NONE', #1233, .T. ) ;
#4524 = CARTESIAN_POINT ( 'NONE',  ( -16.18724203457679778, 35.31608741023960363, 16.74217464050905946 ) ) ;
#4525 = CARTESIAN_POINT ( 'NONE',  ( 12.61616275020310418, 38.31608741023916309, 80.08732623141008844 ) ) ;
#4526 = DIRECTION ( 'NONE',  ( -8.673617379884027583E-16, 0.000000000000000000, 1.000000000000000000 ) ) ;
#4527 = EDGE_CURVE ( 'NONE', #3891, #3439, #1792, .T. ) ;
#4528 = CARTESIAN_POINT ( 'NONE',  ( -5.861155078055012346, 51.31608741023971731, 39.50995732056697562 ) ) ;
#4529 = SURFACE_STYLE_FILL_AREA ( #3425 ) ;
#4530 = CARTESIAN_POINT ( 'NONE',  ( 1.231920010164756496, 60.76571672377456679, 18.33714566945822000 ) ) ;
#4531 = ORIENTED_EDGE ( 'NONE', *, *, #507, .F. ) ;
#4532 = ORIENTED_EDGE ( 'NONE', *, *, #4814, .T. ) ;
#4533 = CIRCLE ( 'NONE', #3278, 19.99999999999999645 ) ;
#4534 = EDGE_CURVE ( 'NONE', #4262, #118, #3177, .T. ) ;
#4535 = VERTEX_POINT ( 'NONE', #1144 ) ;
#4536 = CARTESIAN_POINT ( 'NONE',  ( 0.8519703831860933052, 91.89296757058556864, 48.75479775571486840 ) ) ;
#4537 = AXIS2_PLACEMENT_3D ( 'NONE', #3208, #4411, #838 ) ;
#4538 = EDGE_LOOP ( 'NONE', ( #4886, #3809 ) ) ;
#4539 = CARTESIAN_POINT ( 'NONE',  ( -11.47998666653632149, 63.30784711778732543, 17.63400066319917769 ) ) ;
#4541 = DIRECTION ( 'NONE',  ( 0.000000000000000000, -1.000000000000000000, -6.982962677686266711E-15 ) ) ;
#4540 = AXIS2_PLACEMENT_3D ( 'NONE', #1231, #2485, #422 ) ;
#4542 = EDGE_CURVE ( 'NONE', #3779, #2438, #305, .T. ) ;
#4543 = ORIENTED_EDGE ( 'NONE', *, *, #5131, .T. ) ;
#4544 = VECTOR ( 'NONE', #3383, 1000.000000000000000 ) ;
#4545 = CIRCLE ( 'NONE', #1276, 2.099999999999990763 ) ;
#4546 = AXIS2_PLACEMENT_3D ( 'NONE', #4168, #4648, #583 ) ;
#4547 = SURFACE_STYLE_FILL_AREA ( #2978 ) ;
#4548 = CYLINDRICAL_SURFACE ( 'NONE', #2528, 2.000000000000001776 ) ;
#4549 = CARTESIAN_POINT ( 'NONE',  ( -20.95454071603139923, 106.9263895621862872, 52.55857357303868582 ) ) ;
#4550 = CIRCLE ( 'NONE', #4373, 1.499999999999987566 ) ;
#4551 = PRESENTATION_LAYER_ASSIGNMENT (  '', '', ( #3872 ) ) ;
#4552 = ORIENTED_EDGE ( 'NONE', *, *, #3624, .F. ) ;
#4553 = COLOUR_RGB ( '',0.9215686274509803377, 0.9215686274509803377, 0.9215686274509803377 ) ;
#4554 = VECTOR ( 'NONE', #2806, 1000.000000000000000 ) ;
#4555 = SURFACE_STYLE_FILL_AREA ( #978 ) ;
#4556 = DIRECTION ( 'NONE',  ( 0.000000000000000000, -1.000000000000000000, -6.982962677686266711E-15 ) ) ;
#4557 =( GEOMETRIC_REPRESENTATION_CONTEXT ( 3 ) GLOBAL_UNCERTAINTY_ASSIGNED_CONTEXT ( ( #5007 ) ) GLOBAL_UNIT_ASSIGNED_CONTEXT ( ( #4138, #2646, #1426 ) ) REPRESENTATION_CONTEXT ( 'NONE', 'WORKASPACE' ) );
#4558 = DIRECTION ( 'NONE',  ( 0.000000000000000000, -1.000000000000000000, -6.982962677686266711E-15 ) ) ;
#4559 = LINE ( 'NONE', #3373, #3204 ) ;
#4560 = MECHANICAL_DESIGN_GEOMETRIC_PRESENTATION_REPRESENTATION (  '', ( #3134 ), #891 ) ;
#4561 = AXIS2_PLACEMENT_3D ( 'NONE', #2889, #1751, #4565 ) ;
#4562 = CARTESIAN_POINT ( 'NONE',  ( 1.256811459039632428, 60.69295775018304795, 17.78557815753221405 ) ) ;
#4563 = EDGE_LOOP ( 'NONE', ( #525, #1334 ) ) ;
#4564 = COLOUR_RGB ( '',0.9215686274509803377, 0.9215686274509803377, 0.9215686274509803377 ) ;
#4565 = DIRECTION ( 'NONE',  ( -3.352703460764988788E-15, -6.982962677686266711E-15, 1.000000000000000000 ) ) ;
#4566 = ORIENTED_EDGE ( 'NONE', *, *, #4464, .F. ) ;
#4567 = CARTESIAN_POINT ( 'NONE',  ( -80.01302080720844856, 35.31608741023878650, 134.0099573205669401 ) ) ;
#4568 = CARTESIAN_POINT ( 'NONE',  ( -22.18066824958139804, 108.1996187468186434, 27.94747657625534742 ) ) ;
#4569 = EDGE_CURVE ( 'NONE', #2598, #2787, #952, .T. ) ;
#4570 = VERTEX_POINT ( 'NONE', #1122 ) ;
#4571 = CARTESIAN_POINT ( 'NONE',  ( -12.12277409321317556, 62.92809692971306390, 16.80756515022224207 ) ) ;
#4572 = STYLED_ITEM ( 'NONE', ( #4746 ), #40 ) ;
#4573 = SURFACE_STYLE_USAGE ( .BOTH. , #2527 ) ;
#4574 = LINE ( 'NONE', #2976, #63 ) ;
#4575 = ORIENTED_EDGE ( 'NONE', *, *, #3275, .F. ) ;
#4576 = FILL_AREA_STYLE_COLOUR ( '', #2550 ) ;
#4577 = DIRECTION ( 'NONE',  ( 0.000000000000000000, 0.000000000000000000, -1.000000000000000000 ) ) ;
#4578 = DIRECTION ( 'NONE',  ( 3.838426034038494774E-15, 6.982962677686266711E-15, -1.000000000000000000 ) ) ;
#4579 = CIRCLE ( 'NONE', #1474, 2.199999999999975753 ) ;
#4580 =( NAMED_UNIT ( * ) PLANE_ANGLE_UNIT ( ) SI_UNIT ( $, .RADIAN. ) );
#4581 = VERTEX_POINT ( 'NONE', #1964 ) ;
#4582 =( LENGTH_UNIT ( ) NAMED_UNIT ( * ) SI_UNIT ( .MILLI., .METRE. ) );
#4583 = AXIS2_PLACEMENT_3D ( 'NONE', #4594, #3920, #2753 ) ;
#4584 = SURFACE_STYLE_USAGE ( .BOTH. , #1352 ) ;
#4585 = EDGE_CURVE ( 'NONE', #2124, #3272, #4704, .T. ) ;
#4586 = CARTESIAN_POINT ( 'NONE',  ( -52.11167705983287135, 35.31608741023899256, 104.6266218876284455 ) ) ;
#4587 = DIRECTION ( 'NONE',  ( 0.000000000000000000, 0.000000000000000000, -1.000000000000000000 ) ) ;
#4588 = AXIS2_PLACEMENT_3D ( 'NONE', #2873, #4023, #926 ) ;
#4589 = ORIENTED_EDGE ( 'NONE', *, *, #2146, .T. ) ;
#4590 =( NAMED_UNIT ( * ) PLANE_ANGLE_UNIT ( ) SI_UNIT ( $, .RADIAN. ) );
#4591 = LINE ( 'NONE', #2262, #3963 ) ;
#4592 = ORIENTED_EDGE ( 'NONE', *, *, #1168, .F. ) ;
#4593 =( LENGTH_UNIT ( ) NAMED_UNIT ( * ) SI_UNIT ( .MILLI., .METRE. ) );
#4594 = CARTESIAN_POINT ( 'NONE',  ( 22.61197919279169000, 35.31608741023904230, 97.00995732056730958 ) ) ;
#4595 = CARTESIAN_POINT ( 'NONE',  ( 9.138844921944951238, 108.3160874102397315, 39.50995732056697562 ) ) ;
#4596 = DIRECTION ( 'NONE',  ( 0.000000000000000000, 0.000000000000000000, 1.000000000000000000 ) ) ;
#4597 = ADVANCED_FACE ( 'NONE', ( #3489 ), #741, .F. ) ;
#4598 = AXIS2_PLACEMENT_3D ( 'NONE', #3742, #3843, #1458 ) ;
#4599 = AXIS2_PLACEMENT_3D ( 'NONE', #1516, #423, #4328 ) ;
#4600 = CYLINDRICAL_SURFACE ( 'NONE', #2121, 2.099999999999990763 ) ;
#4601 = ORIENTED_EDGE ( 'NONE', *, *, #2732, .F. ) ;
#4602 = DIRECTION ( 'NONE',  ( 1.000000000000000000, 0.000000000000000000, 0.000000000000000000 ) ) ;
#4604 = MANIFOLD_SOLID_BREP ( '板背gai-2-solid1', #5002 ) ;
#4603 = CARTESIAN_POINT ( 'NONE',  ( -33.61167705983291398, 35.31608741023884335, 124.6266218876285166 ) ) ;
#4605 = ORIENTED_EDGE ( 'NONE', *, *, #3504, .F. ) ;
#4606 = CARTESIAN_POINT ( 'NONE',  ( -38.26402080720819043, 45.31608741023926257, 65.75995732056716747 ) ) ;
#4607 = PRESENTATION_STYLE_ASSIGNMENT (( #2572 ) ) ;
#4608 = FILL_AREA_STYLE_COLOUR ( '', #2711 ) ;
#4609 = ADVANCED_FACE ( 'NONE', ( #73 ), #5128, .F. ) ;
#4610 = DIRECTION ( 'NONE',  ( 0.000000000000000000, -1.000000000000000000, -6.982962677686266711E-15 ) ) ;
#4611 = ORIENTED_EDGE ( 'NONE', *, *, #4176, .F. ) ;
#4612 = FILL_AREA_STYLE_COLOUR ( '', #2988 ) ;
#4613 = ORIENTED_EDGE ( 'NONE', *, *, #2950, .F. ) ;
#4614 = LINE ( 'NONE', #3751, #4544 ) ;
#4615 = SURFACE_STYLE_FILL_AREA ( #2626 ) ;
#4616 = PLANE ( 'NONE',  #4807 ) ;
#4617 = UNCERTAINTY_MEASURE_WITH_UNIT (LENGTH_MEASURE( 1.000000000000000082E-05 ), #1135, 'distance_accuracy_value', 'NONE');
#4618 = VECTOR ( 'NONE', #3288, 1000.000000000000000 ) ;
#4619 = DIRECTION ( 'NONE',  ( 0.2778678402913064560, -6.308085367188442503E-15, 0.9606193123875060857 ) ) ;
#4620 = ORIENTED_EDGE ( 'NONE', *, *, #2675, .F. ) ;
#4621 = SURFACE_SIDE_STYLE ('',( #3503 ) ) ;
#4622 = CARTESIAN_POINT ( 'NONE',  ( -15.36115507805507718, -33.20237785007903852, 18.56359725491324397 ) ) ;
#4623 = SURFACE_STYLE_FILL_AREA ( #206 ) ;
#4624 =( GEOMETRIC_REPRESENTATION_CONTEXT ( 3 ) GLOBAL_UNCERTAINTY_ASSIGNED_CONTEXT ( ( #3826 ) ) GLOBAL_UNIT_ASSIGNED_CONTEXT ( ( #4369, #4827, #15 ) ) REPRESENTATION_CONTEXT ( 'NONE', 'WORKASPACE' ) );
#4625 = UNCERTAINTY_MEASURE_WITH_UNIT (LENGTH_MEASURE( 1.000000000000000082E-05 ), #2700, 'distance_accuracy_value', 'NONE');
#4626 = COLOUR_RGB ( '',0.9215686274509803377, 0.9215686274509803377, 0.9215686274509803377 ) ;
#4627 = CARTESIAN_POINT ( 'NONE',  ( -5.861155078055012346, 51.31608741023971731, 39.50995732056697562 ) ) ;
#4628 = CARTESIAN_POINT ( 'NONE',  ( -20.86115507805497415, 106.3160874102397315, 52.58665415118902331 ) ) ;
#4629 = ORIENTED_EDGE ( 'NONE', *, *, #3137, .F. ) ;
#4630 = PRESENTATION_STYLE_ASSIGNMENT (( #4259 ) ) ;
#4631 =( GEOMETRIC_REPRESENTATION_CONTEXT ( 3 ) GLOBAL_UNCERTAINTY_ASSIGNED_CONTEXT ( ( #3359 ) ) GLOBAL_UNIT_ASSIGNED_CONTEXT ( ( #1496, #1116, #3501 ) ) REPRESENTATION_CONTEXT ( 'NONE', 'WORKASPACE' ) );
#4632 = ORIENTED_EDGE ( 'NONE', *, *, #2684, .T. ) ;
#4633 = PRODUCT ( 'l2v2', 'l2v2', '', ( #754 ) ) ;
#4634 = ADVANCED_FACE ( 'NONE', ( #2808 ), #3169, .T. ) ;
#4635 =( GEOMETRIC_REPRESENTATION_CONTEXT ( 3 ) GLOBAL_UNCERTAINTY_ASSIGNED_CONTEXT ( ( #2790 ) ) GLOBAL_UNIT_ASSIGNED_CONTEXT ( ( #3764, #954, #2232 ) ) REPRESENTATION_CONTEXT ( 'NONE', 'WORKASPACE' ) );
#4636 = CARTESIAN_POINT ( 'NONE',  ( 9.138844921944949462, 106.4697415718906228, 19.50995732056694720 ) ) ;
#4637 = CIRCLE ( 'NONE', #2960, 1.499999999999987566 ) ;
#4638 = SURFACE_SIDE_STYLE ('',( #2315 ) ) ;
#4639 = FILL_AREA_STYLE_COLOUR ( '', #4506 ) ;
#4640 = DIRECTION ( 'NONE',  ( -0.000000000000000000, 0.000000000000000000, 1.000000000000000000 ) ) ;
#4641 = VECTOR ( 'NONE', #829, 1000.000000000000000 ) ;
#4642 = PRESENTATION_LAYER_ASSIGNMENT (  '', '', ( #567 ) ) ;
#4643 = ORIENTED_EDGE ( 'NONE', *, *, #2982, .T. ) ;
#4644 = VECTOR ( 'NONE', #2312, 1000.000000000000000 ) ;
#4645 = SURFACE_STYLE_FILL_AREA ( #700 ) ;
#4646 = ORIENTED_EDGE ( 'NONE', *, *, #4665, .F. ) ;
#4647 = CIRCLE ( 'NONE', #3300, 1.499999999999994449 ) ;
#4648 = DIRECTION ( 'NONE',  ( -1.000000000000000000, 2.438088387897967896E-29, -3.491481338843133355E-15 ) ) ;
#4649 = DIRECTION ( 'NONE',  ( 0.000000000000000000, -1.000000000000000000, -6.982962677686266711E-15 ) ) ;
#4650 = STYLED_ITEM ( 'NONE', ( #2722 ), #814 ) ;
#4651 = EDGE_CURVE ( 'NONE', #4838, #4143, #4800, .T. ) ;
#4652 =( BOUNDED_CURVE ( )  B_SPLINE_CURVE ( 3, ( #1421, #2953, #3757, #1347 ),
 .UNSPECIFIED., .F., .F. ) 
 B_SPLINE_CURVE_WITH_KNOTS ( ( 4, 4 ),
 ( 3.141592653589793116, 4.712389154017301962 ),
 .UNSPECIFIED. ) 
 CURVE ( )  GEOMETRIC_REPRESENTATION_ITEM ( )  RATIONAL_B_SPLINE_CURVE ( ( 1.000000000000000000, 0.8047378131987639183, 0.8047378131987639183, 1.000000000000000000 ) ) 
 REPRESENTATION_ITEM ( '' )  );
#4653 = PRESENTATION_STYLE_ASSIGNMENT (( #4275 ) ) ;
#4654 = ORIENTED_EDGE ( 'NONE', *, *, #3078, .F. ) ;
#4655 = LINE ( 'NONE', #1096, #2126 ) ;
#4656 = SURFACE_STYLE_USAGE ( .BOTH. , #2689 ) ;
#4657 = DIRECTION ( 'NONE',  ( 0.000000000000000000, 0.000000000000000000, 1.000000000000000000 ) ) ;
#4658 = CARTESIAN_POINT ( 'NONE',  ( 18.81677028045111655, 88.31608741023971731, 35.50995732056698273 ) ) ;
#4659 = ORIENTED_EDGE ( 'NONE', *, *, #2235, .T. ) ;
#4660 = CARTESIAN_POINT ( 'NONE',  ( -16.18724203457679778, 38.31608741023960363, 16.74217464050908788 ) ) ;
#4661 = VERTEX_POINT ( 'NONE', #825 ) ;
#4662 = CARTESIAN_POINT ( 'NONE',  ( 10.03092514067467533, 108.0013727604785458, 20.20954479985251240 ) ) ;
#4663 = VECTOR ( 'NONE', #3695, 1000.000000000000000 ) ;
#4664 = PRESENTATION_STYLE_ASSIGNMENT (( #4990 ) ) ;
#4665 = EDGE_CURVE ( 'NONE', #3601, #4861, #3595, .T. ) ;
#4666 =( LENGTH_UNIT ( ) NAMED_UNIT ( * ) SI_UNIT ( .MILLI., .METRE. ) );
#4667 = SURFACE_STYLE_FILL_AREA ( #5068 ) ;
#4668 = CARTESIAN_POINT ( 'NONE',  ( 24.17078192250341928, 45.31608741023888598, 120.0329000428977793 ) ) ;
#4669 = CYLINDRICAL_SURFACE ( 'NONE', #2980, 25.00000000000000711 ) ;
#4670 = CARTESIAN_POINT ( 'NONE',  ( 9.325126945202562467, 107.1630877548575000, 26.54634187619300434 ) ) ;
#4671 = CARTESIAN_POINT ( 'NONE',  ( -12.11167705983284115, 38.31608741023898546, 104.6266218876286160 ) ) ;
#4672 = ORIENTED_EDGE ( 'NONE', *, *, #851, .T. ) ;
#4673 = COLOUR_RGB ( '',1.000000000000000000, 1.000000000000000000, 1.000000000000000000 ) ;
#4674 = SURFACE_SIDE_STYLE ('',( #1177 ) ) ;
#4675 = CARTESIAN_POINT ( 'NONE',  ( -85.61302080720844287, 35.31608741023876519, 137.5099573205668833 ) ) ;
#4676 = UNCERTAINTY_MEASURE_WITH_UNIT (LENGTH_MEASURE( 1.000000000000000082E-05 ), #312, 'distance_accuracy_value', 'NONE');
#4677 =( NAMED_UNIT ( * ) SI_UNIT ( $, .STERADIAN. ) SOLID_ANGLE_UNIT ( ) );
#4678 = VERTEX_POINT ( 'NONE', #1252 ) ;
#4679 = EDGE_CURVE ( 'NONE', #3426, #780, #396, .T. ) ;
#4680 = CARTESIAN_POINT ( 'NONE',  ( -5.861155078055012346, 108.3160874102397315, 39.50995732056697562 ) ) ;
#4681 = DIRECTION ( 'NONE',  ( -0.9606193123875081952, -1.940340758083427870E-15, 0.2778678402912988510 ) ) ;
#4682 = UNCERTAINTY_MEASURE_WITH_UNIT (LENGTH_MEASURE( 1.000000000000000082E-05 ), #2902, 'distance_accuracy_value', 'NONE');
#4683 = COLOUR_RGB ( '',0.9215686274509803377, 0.9215686274509803377, 0.9215686274509803377 ) ;
#4684 = DIRECTION ( 'NONE',  ( 0.000000000000000000, 1.000000000000000000, 6.982962677686266711E-15 ) ) ;
#4685 =( LENGTH_UNIT ( ) NAMED_UNIT ( * ) SI_UNIT ( .MILLI., .METRE. ) );
#4686 = ORIENTED_EDGE ( 'NONE', *, *, #2774, .F. ) ;
#4687 = ORIENTED_EDGE ( 'NONE', *, *, #1740, .T. ) ;
#4688 = CARTESIAN_POINT ( 'NONE',  ( 1.379442252013636683, 60.28730847503178580, 18.41741812138572598 ) ) ;
#4689 =( NAMED_UNIT ( * ) PLANE_ANGLE_UNIT ( ) SI_UNIT ( $, .RADIAN. ) );
#4690 = PRESENTATION_STYLE_ASSIGNMENT (( #3894 ) ) ;
#4691 = AXIS2_PLACEMENT_3D ( 'NONE', #2380, #5115, #4286 ) ;
#4692 = DIRECTION ( 'NONE',  ( -0.000000000000000000, -1.000000000000000000, -0.000000000000000000 ) ) ;
#4693 = VERTEX_POINT ( 'NONE', #3221 ) ;
#4694 = EDGE_LOOP ( 'NONE', ( #480, #3307, #1788, #1669 ) ) ;
#4695 = FACE_OUTER_BOUND ( 'NONE', #1462, .T. ) ;
#4696 = ORIENTED_EDGE ( 'NONE', *, *, #149, .F. ) ;
#4697 = SURFACE_STYLE_USAGE ( .BOTH. , #4674 ) ;
#4698 = CARTESIAN_POINT ( 'NONE',  ( 9.138844921944951238, 105.3160874102397031, 26.62585859384180864 ) ) ;
#4699 = EDGE_CURVE ( 'NONE', #3891, #4910, #1187, .T. ) ;
#4700 = CARTESIAN_POINT ( 'NONE',  ( 12.61616275020310418, 45.31608741023916309, 80.08732623141014528 ) ) ;
#4701 = ORIENTED_EDGE ( 'NONE', *, *, #3816, .F. ) ;
#4702 = CARTESIAN_POINT ( 'NONE',  ( -30.86115507805522995, -33.20237785007934406, 62.50995732056663456 ) ) ;
#4703 = CIRCLE ( 'NONE', #785, 2.099999999999990763 ) ;
#4704 = LINE ( 'NONE', #4310, #225 ) ;
#4705 = LINE ( 'NONE', #4658, #1546 ) ;
#4706 = EDGE_CURVE ( 'NONE', #2746, #5146, #633, .T. ) ;
#4707 = CARTESIAN_POINT ( 'NONE',  ( -13.36115507805501323, 58.31609261921808240, 18.56359725491356372 ) ) ;
#4708 = ORIENTED_EDGE ( 'NONE', *, *, #4165, .T. ) ;
#4709 =( GEOMETRIC_REPRESENTATION_CONTEXT ( 3 ) GLOBAL_UNCERTAINTY_ASSIGNED_CONTEXT ( ( #1891 ) ) GLOBAL_UNIT_ASSIGNED_CONTEXT ( ( #2073, #3606, #2096 ) ) REPRESENTATION_CONTEXT ( 'NONE', 'WORKASPACE' ) );
#4710 = EDGE_CURVE ( 'NONE', #2610, #4960, #3946, .T. ) ;
#4711 = FILL_AREA_STYLE ('',( #391 ) ) ;
#4712 = LINE ( 'NONE', #4742, #2405 ) ;
#4713 = AXIS2_PLACEMENT_3D ( 'NONE', #1591, #2090, #2835 ) ;
#4714 = DIRECTION ( 'NONE',  ( 0.000000000000000000, -1.000000000000000000, -6.982962677686266711E-15 ) ) ;
#4715 = MECHANICAL_DESIGN_GEOMETRIC_PRESENTATION_REPRESENTATION (  '', ( #3867 ), #1779 ) ;
#4716 = PLANE ( 'NONE',  #1947 ) ;
#4717 =( GEOMETRIC_REPRESENTATION_CONTEXT ( 3 ) GLOBAL_UNCERTAINTY_ASSIGNED_CONTEXT ( ( #916 ) ) GLOBAL_UNIT_ASSIGNED_CONTEXT ( ( #4839, #2439, #2785 ) ) REPRESENTATION_CONTEXT ( 'NONE', 'WORKASPACE' ) );
#4718 =( NAMED_UNIT ( * ) SI_UNIT ( $, .STERADIAN. ) SOLID_ANGLE_UNIT ( ) );
#4719 = ORIENTED_EDGE ( 'NONE', *, *, #4378, .F. ) ;
#4720 = AXIS2_PLACEMENT_3D ( 'NONE', #2160, #4174, #1706 ) ;
#4721 =( GEOMETRIC_REPRESENTATION_CONTEXT ( 3 ) GLOBAL_UNCERTAINTY_ASSIGNED_CONTEXT ( ( #2213 ) ) GLOBAL_UNIT_ASSIGNED_CONTEXT ( ( #733, #3823, #2319 ) ) REPRESENTATION_CONTEXT ( 'NONE', 'WORKASPACE' ) );
#4722 = DIRECTION ( 'NONE',  ( -0.000000000000000000, -1.000000000000000000, -0.000000000000000000 ) ) ;
#4723 = DIRECTION ( 'NONE',  ( 0.000000000000000000, -0.000000000000000000, -1.000000000000000000 ) ) ;
#4724 = ORIENTED_EDGE ( 'NONE', *, *, #4527, .T. ) ;
#4725 = CIRCLE ( 'NONE', #1287, 2.099999999999990763 ) ;
#4726 = VECTOR ( 'NONE', #688, 1000.000000000000000 ) ;
#4727 = ADVANCED_FACE ( 'NONE', ( #3143 ), #1002, .T. ) ;
#4728 = SURFACE_STYLE_USAGE ( .BOTH. , #756 ) ;
#4729 =( NAMED_UNIT ( * ) SI_UNIT ( $, .STERADIAN. ) SOLID_ANGLE_UNIT ( ) );
#4730 = MECHANICAL_DESIGN_GEOMETRIC_PRESENTATION_REPRESENTATION (  '', ( #2560 ), #4470 ) ;
#4731 = EDGE_LOOP ( 'NONE', ( #4226, #2846, #905, #4620 ) ) ;
#4732 = AXIS2_PLACEMENT_3D ( 'NONE', #1651, #4922, #2857 ) ;
#4733 = DIRECTION ( 'NONE',  ( 0.000000000000000000, 0.000000000000000000, 1.000000000000000000 ) ) ;
#4734 = SURFACE_STYLE_USAGE ( .BOTH. , #3129 ) ;
#4735 = UNCERTAINTY_MEASURE_WITH_UNIT (LENGTH_MEASURE( 1.000000000000000082E-05 ), #1567, 'distance_accuracy_value', 'NONE');
#4736 = DIRECTION ( 'NONE',  ( 0.000000000000000000, -1.000000000000000000, -6.982962677686266711E-15 ) ) ;
#4737 = DIRECTION ( 'NONE',  ( -1.000000000000000000, 2.438088387897967896E-29, -3.491481338843133355E-15 ) ) ;
#4738 = ORIENTED_EDGE ( 'NONE', *, *, #4699, .F. ) ;
#4739 = STYLED_ITEM ( 'NONE', ( #2755 ), #9 ) ;
#4740 = CARTESIAN_POINT ( 'NONE',  ( -6.338645867635274378, 90.31544629203538932, 30.79238005727652805 ) ) ;
#4741 = CARTESIAN_POINT ( 'NONE',  ( -13.36115507805501146, 89.77559119250058473, 39.50995732056697562 ) ) ;
#4742 = CARTESIAN_POINT ( 'NONE',  ( -74.46302080720836614, 38.31608741023892861, 113.0099573205669827 ) ) ;
#4743 = CARTESIAN_POINT ( 'NONE',  ( -82.11302080720842866, 35.31608741023878650, 134.0099573205669401 ) ) ;
#4744 = EDGE_CURVE ( 'NONE', #2893, #3412, #4474, .T. ) ;
#4745 =( GEOMETRIC_REPRESENTATION_CONTEXT ( 3 ) GLOBAL_UNCERTAINTY_ASSIGNED_CONTEXT ( ( #410 ) ) GLOBAL_UNIT_ASSIGNED_CONTEXT ( ( #4820, #1709, #1997 ) ) REPRESENTATION_CONTEXT ( 'NONE', 'WORKASPACE' ) );
#4746 = PRESENTATION_STYLE_ASSIGNMENT (( #3977 ) ) ;
#4747 =( NAMED_UNIT ( * ) SI_UNIT ( $, .STERADIAN. ) SOLID_ANGLE_UNIT ( ) );
#4748 = ORIENTED_EDGE ( 'NONE', *, *, #1273, .T. ) ;
#4749 = CIRCLE ( 'NONE', #1717, 2.099999999999990763 ) ;
#4750 = PRESENTATION_STYLE_ASSIGNMENT (( #1980 ) ) ;
#4751 =( NAMED_UNIT ( * ) PLANE_ANGLE_UNIT ( ) SI_UNIT ( $, .RADIAN. ) );
#4752 = STYLED_ITEM ( 'NONE', ( #3079 ), #2367 ) ;
#4753 = DIRECTION ( 'NONE',  ( 1.000000000000000000, 0.000000000000000000, 0.000000000000000000 ) ) ;
#4754 = SURFACE_SIDE_STYLE ('',( #1630 ) ) ;
#4755 = ORIENTED_EDGE ( 'NONE', *, *, #2696, .F. ) ;
#4756 = MECHANICAL_DESIGN_GEOMETRIC_PRESENTATION_REPRESENTATION (  '', ( #2341 ), #509 ) ;
#4757 = COLOUR_RGB ( '',1.000000000000000000, 1.000000000000000000, 1.000000000000000000 ) ;
#4758 = SURFACE_STYLE_USAGE ( .BOTH. , #71 ) ;
#4759 = CARTESIAN_POINT ( 'NONE',  ( -5.861155078055012346, 89.77559119250058473, 39.50995732056697562 ) ) ;
#4760 = EDGE_CURVE ( 'NONE', #4144, #1408, #2105, .T. ) ;
#4761 = CARTESIAN_POINT ( 'NONE',  ( -13.61167705983283582, 35.31608741023899256, 104.6266218876286018 ) ) ;
#4762 = DIRECTION ( 'NONE',  ( 0.000000000000000000, -1.000000000000000000, -6.982962677686266711E-15 ) ) ;
#4763 = CARTESIAN_POINT ( 'NONE',  ( 9.066758822976439092, 103.6269826757951762, 19.45534726161581673 ) ) ;
#4764 = ORIENTED_EDGE ( 'NONE', *, *, #1001, .F. ) ;
#4765 = AXIS2_PLACEMENT_3D ( 'NONE', #776, #355, #375 ) ;
#4766 = CARTESIAN_POINT ( 'NONE',  ( -8.333789285275660319, 90.51285391132022085, 30.72464424645781023 ) ) ;
#4767 = FACE_OUTER_BOUND ( 'NONE', #2276, .T. ) ;
#4768 =( GEOMETRIC_REPRESENTATION_CONTEXT ( 3 ) GLOBAL_UNCERTAINTY_ASSIGNED_CONTEXT ( ( #1022 ) ) GLOBAL_UNIT_ASSIGNED_CONTEXT ( ( #1922, #1487, #1946 ) ) REPRESENTATION_CONTEXT ( 'NONE', 'WORKASPACE' ) );
#4769 = CARTESIAN_POINT ( 'NONE',  ( 3.638844921944920152, -33.20237785007903852, 18.56359725491332924 ) ) ;
#4770 = VECTOR ( 'NONE', #4245, 1000.000000000000000 ) ;
#4771 = DIRECTION ( 'NONE',  ( 0.000000000000000000, -1.000000000000000000, -6.982962677686266711E-15 ) ) ;
#4772 = DIRECTION ( 'NONE',  ( 1.000000000000000000, 0.000000000000000000, 0.000000000000000000 ) ) ;
#4773 =( NAMED_UNIT ( * ) SI_UNIT ( $, .STERADIAN. ) SOLID_ANGLE_UNIT ( ) );
#4774 =( NAMED_UNIT ( * ) PLANE_ANGLE_UNIT ( ) SI_UNIT ( $, .RADIAN. ) );
#4775 = PRESENTATION_LAYER_ASSIGNMENT (  '', '', ( #286 ) ) ;
#4776 = CARTESIAN_POINT ( 'NONE',  ( 34.38697919279155713, 35.31608741023876519, 137.5099573205673380 ) ) ;
#4777 = EDGE_CURVE ( 'NONE', #3160, #1498, #4878, .T. ) ;
#4778 = CARTESIAN_POINT ( 'NONE',  ( -21.19755003747105349, 107.4345717658407580, 19.76644528091976838 ) ) ;
#4779 = DIRECTION ( 'NONE',  ( 3.491481338843133355E-15, 6.982962677686266711E-15, -1.000000000000000000 ) ) ;
#4780 = ORIENTED_EDGE ( 'NONE', *, *, #665, .T. ) ;
#4781 = CARTESIAN_POINT ( 'NONE',  ( -19.37275866483795994, 98.72931918635239867, 50.75872809193715796 ) ) ;
#4782 = EDGE_LOOP ( 'NONE', ( #5097, #3178 ) ) ;
#4783 = FILL_AREA_STYLE_COLOUR ( '', #2294 ) ;
#4784 = ORIENTED_EDGE ( 'NONE', *, *, #3378, .T. ) ;
#4785 = UNCERTAINTY_MEASURE_WITH_UNIT (LENGTH_MEASURE( 1.000000000000000082E-05 ), #3311, 'distance_accuracy_value', 'NONE');
#4786 = FILL_AREA_STYLE_COLOUR ( '', #2653 ) ;
#4787 = CARTESIAN_POINT ( 'NONE',  ( 6.492761828247262557, 96.79894110037398036, 17.77416067605957650 ) ) ;
#4788 = VERTEX_POINT ( 'NONE', #1714 ) ;
#4789 = AXIS2_PLACEMENT_3D ( 'NONE', #4627, #2224, #287 ) ;
#4790 = CARTESIAN_POINT ( 'NONE',  ( 0.8716562203533252395, 91.90283120425085883, 30.26191518200988284 ) ) ;
#4791 = FACE_OUTER_BOUND ( 'NONE', #2734, .T. ) ;
#4792 = DIRECTION ( 'NONE',  ( -0.000000000000000000, -0.000000000000000000, -1.000000000000000000 ) ) ;
#4793 = SURFACE_SIDE_STYLE ('',( #4076 ) ) ;
#4794 = AXIS2_PLACEMENT_3D ( 'NONE', #2877, #1328, #2986 ) ;
#4795 = ADVANCED_FACE ( 'NONE', ( #3654 ), #2114, .F. ) ;
#4796 = CARTESIAN_POINT ( 'NONE',  ( -53.61167705983285714, 35.31608741023899256, 104.6266218876284455 ) ) ;
#4797 = DIRECTION ( 'NONE',  ( 0.000000000000000000, 0.000000000000000000, 1.000000000000000000 ) ) ;
#4798 = DIRECTION ( 'NONE',  ( 0.000000000000000000, 1.000000000000000000, 6.982962677686266711E-15 ) ) ;
#4799 = STYLED_ITEM ( 'NONE', ( #3254 ), #4937 ) ;
#4800 = LINE ( 'NONE', #1201, #1038 ) ;
#4801 = CARTESIAN_POINT ( 'NONE',  ( -22.41366481885579987, 108.2796398482425957, 58.24764131929815392 ) ) ;
#4802 = COLOUR_RGB ( '',0.9215686274509803377, 0.9215686274509803377, 0.9215686274509803377 ) ;
#4803 = VECTOR ( 'NONE', #3064, 1000.000000000000000 ) ;
#4804 = CARTESIAN_POINT ( 'NONE',  ( -21.12160755387372646, 107.3134662873108738, 19.70781617386763074 ) ) ;
#4805 = MECHANICAL_DESIGN_GEOMETRIC_PRESENTATION_REPRESENTATION (  '', ( #2119 ), #3610 ) ;
#4806 = STYLED_ITEM ( 'NONE', ( #4653 ), #2354 ) ;
#4807 = AXIS2_PLACEMENT_3D ( 'NONE', #18, #2388, #3600 ) ;
#4808 = CARTESIAN_POINT ( 'NONE',  ( 18.81677028045111655, 88.31608741023971731, 43.50995732056698273 ) ) ;
#4809 = EDGE_LOOP ( 'NONE', ( #1141, #1961, #3474, #3862 ) ) ;
#4810 = SURFACE_STYLE_USAGE ( .BOTH. , #4754 ) ;
#4811 = EDGE_LOOP ( 'NONE', ( #3984, #3907 ) ) ;
#4812 = VECTOR ( 'NONE', #2162, 1000.000000000000000 ) ;
#4813 =( NAMED_UNIT ( * ) SI_UNIT ( $, .STERADIAN. ) SOLID_ANGLE_UNIT ( ) );
#4814 = EDGE_CURVE ( 'NONE', #4570, #3766, #3698, .T. ) ;
#4815 = VECTOR ( 'NONE', #3789, 1000.000000000000000 ) ;
#4816 = PRESENTATION_STYLE_ASSIGNMENT (( #1218 ) ) ;
#4817 =( NAMED_UNIT ( * ) SI_UNIT ( $, .STERADIAN. ) SOLID_ANGLE_UNIT ( ) );
#4818 = PLANE ( 'NONE',  #3374 ) ;
#4819 = ORIENTED_EDGE ( 'NONE', *, *, #4651, .F. ) ;
#4820 =( LENGTH_UNIT ( ) NAMED_UNIT ( * ) SI_UNIT ( .MILLI., .METRE. ) );
#4821 = AXIS2_PLACEMENT_3D ( 'NONE', #4274, #1835, #4723 ) ;
#4822 = CARTESIAN_POINT ( 'NONE',  ( -18.88946037210664386, 97.86614377618781191, 28.49569995558913504 ) ) ;
#4823 = CARTESIAN_POINT ( 'NONE',  ( 13.11453579222220078, 45.31608741023864440, 153.7311177574588328 ) ) ;
#4824 = CARTESIAN_POINT ( 'NONE',  ( 9.186256242474319933, 106.7577714513990372, 52.59258101242436823 ) ) ;
#4825 = CARTESIAN_POINT ( 'NONE',  ( 9.932416421962640740, 107.9165436657806083, 58.88982174314546825 ) ) ;
#4826 = DIRECTION ( 'NONE',  ( -1.000000000000000000, 2.438088387897967896E-29, -3.491481338843133355E-15 ) ) ;
#4827 =( NAMED_UNIT ( * ) PLANE_ANGLE_UNIT ( ) SI_UNIT ( $, .RADIAN. ) );
#4828 = EDGE_CURVE ( 'NONE', #5146, #2746, #3285, .T. ) ;
#4829 = DIRECTION ( 'NONE',  ( 1.000000000000000000, 0.000000000000000000, 6.308085367188387283E-15 ) ) ;
#4830 = SURFACE_STYLE_USAGE ( .BOTH. , #3174 ) ;
#4831 = FACE_OUTER_BOUND ( 'NONE', #708, .T. ) ;
#4832 = ORIENTED_EDGE ( 'NONE', *, *, #2732, .T. ) ;
#4833 = STYLED_ITEM ( 'NONE', ( #4268 ), #1790 ) ;
#4834 = VERTEX_POINT ( 'NONE', #2570 ) ;
#4835 = ADVANCED_FACE ( 'NONE', ( #4160 ), #4302, .F. ) ;
#4836 = DIRECTION ( 'NONE',  ( 0.2778678402912957979, -6.308085367188378605E-15, 0.9606193123875090834 ) ) ;
#4837 = CARTESIAN_POINT ( 'NONE',  ( -19.92658711353409373, 100.0815044817045134, 51.11195567133948714 ) ) ;
#4838 = VERTEX_POINT ( 'NONE', #1959 ) ;
#4839 =( LENGTH_UNIT ( ) NAMED_UNIT ( * ) SI_UNIT ( .MILLI., .METRE. ) );
#4840 = PRESENTATION_LAYER_ASSIGNMENT (  '', '', ( #4237 ) ) ;
#4841 = CARTESIAN_POINT ( 'NONE',  ( 19.13884492194498677, 38.31608741023972442, 39.50995732056697562 ) ) ;
#4842 = UNCERTAINTY_MEASURE_WITH_UNIT (LENGTH_MEASURE( 1.000000000000000082E-05 ), #2470, 'distance_accuracy_value', 'NONE');
#4843 = FILL_AREA_STYLE_COLOUR ( '', #2952 ) ;
#4844 = CARTESIAN_POINT ( 'NONE',  ( 18.81677028045111655, 48.31608741023972442, 35.50995732056696852 ) ) ;
#4845 = EDGE_CURVE ( 'NONE', #1670, #780, #2370, .T. ) ;
#4846 = VERTEX_POINT ( 'NONE', #4354 ) ;
#4847 = DIRECTION ( 'NONE',  ( 0.9606193123875094164, 1.940340758083401049E-15, -0.2778678402912949652 ) ) ;
#4848 = SURFACE_SIDE_STYLE ('',( #1999 ) ) ;
#4849 = CARTESIAN_POINT ( 'NONE',  ( -38.26402080720821886, 38.31608741023920572, 73.75995732056709642 ) ) ;
#4850 = CARTESIAN_POINT ( 'NONE',  ( 34.38697919279154291, 38.31608741023872255, 142.5099573205673664 ) ) ;
#4851 = CARTESIAN_POINT ( 'NONE',  ( 39.38697919279157844, 35.31608741023880071, 132.5099573205673664 ) ) ;
#4852 = PRESENTATION_STYLE_ASSIGNMENT (( #2357 ) ) ;
#4853 = AXIS2_PLACEMENT_3D ( 'NONE', #3109, #2672, #3917 ) ;
#4854 = MECHANICAL_DESIGN_GEOMETRIC_PRESENTATION_REPRESENTATION (  '', ( #5145 ), #3665 ) ;
#4855 = DIRECTION ( 'NONE',  ( 0.9606193123875090834, 1.940340758083409727E-15, -0.2778678402912961865 ) ) ;
#4856 =( BOUNDED_CURVE ( )  B_SPLINE_CURVE ( 3, ( #705, #2210, #3801, #356 ),
 .UNSPECIFIED., .F., .F. ) 
 B_SPLINE_CURVE_WITH_KNOTS ( ( 4, 4 ),
 ( 1.570796326794896114, 3.141592653589793116 ),
 .UNSPECIFIED. ) 
 CURVE ( )  GEOMETRIC_REPRESENTATION_ITEM ( )  RATIONAL_B_SPLINE_CURVE ( ( 1.000000000000000000, 0.8047378541243649375, 0.8047378541243649375, 1.000000000000000000 ) ) 
 REPRESENTATION_ITEM ( '' )  );
#4857 = CARTESIAN_POINT ( 'NONE',  ( 1.638845097511093307, 58.82165519451795177, 18.56359735515154341 ) ) ;
#4858 = DIRECTION ( 'NONE',  ( -1.000000000000000000, 0.000000000000000000, 0.000000000000000000 ) ) ;
#4859 = ORIENTED_EDGE ( 'NONE', *, *, #2661, .T. ) ;
#4860 = SURFACE_SIDE_STYLE ('',( #984 ) ) ;
#4861 = VERTEX_POINT ( 'NONE', #2762 ) ;
#4862 = FILL_AREA_STYLE_COLOUR ( '', #4451 ) ;
#4863 = DIRECTION ( 'NONE',  ( 1.000000000000000000, 0.000000000000000000, 0.000000000000000000 ) ) ;
#4864 = EDGE_CURVE ( 'NONE', #1570, #449, #377, .T. ) ;
#4865 = ORIENTED_EDGE ( 'NONE', *, *, #416, .F. ) ;
#4866 = CARTESIAN_POINT ( 'NONE',  ( -12.33405390315328809, 62.11246448838500100, 18.02037985377729967 ) ) ;
#4867 = DIRECTION ( 'NONE',  ( 0.000000000000000000, -1.000000000000000000, -6.982962677686266711E-15 ) ) ;
#4868 = CARTESIAN_POINT ( 'NONE',  ( 13.11453579222220078, 45.31608741023864440, 153.7311177574588328 ) ) ;
#4869 =( LENGTH_UNIT ( ) NAMED_UNIT ( * ) SI_UNIT ( .MILLI., .METRE. ) );
#4870 = ORIENTED_EDGE ( 'NONE', *, *, #1576, .T. ) ;
#4871 = DIRECTION ( 'NONE',  ( -1.000000000000000000, 2.438088387897967896E-29, -3.491481338843133355E-15 ) ) ;
#4872 = EDGE_CURVE ( 'NONE', #2861, #3355, #3784, .T. ) ;
#4873 = DIRECTION ( 'NONE',  ( 1.000000000000000000, 0.000000000000000000, 6.308085367188387283E-15 ) ) ;
#4874 = CARTESIAN_POINT ( 'NONE',  ( -5.861155078055012346, 38.31608741023972442, 39.50995732056697562 ) ) ;
#4875 = FILL_AREA_STYLE ('',( #847 ) ) ;
#4876 = CARTESIAN_POINT ( 'NONE',  ( -33.61167705983291398, 35.31608741023884335, 124.6266218876285166 ) ) ;
#4877 = DIRECTION ( 'NONE',  ( 0.000000000000000000, 1.000000000000000000, 6.982962677686266711E-15 ) ) ;
#4878 = LINE ( 'NONE', #3298, #2533 ) ;
#4879 = EDGE_CURVE ( 'NONE', #4258, #406, #1596, .T. ) ;
#4880 = SURFACE_STYLE_FILL_AREA ( #1253 ) ;
#4881 = CARTESIAN_POINT ( 'NONE',  ( -20.99617883440161137, 107.0526861516490413, 59.40812860476525969 ) ) ;
#4882 = CARTESIAN_POINT ( 'NONE',  ( 0.9018278246200012171, 61.59552016270418306, 17.60403505451262518 ) ) ;
#4883 =( GEOMETRIC_REPRESENTATION_CONTEXT ( 3 ) GLOBAL_UNCERTAINTY_ASSIGNED_CONTEXT ( ( #2685 ) ) GLOBAL_UNIT_ASSIGNED_CONTEXT ( ( #3266, #3762, #2959 ) ) REPRESENTATION_CONTEXT ( 'NONE', 'WORKASPACE' ) );
#4884 = ORIENTED_EDGE ( 'NONE', *, *, #4845, .F. ) ;
#4885 = VERTEX_POINT ( 'NONE', #3957 ) ;
#4886 = ORIENTED_EDGE ( 'NONE', *, *, #2444, .F. ) ;
#4887 = PRESENTATION_STYLE_ASSIGNMENT (( #4112 ) ) ;
#4888 = VERTEX_POINT ( 'NONE', #2738 ) ;
#4889 = CARTESIAN_POINT ( 'NONE',  ( 5.245979192791780044, 38.31608741023924125, 68.50995732056725274 ) ) ;
#4890 = CARTESIAN_POINT ( 'NONE',  ( -20.86115507805498126, 106.4051965850781443, 26.41963179211816026 ) ) ;
#4891 = VERTEX_POINT ( 'NONE', #1140 ) ;
#4892 = PRESENTATION_STYLE_ASSIGNMENT (( #2922 ) ) ;
#4893 =( LENGTH_UNIT ( ) NAMED_UNIT ( * ) SI_UNIT ( .MILLI., .METRE. ) );
#4894 = COLOUR_RGB ( '',0.9215686274509803377, 0.9215686274509803377, 0.9215686274509803377 ) ;
#4895 = VECTOR ( 'NONE', #2578, 1000.000000000000000 ) ;
#4896 = UNCERTAINTY_MEASURE_WITH_UNIT (LENGTH_MEASURE( 1.000000000000000082E-05 ), #4974, 'distance_accuracy_value', 'NONE');
#4897 = EDGE_CURVE ( 'NONE', #2765, #1030, #3040, .T. ) ;
#4898 = AXIS2_PLACEMENT_3D ( 'NONE', #1132, #5117, #1562 ) ;
#4899 = DIRECTION ( 'NONE',  ( 0.000000000000000000, -1.000000000000000000, -0.000000000000000000 ) ) ;
#4900 = CARTESIAN_POINT ( 'NONE',  ( -20.78932229637606355, 103.6309659250737099, 19.45554643617918700 ) ) ;
#4901 = AXIS2_PLACEMENT_3D ( 'NONE', #4032, #4779, #777 ) ;
#4902 = ORIENTED_EDGE ( 'NONE', *, *, #2499, .F. ) ;
#4903 = VECTOR ( 'NONE', #2909, 1000.000000000000000 ) ;
#4904 = SURFACE_SIDE_STYLE ('',( #2164 ) ) ;
#4905 = AXIS2_PLACEMENT_3D ( 'NONE', #3626, #899, #4826 ) ;
#4906 =( NAMED_UNIT ( * ) SI_UNIT ( $, .STERADIAN. ) SOLID_ANGLE_UNIT ( ) );
#4907 = VECTOR ( 'NONE', #4337, 1000.000000000000000 ) ;
#4908 = LINE ( 'NONE', #2848, #991 ) ;
#4909 = FILL_AREA_STYLE ('',( #4102 ) ) ;
#4910 = VERTEX_POINT ( 'NONE', #1521 ) ;
#4911 = CARTESIAN_POINT ( 'NONE',  ( -32.11167705983292819, 35.31608741023884335, 124.6266218876285166 ) ) ;
#4912 = PRESENTATION_LAYER_ASSIGNMENT (  '', '', ( #3134 ) ) ;
#4913 =( LENGTH_UNIT ( ) NAMED_UNIT ( * ) SI_UNIT ( .MILLI., .METRE. ) );
#4914 = VECTOR ( 'NONE', #315, 1000.000000000000000 ) ;
#4915 =( NAMED_UNIT ( * ) PLANE_ANGLE_UNIT ( ) SI_UNIT ( $, .RADIAN. ) );
#4916 = DIRECTION ( 'NONE',  ( -1.000000000000000000, 0.000000000000000000, -3.608224830031757968E-15 ) ) ;
#4917 =( LENGTH_UNIT ( ) NAMED_UNIT ( * ) SI_UNIT ( .MILLI., .METRE. ) );
#4918 = ADVANCED_FACE ( 'NONE', ( #358 ), #1182, .F. ) ;
#4919 = CARTESIAN_POINT ( 'NONE',  ( 1.638845085283238800, 58.80419668452344695, 17.99414317087914839 ) ) ;
#4920 = VERTEX_POINT ( 'NONE', #4065 ) ;
#4921 = ORIENTED_EDGE ( 'NONE', *, *, #3329, .T. ) ;
#4922 = DIRECTION ( 'NONE',  ( 0.9606193123875061968, 1.940340758083479541E-15, -0.2778678402913062340 ) ) ;
#4923 = ORIENTED_EDGE ( 'NONE', *, *, #2696, .T. ) ;
#4924 = CARTESIAN_POINT ( 'NONE',  ( 2.145266653931259260, 92.62207768278902620, 48.98853256794857458 ) ) ;
#4925 = ORIENTED_EDGE ( 'NONE', *, *, #3655, .F. ) ;
#4926 = CARTESIAN_POINT ( 'NONE',  ( 39.38697919279157844, 35.31608741023880071, 132.5099573205673664 ) ) ;
#4927 = CARTESIAN_POINT ( 'NONE',  ( 24.17078192250341928, 38.31608741023888598, 120.0329000428977366 ) ) ;
#4928 = VERTEX_POINT ( 'NONE', #4889 ) ;
#4929 = EDGE_CURVE ( 'NONE', #1073, #367, #3604, .T. ) ;
#4930 = PLANE ( 'NONE',  #3132 ) ;
#4931 =( NAMED_UNIT ( * ) PLANE_ANGLE_UNIT ( ) SI_UNIT ( $, .RADIAN. ) );
#4932 = PRESENTATION_LAYER_ASSIGNMENT (  '', '', ( #1483 ) ) ;
#4933 = CARTESIAN_POINT ( 'NONE',  ( -21.87724624715512789, 108.0749091250330878, 51.49130101057585307 ) ) ;
#4934 = DIRECTION ( 'NONE',  ( 0.000000000000000000, 0.000000000000000000, 1.000000000000000000 ) ) ;
#4935 = SURFACE_SIDE_STYLE ('',( #2954 ) ) ;
#4936 = ORIENTED_EDGE ( 'NONE', *, *, #128, .F. ) ;
#4937 = ADVANCED_FACE ( 'NONE', ( #501 ), #2859, .F. ) ;
#4938 = SURFACE_STYLE_USAGE ( .BOTH. , #2830 ) ;
#4939 = CIRCLE ( 'NONE', #2748, 1.499999999999987566 ) ;
#4940 = DIRECTION ( 'NONE',  ( -0.9606193123875089723, -1.940340758083408938E-15, 0.2778678402912961309 ) ) ;
#4941 = VECTOR ( 'NONE', #3644, 1000.000000000000000 ) ;
#4942 = PRESENTATION_STYLE_ASSIGNMENT (( #109 ) ) ;
#4943 = CARTESIAN_POINT ( 'NONE',  ( -33.61167705983276477, 38.31608741023913467, 84.62662188762853077 ) ) ;
#4944 = CARTESIAN_POINT ( 'NONE',  ( 0.5413034414373598668, 62.71513400862264120, 16.86559405560897318 ) ) ;
#4945 = VERTEX_POINT ( 'NONE', #1724 ) ;
#4946 = ORIENTED_EDGE ( 'NONE', *, *, #4341, .T. ) ;
#4947 = VECTOR ( 'NONE', #200, 1000.000000000000000 ) ;
#4948 = EDGE_CURVE ( 'NONE', #3412, #3869, #3520, .T. ) ;
#4949 =( NAMED_UNIT ( * ) PLANE_ANGLE_UNIT ( ) SI_UNIT ( $, .RADIAN. ) );
#4950 = ORIENTED_EDGE ( 'NONE', *, *, #4964, .F. ) ;
#4951 = PRESENTATION_LAYER_ASSIGNMENT (  '', '', ( #196 ) ) ;
#4952 = CARTESIAN_POINT ( 'NONE',  ( -1.919118611821691411, 90.80888518913995711, 48.39597408219444930 ) ) ;
#4953 = ORIENTED_EDGE ( 'NONE', *, *, #4706, .T. ) ;
#4954 = CARTESIAN_POINT ( 'NONE',  ( -11.20884951443900057, 63.57572396753721478, 17.00162508454170407 ) ) ;
#4955 = SURFACE_STYLE_USAGE ( .BOTH. , #123 ) ;
#4956 = CARTESIAN_POINT ( 'NONE',  ( -22.86115507805497415, 108.3160874102397315, 52.73871387588995674 ) ) ;
#4957 = ORIENTED_EDGE ( 'NONE', *, *, #470, .F. ) ;
#4958 = CARTESIAN_POINT ( 'NONE',  ( -20.86115507805497060, 104.4636768287607111, 59.50995732056698273 ) ) ;
#4959 = DIRECTION ( 'NONE',  ( 0.000000000000000000, 1.000000000000000000, 6.982962677686266711E-15 ) ) ;
#4960 = VERTEX_POINT ( 'NONE', #450 ) ;
#4961 =( LENGTH_UNIT ( ) NAMED_UNIT ( * ) SI_UNIT ( .MILLI., .METRE. ) );
#4962 = SURFACE_SIDE_STYLE ('',( #4555 ) ) ;
#4963 = DIRECTION ( 'NONE',  ( -0.000000000000000000, -1.000000000000000000, -0.000000000000000000 ) ) ;
#4964 = EDGE_CURVE ( 'NONE', #3272, #1570, #3330, .T. ) ;
#4965 = DIRECTION ( 'NONE',  ( 0.000000000000000000, 1.000000000000000000, 6.505213034913026604E-16 ) ) ;
#4966 = DIRECTION ( 'NONE',  ( 1.000000000000000000, 0.000000000000000000, 0.000000000000000000 ) ) ;
#4967 = ORIENTED_EDGE ( 'NONE', *, *, #5009, .T. ) ;
#4968 = FILL_AREA_STYLE_COLOUR ( '', #4992 ) ;
#4969 = ORIENTED_EDGE ( 'NONE', *, *, #2965, .F. ) ;
#4970 = LINE ( 'NONE', #2995, #4895 ) ;
#4971 = CARTESIAN_POINT ( 'NONE',  ( 8.385651963921704422, 100.5230784127143693, 51.22734316765869522 ) ) ;
#4972 = COLOUR_RGB ( '',1.000000000000000000, 1.000000000000000000, 1.000000000000000000 ) ;
#4973 = EDGE_LOOP ( 'NONE', ( #758, #4870, #883, #1050 ) ) ;
#4974 =( LENGTH_UNIT ( ) NAMED_UNIT ( * ) SI_UNIT ( .MILLI., .METRE. ) );
#4975 = AXIS2_PLACEMENT_3D ( 'NONE', #119, #169, #4035 ) ;
#4977 = DIRECTION ( 'NONE',  ( 0.000000000000000000, 0.000000000000000000, 1.000000000000000000 ) ) ;
#4976 = CIRCLE ( 'NONE', #1776, 2.099999999999990763 ) ;
#4978 = ORIENTED_EDGE ( 'NONE', *, *, #3093, .F. ) ;
#4979 = STYLED_ITEM ( 'NONE', ( #999 ), #1942 ) ;
#4980 = EDGE_CURVE ( 'NONE', #2391, #3101, #310, .T. ) ;
#4981 = LINE ( 'NONE', #1100, #383 ) ;
#4982 = DIRECTION ( 'NONE',  ( 0.9606193123875089723, 1.940340758083409727E-15, -0.2778678402912962420 ) ) ;
#4983 = STYLED_ITEM ( 'NONE', ( #684 ), #4029 ) ;
#4984 = SURFACE_STYLE_FILL_AREA ( #4909 ) ;
#4985 = ORIENTED_EDGE ( 'NONE', *, *, #3522, .T. ) ;
#4986 = CARTESIAN_POINT ( 'NONE',  ( 3.145979192791789725, 38.31608741023924125, 68.50995732056725274 ) ) ;
#4987 = VECTOR ( 'NONE', #4056, 1000.000000000000000 ) ;
#4988 = FILL_AREA_STYLE_COLOUR ( '', #4198 ) ;
#4989 = COLOUR_RGB ( '',0.9215686274509803377, 0.9215686274509803377, 0.9215686274509803377 ) ;
#4990 = SURFACE_STYLE_USAGE ( .BOTH. , #4638 ) ;
#4991 = PRESENTATION_STYLE_ASSIGNMENT (( #3037 ) ) ;
#4992 = COLOUR_RGB ( '',0.9215686274509803377, 0.9215686274509803377, 0.9215686274509803377 ) ;
#4993 = CARTESIAN_POINT ( 'NONE',  ( 20.30111724930317507, 45.31608741023917730, 77.86438350907977224 ) ) ;
#4994 = ADVANCED_FACE ( 'NONE', ( #1653, #2493 ), #4091, .T. ) ;
#4995 = ORIENTED_EDGE ( 'NONE', *, *, #2899, .T. ) ;
#4996 = DIRECTION ( 'NONE',  ( 0.9606193123875089723, 1.940340758083416038E-15, -0.2778678402912971301 ) ) ;
#4997 = SURFACE_STYLE_FILL_AREA ( #606 ) ;
#4998 = ORIENTED_EDGE ( 'NONE', *, *, #4146, .T. ) ;
#4999 = SURFACE_STYLE_USAGE ( .BOTH. , #3353 ) ;
#5000 = CYLINDRICAL_SURFACE ( 'NONE', #3246, 24.99999999999999289 ) ;
#5001 =( NAMED_UNIT ( * ) PLANE_ANGLE_UNIT ( ) SI_UNIT ( $, .RADIAN. ) );
#5002 = CLOSED_SHELL ( 'NONE', ( #1633, #4153, #1391, #4937, #3199, #4224, #3868, #2427, #589, #862, #3790, #251, #1837, #3997, #707, #1917, #3934, #944, #4427, #1657, #1217, #1247, #2354, #4159, #1718, #313, #1415, #1992, #2134, #3494, #1911, #263, #814, #64, #3065, #4119, #2647, #3711, #575, #5094, #2042, #3295, #556, #2188, #3172, #3729, #3903, #908, #1853, #3691, #2107, #4835, #2809, #2789, #827, #1180, #178, #9, #835, #4512, #3805, #1528 ) ) ;
#5003 = FILL_AREA_STYLE_COLOUR ( '', #2040 ) ;
#5004 = DIRECTION ( 'NONE',  ( 1.000000000000000000, 0.000000000000000000, 0.000000000000000000 ) ) ;
#5005 = VERTEX_POINT ( 'NONE', #1809 ) ;
#5006 = STYLED_ITEM ( 'NONE', ( #2569 ), #178 ) ;
#5007 = UNCERTAINTY_MEASURE_WITH_UNIT (LENGTH_MEASURE( 1.000000000000000082E-05 ), #4138, 'distance_accuracy_value', 'NONE');
#5008 = DIRECTION ( 'NONE',  ( 0.000000000000000000, -1.000000000000000000, -6.982962677686266711E-15 ) ) ;
#5009 = EDGE_CURVE ( 'NONE', #3116, #4570, #3022, .T. ) ;
#5010 = ORIENTED_EDGE ( 'NONE', *, *, #229, .F. ) ;
#5011 =( NAMED_UNIT ( * ) PLANE_ANGLE_UNIT ( ) SI_UNIT ( $, .RADIAN. ) );
#5012 = CARTESIAN_POINT ( 'NONE',  ( -13.36115507805501323, 58.31609261921808240, 18.56359725491356372 ) ) ;
#5013 = CARTESIAN_POINT ( 'NONE',  ( 19.13884492194477360, 35.31608741023928388, 62.50995732056728826 ) ) ;
#5014 = CARTESIAN_POINT ( 'NONE',  ( 1.938891131764248765, 38.31608741023972442, 17.50995732056685483 ) ) ;
#5015 = DIRECTION ( 'NONE',  ( 0.000000000000000000, -5.551115123125784674E-16, 1.000000000000000000 ) ) ;
#5016 = VECTOR ( 'NONE', #3793, 1000.000000000000000 ) ;
#5017 = CIRCLE ( 'NONE', #3825, 25.00000000000000711 ) ;
#5018 = CARTESIAN_POINT ( 'NONE',  ( 22.80192781192484475, 45.31608741023912046, 86.50995732056738063 ) ) ;
#5019 = ORIENTED_EDGE ( 'NONE', *, *, #4534, .F. ) ;
#5020 =( LENGTH_UNIT ( ) NAMED_UNIT ( * ) SI_UNIT ( .MILLI., .METRE. ) );
#5021 = ORIENTED_EDGE ( 'NONE', *, *, #1804, .F. ) ;
#5022 = CARTESIAN_POINT ( 'NONE',  ( -20.86115507805497415, 88.31608741023971731, 59.50995732056699694 ) ) ;
#5023 = CARTESIAN_POINT ( 'NONE',  ( 20.94021328197317544, 41.81608741023916309, 80.07380792757103904 ) ) ;
#5024 = CARTESIAN_POINT ( 'NONE',  ( 20.30111724930317507, 38.31608741023917730, 77.86438350907971540 ) ) ;
#5025 = AXIS2_PLACEMENT_3D ( 'NONE', #1014, #1889, #4299 ) ;
#5026 = EDGE_CURVE ( 'NONE', #4661, #1582, #4614, .T. ) ;
#5027 = CARTESIAN_POINT ( 'NONE',  ( -13.36115507805501146, 58.31609001472889986, 39.50995732056697562 ) ) ;
#5028 = ORIENTED_EDGE ( 'NONE', *, *, #3029, .F. ) ;
#5029 = DIRECTION ( 'NONE',  ( -0.000000000000000000, 1.000000000000000000, -0.000000000000000000 ) ) ;
#5030 = DIRECTION ( 'NONE',  ( 0.000000000000000000, 1.000000000000000000, 6.982962677686267499E-15 ) ) ;
#5031 = DIRECTION ( 'NONE',  ( 0.000000000000000000, 0.000000000000000000, 1.000000000000000000 ) ) ;
#5032 = MECHANICAL_DESIGN_GEOMETRIC_PRESENTATION_REPRESENTATION (  '', ( #2763 ), #1169 ) ;
#5033 = PRESENTATION_STYLE_ASSIGNMENT (( #3060 ) ) ;
#5034 = CARTESIAN_POINT ( 'NONE',  ( -22.08364365642686877, 108.1703903898432344, 51.21182764489028472 ) ) ;
#5035 = SURFACE_SIDE_STYLE ('',( #2249 ) ) ;
#5036 = ORIENTED_EDGE ( 'NONE', *, *, #2630, .F. ) ;
#5037 = CARTESIAN_POINT ( 'NONE',  ( -38.26402080720819043, 45.31608741023926257, 65.75995732056716747 ) ) ;
#5038 = CYLINDRICAL_SURFACE ( 'NONE', #2103, 2.099999999999990763 ) ;
#5039 = LINE ( 'NONE', #2147, #1375 ) ;
#5040 = EDGE_CURVE ( 'NONE', #4960, #4454, #1753, .T. ) ;
#5041 = VERTEX_POINT ( 'NONE', #2654 ) ;
#5042 = ORIENTED_EDGE ( 'NONE', *, *, #4202, .F. ) ;
#5043 = CARTESIAN_POINT ( 'NONE',  ( 21.55152253061402945, 41.81608741023914888, 82.18717041482356933 ) ) ;
#5044 = CARTESIAN_POINT ( 'NONE',  ( -13.66111905580243224, 58.31609255745935627, 17.51009000622299538 ) ) ;
#5045 =( GEOMETRIC_REPRESENTATION_CONTEXT ( 3 ) GLOBAL_UNCERTAINTY_ASSIGNED_CONTEXT ( ( #1469 ) ) GLOBAL_UNIT_ASSIGNED_CONTEXT ( ( #1245, #2054, #895 ) ) REPRESENTATION_CONTEXT ( 'NONE', 'WORKASPACE' ) );
#5046 = FACE_OUTER_BOUND ( 'NONE', #985, .T. ) ;
#5047 = AXIS2_PLACEMENT_3D ( 'NONE', #2483, #4081, #4526 ) ;
#5048 = DIRECTION ( 'NONE',  ( 0.9606193123875090834, 1.940340758083408938E-15, -0.2778678402912961309 ) ) ;
#5049 = ORIENTED_EDGE ( 'NONE', *, *, #3605, .T. ) ;
#5050 = CARTESIAN_POINT ( 'NONE',  ( 20.51197919279169923, 35.31608741023904230, 97.00995732056730958 ) ) ;
#5051 = SURFACE_STYLE_FILL_AREA ( #4253 ) ;
#5052 = LINE ( 'NONE', #783, #2459 ) ;
#5053 = PRESENTATION_LAYER_ASSIGNMENT (  '', '', ( #1932 ) ) ;
#5054 = EDGE_CURVE ( 'NONE', #3272, #250, #1363, .T. ) ;
#5055 = UNCERTAINTY_MEASURE_WITH_UNIT (LENGTH_MEASURE( 1.000000000000000082E-05 ), #975, 'distance_accuracy_value', 'NONE');
#5056 = FACE_OUTER_BOUND ( 'NONE', #983, .T. ) ;
#5057 = SURFACE_STYLE_USAGE ( .BOTH. , #2694 ) ;
#5058 = ORIENTED_EDGE ( 'NONE', *, *, #3672, .T. ) ;
#5059 = LINE ( 'NONE', #4707, #1692 ) ;
#5060 = AXIS2_PLACEMENT_3D ( 'NONE', #4375, #802, #3985 ) ;
#5061 = ORIENTED_EDGE ( 'NONE', *, *, #1103, .T. ) ;
#5062 = FACE_OUTER_BOUND ( 'NONE', #3577, .T. ) ;
#5063 = PRESENTATION_LAYER_ASSIGNMENT (  '', '', ( #2119 ) ) ;
#5064 = CARTESIAN_POINT ( 'NONE',  ( 9.398552825810172706, 107.3121283307686156, 19.70724338410906284 ) ) ;
#5065 = CIRCLE ( 'NONE', #4297, 24.99999999999999289 ) ;
#5066 = DIRECTION ( 'NONE',  ( -1.000000000000000000, 0.000000000000000000, -6.608470384673580212E-15 ) ) ;
#5067 = LINE ( 'NONE', #4139, #4344 ) ;
#5068 = FILL_AREA_STYLE ('',( #3918 ) ) ;
#5069 = MECHANICAL_DESIGN_GEOMETRIC_PRESENTATION_REPRESENTATION (  '', ( #3460 ), #970 ) ;
#5070 = PRESENTATION_LAYER_ASSIGNMENT (  '', '', ( #1129 ) ) ;
#5071 = CARTESIAN_POINT ( 'NONE',  ( -82.46302080720835193, 38.31608741023892861, 113.0099573205669543 ) ) ;
#5072 = VECTOR ( 'NONE', #4183, 1000.000000000000000 ) ;
#5073 = ORIENTED_EDGE ( 'NONE', *, *, #1145, .T. ) ;
#5074 = COLOUR_RGB ( '',1.000000000000000000, 1.000000000000000000, 1.000000000000000000 ) ;
#5075 = CARTESIAN_POINT ( 'NONE',  ( 15.11697331282477919, 45.31608741023909914, 88.73290004289775368 ) ) ;
#5076 = DIRECTION ( 'NONE',  ( 0.000000000000000000, 1.000000000000000000, 6.982962677686266711E-15 ) ) ;
#5077 = ORIENTED_EDGE ( 'NONE', *, *, #2302, .F. ) ;
#5078 = EDGE_CURVE ( 'NONE', #3200, #3849, #4122, .T. ) ;
#5079 = DIRECTION ( 'NONE',  ( -3.491481338843133355E-15, -6.982962677686266711E-15, 1.000000000000000000 ) ) ;
#5080 = VECTOR ( 'NONE', #611, 1000.000000000000000 ) ;
#5081 = DIRECTION ( 'NONE',  ( 0.9606193123875089723, 1.940340758083409727E-15, -0.2778678402912962420 ) ) ;
#5082 = VERTEX_POINT ( 'NONE', #4567 ) ;
#5083 = VECTOR ( 'NONE', #3488, 1000.000000000000000 ) ;
#5084 = CARTESIAN_POINT ( 'NONE',  ( 22.92037664119260043, 41.81608741023891440, 115.7101131371540390 ) ) ;
#5085 = SURFACE_STYLE_FILL_AREA ( #2838 ) ;
#5086 = ORIENTED_EDGE ( 'NONE', *, *, #2211, .F. ) ;
#5087 = LINE ( 'NONE', #2697, #1612 ) ;
#5088 = EDGE_CURVE ( 'NONE', #3096, #2977, #1037, .T. ) ;
#5089 = ORIENTED_EDGE ( 'NONE', *, *, #3156, .F. ) ;
#5090 = CARTESIAN_POINT ( 'NONE',  ( -0.3947420643256295270, 63.45674008844056857, 17.57579505460312319 ) ) ;
#5091 = COLOUR_RGB ( '',0.9215686274509803377, 0.9215686274509803377, 0.9215686274509803377 ) ;
#5092 = DIRECTION ( 'NONE',  ( -0.000000000000000000, 1.000000000000000000, -0.000000000000000000 ) ) ;
#5093 =( LENGTH_UNIT ( ) NAMED_UNIT ( * ) SI_UNIT ( .MILLI., .METRE. ) );
#5094 = ADVANCED_FACE ( 'NONE', ( #2178 ), #3429, .F. ) ;
#5095 = CIRCLE ( 'NONE', #175, 7.500000000000452083 ) ;
#5096 = SURFACE_STYLE_FILL_AREA ( #3449 ) ;
#5097 = ORIENTED_EDGE ( 'NONE', *, *, #2007, .F. ) ;
#5098 =( LENGTH_UNIT ( ) NAMED_UNIT ( * ) SI_UNIT ( .MILLI., .METRE. ) );
#5099 = ORIENTED_EDGE ( 'NONE', *, *, #521, .F. ) ;
#5100 = CIRCLE ( 'NONE', #1729, 19.99999999999999645 ) ;
#5101 = CYLINDRICAL_SURFACE ( 'NONE', #4504, 2.199999999999981526 ) ;
#5102 = FACE_BOUND ( 'NONE', #1448, .T. ) ;
#5103 = EDGE_CURVE ( 'NONE', #3956, #2154, #277, .T. ) ;
#5104 = UNCERTAINTY_MEASURE_WITH_UNIT (LENGTH_MEASURE( 1.000000000000000082E-05 ), #141, 'distance_accuracy_value', 'NONE');
#5105 = EDGE_LOOP ( 'NONE', ( #2921, #4483, #4360, #836 ) ) ;
#5106 = CARTESIAN_POINT ( 'NONE',  ( 9.138844921944951238, 88.31608741023971731, 59.50995732056699694 ) ) ;
#5107 = FACE_OUTER_BOUND ( 'NONE', #1913, .T. ) ;
#5108 = EDGE_CURVE ( 'NONE', #2725, #4197, #2292, .T. ) ;
#5109 =( GEOMETRIC_REPRESENTATION_CONTEXT ( 3 ) GLOBAL_UNCERTAINTY_ASSIGNED_CONTEXT ( ( #662 ) ) GLOBAL_UNIT_ASSIGNED_CONTEXT ( ( #279, #5001, #2603 ) ) REPRESENTATION_CONTEXT ( 'NONE', 'WORKASPACE' ) );
#5110 =( NAMED_UNIT ( * ) PLANE_ANGLE_UNIT ( ) SI_UNIT ( $, .RADIAN. ) );
#5111 = FACE_OUTER_BOUND ( 'NONE', #3133, .T. ) ;
#5112 = CARTESIAN_POINT ( 'NONE',  ( 22.61197919279169000, 38.31608741023904230, 97.00995732056732379 ) ) ;
#5113 = ORIENTED_EDGE ( 'NONE', *, *, #327, .F. ) ;
#5114 = LINE ( 'NONE', #4606, #1266 ) ;
#5115 = DIRECTION ( 'NONE',  ( -1.000000000000000000, 2.438088387897967896E-29, -3.491481338843133355E-15 ) ) ;
#5116 = CARTESIAN_POINT ( 'NONE',  ( -13.36115507805501146, 38.31608741023972442, 14.50995732056697207 ) ) ;
#5117 = DIRECTION ( 'NONE',  ( -0.000000000000000000, 1.000000000000000000, 6.982962677686266711E-15 ) ) ;
#5118 = EDGE_CURVE ( 'NONE', #3633, #4064, #2625, .T. ) ;
#5119 = FACE_OUTER_BOUND ( 'NONE', #2203, .T. ) ;
#5120 = ORIENTED_EDGE ( 'NONE', *, *, #2701, .F. ) ;
#5121 = CARTESIAN_POINT ( 'NONE',  ( -21.36473122311451078, 107.6499931907000729, 19.89745098595390260 ) ) ;
#5122 = DIRECTION ( 'NONE',  ( 0.000000000000000000, -1.000000000000000000, -6.982962677686266711E-15 ) ) ;
#5123 = LINE ( 'NONE', #735, #2911 ) ;
#5124 = EDGE_LOOP ( 'NONE', ( #731, #4012, #801, #936 ) ) ;
#5125 = DIRECTION ( 'NONE',  ( -0.000000000000000000, -0.000000000000000000, -1.000000000000000000 ) ) ;
#5126 = AXIS2_PLACEMENT_3D ( 'NONE', #616, #1049, #208 ) ;
#5127 = AXIS2_PLACEMENT_3D ( 'NONE', #2727, #3510, #3136 ) ;
#5128 = PLANE ( 'NONE',  #3114 ) ;
#5129 = FILL_AREA_STYLE_COLOUR ( '', #4223 ) ;
#5130 = FILL_AREA_STYLE_COLOUR ( '', #719 ) ;
#5131 = EDGE_CURVE ( 'NONE', #2389, #138, #4970, .T. ) ;
#5132 = EDGE_LOOP ( 'NONE', ( #1387, #2052, #3010, #2435, #3536, #4646, #289, #5086, #4340, #5042 ) ) ;
#5133 = AXIS2_PLACEMENT_3D ( 'NONE', #2429, #4026, #468 ) ;
#5134 = CARTESIAN_POINT ( 'NONE',  ( -5.344199321153394244, 90.31675448651597549, 30.79192987691194361 ) ) ;
#5135 = DIRECTION ( 'NONE',  ( -0.000000000000000000, -1.000000000000000000, -0.000000000000000000 ) ) ;
#5136 = PRESENTATION_LAYER_ASSIGNMENT (  '', '', ( #4799 ) ) ;
#5137 = CARTESIAN_POINT ( 'NONE',  ( 29.99402189165177646, 41.81608741023894282, 111.3738079275710930 ) ) ;
#5138 = CARTESIAN_POINT ( 'NONE',  ( 21.66997135988173895, 38.31608741023894282, 111.3873262314101282 ) ) ;
#5139 = CARTESIAN_POINT ( 'NONE',  ( 19.13884492194485532, 38.31608741023944731, 39.50995732056730958 ) ) ;
#5140 =( GEOMETRIC_REPRESENTATION_CONTEXT ( 3 ) GLOBAL_UNCERTAINTY_ASSIGNED_CONTEXT ( ( #2372 ) ) GLOBAL_UNIT_ASSIGNED_CONTEXT ( ( #4917, #4005, #2854 ) ) REPRESENTATION_CONTEXT ( 'NONE', 'WORKASPACE' ) );
#5141 = MECHANICAL_DESIGN_GEOMETRIC_PRESENTATION_REPRESENTATION (  '', ( #1862 ), #475 ) ;
#5142 = VECTOR ( 'NONE', #2555, 1000.000000000000000 ) ;
#5143 = CARTESIAN_POINT ( 'NONE',  ( -85.61302080720844287, 35.31608741023876519, 137.5099573205668833 ) ) ;
#5144 =( LENGTH_UNIT ( ) NAMED_UNIT ( * ) SI_UNIT ( .MILLI., .METRE. ) );
#5145 = STYLED_ITEM ( 'NONE', ( #1574 ), #3199 ) ;
#5146 = VERTEX_POINT ( 'NONE', #1467 ) ;
#5147 = COLOUR_RGB ( '',0.9215686274509803377, 0.9215686274509803377, 0.9215686274509803377 ) ;
#5148 = EDGE_CURVE ( 'NONE', #3849, #3200, #2870, .T. ) ;
#5149 = STYLED_ITEM ( 'NONE', ( #4349 ), #64 ) ;
#5150 = PRESENTATION_STYLE_ASSIGNMENT (( #4830 ) ) ;
#5151 = CARTESIAN_POINT ( 'NONE',  ( 29.35492585898175477, 38.31608741023895703, 109.1643835090797552 ) ) ;
#5152 = CIRCLE ( 'NONE', #4217, 2.099999999999990763 ) ;
#5153 = CARTESIAN_POINT ( 'NONE',  ( -80.61302080720842866, 35.31608741023876519, 137.5099573205669117 ) ) ;
#5154 = CARTESIAN_POINT ( 'NONE',  ( -12.14881548791400867, 91.68859593921416717, 48.68813989074339332 ) ) ;
#5155 = AXIS2_PLACEMENT_3D ( 'NONE', #1702, #3333, #3725 ) ;
#5156 = EDGE_LOOP ( 'NONE', ( #1479, #1304, #191, #2322 ) ) ;
ENDSEC;
END-ISO-10303-21;
